TIC_ID,P_true,A,P_LS,P_ACF,P_final,Flag,Recovered,Harmonic_FP,LS_Power,Mode
332049827,,0.0,5.157958687727815,4.833333333328937,5.157958687727815,Match,False,False,0.0012150022965602158,null
332049827,0.5,0.002,0.5020697811945579,1.4999999999986358,0.5020697811945579,Match,True,False,0.0017924032035792749,injected
332049827,0.5,0.005,0.5020697811945579,1.4999999999986358,0.5020697811945579,Match,True,False,0.004484323702984794,injected
332049827,0.5,0.01,0.5020697811945579,1.4999999999986358,0.5020697811945579,Match,True,False,0.008924325636758944,injected
332049827,0.5,0.02,0.5020697811945579,1.4999999999986358,0.5020697811945579,Match,True,False,0.017891918279982585,injected
332049827,1.0,0.002,1.0004713646005154,0.9999999999990905,1.0004713646005154,Match,True,False,0.0019855731098668374,injected
332049827,1.0,0.005,1.0004713646005154,0.9999999999990905,1.0004713646005154,Match,True,False,0.005007682170071294,injected
332049827,1.0,0.01,1.0004713646005154,0.9999999999990905,1.0004713646005154,Match,True,False,0.009879193572238458,injected
332049827,1.0,0.02,1.0004713646005154,0.9999999999990905,1.0004713646005154,Match,True,False,0.019697134543582403,injected
332049827,2.0,0.002,2.003303445021231,1.9166666666649235,2.003303445021231,Match,True,False,0.00195713064917169,injected
332049827,2.0,0.005,2.003303445021231,1.999999999998181,2.003303445021231,Match,True,False,0.004988784410405564,injected
332049827,2.0,0.01,2.003303445021231,1.999999999998181,2.003303445021231,Match,True,False,0.009990867555346115,injected
332049827,2.0,0.02,2.003303445021231,1.999999999998181,2.003303445021231,Match,True,False,0.019709058609306856,injected
332049827,3.0,0.002,2.9581881533100973,2.9999999999972715,2.9581881533100973,Match,True,False,0.0020031476295961593,injected
332049827,3.0,0.005,3.03431022158684,2.9999999999972715,3.03431022158684,Match,True,False,0.004962464473316346,injected
332049827,3.0,0.01,3.03431022158684,2.9999999999972715,3.03431022158684,Match,True,False,0.009829245595032579,injected
332049827,3.0,0.02,3.03431022158684,2.9999999999972715,3.03431022158684,Match,True,False,0.019555331119358706,injected
332049827,5.0,0.002,5.157958687727815,4.9999999999954525,5.157958687727815,Match,True,False,0.0030970004362013215,injected
332049827,5.0,0.005,4.941792782304995,4.833333333328937,4.941792782304995,Match,True,False,0.0038692327119805026,injected
332049827,5.0,0.01,4.941792782304995,4.9999999999954525,4.941792782304995,Match,True,False,0.009590297890429344,injected
332049827,5.0,0.02,4.941792782304995,4.916666666662195,4.941792782304995,Match,True,False,0.019328701909391916,injected
332049827,7.0,0.002,7.43432574430822,14.833333333319842,14.833333333319842,Harmonic_Corrected,False,True,0.00249155357763835,injected
332049827,7.0,0.005,6.993410214168028,6.8333333333271185,6.993410214168028,Match,True,False,0.005153535970682311,injected
332049827,7.0,0.01,6.993410214168028,6.916666666660376,6.993410214168028,Match,True,False,0.010157479903824354,injected
332049827,7.0,0.02,6.993410214168028,6.9999999999936335,6.993410214168028,Match,True,False,0.01865421691970949,injected
332049827,10.0,0.002,9.168466522678175,9.416666666658102,9.168466522678175,Match,True,False,0.0023405399347839126,injected
332049827,10.0,0.005,9.941451990632308,9.749999999991132,9.941451990632308,Match,True,False,0.0050922184981555966,injected
332049827,10.0,0.01,9.941451990632308,9.916666666657648,9.941451990632308,Match,True,False,0.010001557677568095,injected
332049827,10.0,0.02,9.941451990632308,9.749999999991132,9.941451990632308,Match,True,False,0.020003852527649933,injected
332049827,12.0,0.002,11.957746478873231,10.83333333332348,11.957746478873231,Match,True,False,0.0020769987983124305,injected
332049827,12.0,0.005,11.957746478873231,12.083333333322344,11.957746478873231,Match,True,False,0.005009065348878709,injected
332049827,12.0,0.01,11.957746478873231,12.083333333322344,11.957746478873231,Match,True,False,0.01011979817995227,injected
332049827,12.0,0.02,11.957746478873231,12.583333333321889,11.957746478873231,Match,True,False,0.01975545843564678,injected
332049827,14.0,0.002,13.307210031347958,13.91666666665401,13.307210031347958,Match,True,False,0.002002109119949055,injected
332049827,14.0,0.005,13.307210031347958,13.499999999987722,13.307210031347958,Match,True,False,0.005135645148820597,injected
332049827,14.0,0.01,15.0,13.24999999998795,15.0,Match,True,False,0.008819734935785856,injected
332049827,14.0,0.02,13.307210031347958,13.083333333321434,13.307210031347958,Match,True,False,0.016430990830903804,injected
219798074,,0.0,0.6273764258555117,,0.6273764258555117,LS_only,False,False,0.0010622243234151576,null
219798074,0.5,0.002,0.5011541732474778,,0.5011541732474778,LS_only,True,False,0.001875689913479457,injected
219798074,0.5,0.005,0.5011541732474778,1.999999999998181,0.5011541732474778,Match,True,False,0.004520284377535273,injected
219798074,0.5,0.01,0.5011541732474778,1.4999999999986358,0.5011541732474778,Match,True,False,0.009616969357732815,injected
219798074,0.5,0.02,0.5011541732474778,1.4999999999986358,0.5011541732474778,Match,True,False,0.018643154889973798,injected
219798074,1.0,0.002,0.9995153864792803,1.999999999998181,1.999999999998181,Harmonic_Corrected,False,True,0.0023928309699897867,injected
219798074,1.0,0.005,0.9995153864792803,0.916666666665833,0.9995153864792803,Match,True,False,0.0046587382149300555,injected
219798074,1.0,0.01,0.9995153864792803,0.9999999999990905,0.9995153864792803,Match,True,False,0.010337682800539217,injected
219798074,1.0,0.02,0.9995153864792803,0.9999999999990905,0.9995153864792803,Match,True,False,0.020136253305304674,injected
219798074,2.0,0.002,1.9879518072289113,1.999999999998181,1.9879518072289113,Match,True,False,0.0023899457247891723,injected
219798074,2.0,0.005,2.0230505149583085,1.999999999998181,2.0230505149583085,Match,True,False,0.004959656547777716,injected
219798074,2.0,0.01,1.9879518072289113,1.999999999998181,1.9879518072289113,Match,True,False,0.010254115991115939,injected
219798074,2.0,0.02,1.9879518072289113,1.999999999998181,1.9879518072289113,Match,True,False,0.020004493438618102,injected
219798074,3.0,0.002,2.9654924514737537,,2.9654924514737537,LS_only,True,False,0.0017201277765124038,injected
219798074,3.0,0.005,3.0442804428044217,2.9999999999972715,3.0442804428044217,Match,True,False,0.00543237501496804,injected
219798074,3.0,0.01,3.0442804428044217,2.9999999999972715,3.0442804428044217,Match,True,False,0.010359026127907591,injected
219798074,3.0,0.02,2.9654924514737537,2.916666666664014,2.9654924514737537,Match,True,False,0.019237782457942644,injected
219798074,5.0,0.002,5.061349693251525,,5.061349693251525,LS_only,True,False,0.0022535755357911613,injected
219798074,5.0,0.005,5.061349693251525,4.9999999999954525,5.061349693251525,Match,True,False,0.0046621002236210555,injected
219798074,5.0,0.01,5.061349693251525,4.9999999999954525,5.061349693251525,Match,True,False,0.010176200957310946,injected
219798074,5.0,0.02,5.061349693251525,4.916666666662195,5.061349693251525,Match,True,False,0.020797248656712716,injected
219798074,7.0,0.002,6.886477462437386,,6.886477462437386,LS_only,True,False,0.0020091755315424275,injected
219798074,7.0,0.005,6.886477462437386,6.8333333333271185,6.886477462437386,Match,True,False,0.005640947476404858,injected
219798074,7.0,0.01,6.886477462437386,6.8333333333271185,6.886477462437386,Match,True,False,0.01041152982751205,injected
219798074,7.0,0.02,6.886477462437386,6.916666666660376,6.886477462437386,Match,True,False,0.019931576607273134,injected
219798074,10.0,0.002,9.844868735083523,,9.844868735083523,LS_only,True,False,0.0015535497300311267,injected
219798074,10.0,0.005,9.844868735083523,1.2499999999988631,9.844868735083523,Match,True,False,0.0052136566043524705,injected
219798074,10.0,0.01,9.844868735083523,9.416666666658102,9.844868735083523,Match,True,False,0.010034538869758185,injected
219798074,10.0,0.02,9.844868735083523,9.583333333324617,9.844868735083523,Match,True,False,0.01967878570403505,injected
219798074,12.0,0.002,11.887608069164258,,11.887608069164258,LS_only,True,False,0.0019102228453933823,injected
219798074,12.0,0.005,11.887608069164258,1.2499999999988631,11.887608069164258,Match,True,False,0.004894831332798948,injected
219798074,12.0,0.01,11.887608069164258,11.416666666656283,11.887608069164258,Match,True,False,0.009112637183733181,injected
219798074,12.0,0.02,11.887608069164258,12.583333333321889,11.887608069164258,Match,True,False,0.018103532380775427,injected
219798074,14.0,0.002,15.0,,15.0,LS_only,True,False,0.0019718856737390754,injected
219798074,14.0,0.005,15.0,13.24999999998795,15.0,Match,True,False,0.003977575949284669,injected
219798074,14.0,0.01,13.263665594855302,13.24999999998795,13.263665594855302,Match,True,False,0.008380297875395338,injected
219798074,14.0,0.02,13.263665594855302,13.24999999998795,13.263665594855302,Match,True,False,0.02065829178548322,injected
353936060,,0.0,3.1363636363636314,,3.1363636363636314,LS_only,False,False,0.00020560232171914922,null
353936060,0.5,0.002,0.5007256894049337,1.4999999999986358,0.5007256894049337,Match,True,False,0.001964838122392697,injected
353936060,0.5,0.005,0.5007256894049337,1.4999999999986358,0.5007256894049337,Match,True,False,0.004776881057340651,injected
353936060,0.5,0.01,0.5007256894049337,1.4999999999986358,0.5007256894049337,Match,True,False,0.009580411897550737,injected
353936060,0.5,0.02,0.5007256894049337,1.4999999999986358,0.5007256894049337,Match,True,False,0.018973929040977687,injected
353936060,1.0,0.002,1.002906976744184,0.9999999999990905,1.002906976744184,Match,True,False,0.0020197977474150698,injected
353936060,1.0,0.005,1.002906976744184,0.9999999999990905,1.002906976744184,Match,True,False,0.004891889352781244,injected
353936060,1.0,0.01,1.002906976744184,0.9999999999990905,1.002906976744184,Match,True,False,0.009792581968030158,injected
353936060,1.0,0.02,1.002906976744184,0.9999999999990905,1.002906976744184,Match,True,False,0.019560210539929936,injected
353936060,2.0,0.002,1.9942196531791871,1.999999999998181,1.9942196531791871,Match,True,False,0.002005865187697397,injected
353936060,2.0,0.005,1.9942196531791871,1.999999999998181,1.9942196531791871,Match,True,False,0.004991396108989525,injected
353936060,2.0,0.01,1.9942196531791871,1.999999999998181,1.9942196531791871,Match,True,False,0.010066083346419698,injected
353936060,2.0,0.02,1.9942196531791871,1.999999999998181,1.9942196531791871,Match,True,False,0.02008974937281479,injected
353936060,3.0,0.002,2.9741379310344773,2.8333333333307564,2.9741379310344773,Match,True,False,0.0019906423557779322,injected
353936060,3.0,0.005,2.9741379310344773,2.9999999999972715,2.9741379310344773,Match,True,False,0.005032825205574887,injected
353936060,3.0,0.01,2.9741379310344773,2.9999999999972715,2.9741379310344773,Match,True,False,0.009765448385831358,injected
353936060,3.0,0.02,2.9741379310344773,2.9999999999972715,2.9741379310344773,Match,True,False,0.019894599407449053,injected
353936060,5.0,0.002,5.0735294117646985,4.916666666662195,5.0735294117646985,Match,True,False,0.0020334067791275986,injected
353936060,5.0,0.005,5.0735294117646985,4.916666666662195,5.0735294117646985,Match,True,False,0.005068804355589749,injected
353936060,5.0,0.01,5.0735294117646985,4.916666666662195,5.0735294117646985,Match,True,False,0.009809491782253928,injected
353936060,5.0,0.02,5.0735294117646985,4.916666666662195,5.0735294117646985,Match,True,False,0.020062128577342162,injected
353936060,7.0,0.002,6.8999999999999915,6.916666666660376,6.8999999999999915,Match,True,False,0.0020426207464483612,injected
353936060,7.0,0.005,6.8999999999999915,6.916666666660376,6.8999999999999915,Match,True,False,0.004790539683106036,injected
353936060,7.0,0.01,6.8999999999999915,6.916666666660376,6.8999999999999915,Match,True,False,0.0100614273214086,injected
353936060,7.0,0.02,6.8999999999999915,6.916666666660376,6.8999999999999915,Match,True,False,0.01948242842164904,injected
353936060,10.0,0.002,9.85714285714285,9.416666666658102,9.85714285714285,Match,True,False,0.0019699957591185406,injected
353936060,10.0,0.005,9.85714285714285,9.666666666657875,9.85714285714285,Match,True,False,0.0050658160771755775,injected
353936060,10.0,0.01,9.85714285714285,9.749999999991132,9.85714285714285,Match,True,False,0.010085620288964836,injected
353936060,10.0,0.02,9.85714285714285,9.749999999991132,9.85714285714285,Match,True,False,0.01999039266741868,injected
353936060,12.0,0.002,11.896551724137925,11.666666666656056,11.896551724137925,Match,True,False,0.0021185083058461564,injected
353936060,12.0,0.005,11.896551724137925,12.749999999988404,11.896551724137925,Match,True,False,0.00513671381440386,injected
353936060,12.0,0.01,11.896551724137925,12.749999999988404,11.896551724137925,Match,True,False,0.009039351691238543,injected
353936060,12.0,0.02,11.896551724137925,12.749999999988404,11.896551724137925,Match,True,False,0.01833359700279487,injected
353936060,14.0,0.002,13.269230769230766,13.166666666654692,13.269230769230766,Match,True,False,0.0016446028995405633,injected
353936060,14.0,0.005,13.269230769230766,13.24999999998795,13.269230769230766,Match,True,False,0.004192874478438946,injected
353936060,14.0,0.01,13.269230769230766,12.999999999988177,13.269230769230766,Match,True,False,0.0076831669216355985,injected
353936060,14.0,0.02,13.269230769230766,13.166666666654692,13.269230769230766,Match,True,False,0.01581321007209172,injected
428475704,,0.0,0.6400240384615363,1.2499999999988631,1.2499999999988631,Harmonic_Corrected,False,False,0.019946209886287907,null
428475704,0.5,0.002,0.6400240384615363,1.2499999999988631,1.2499999999988631,Harmonic_Corrected,False,False,0.01993367323851189,injected
428475704,0.5,0.005,0.6400240384615363,0.5833333333328028,0.6400240384615363,Match,False,False,0.01990814603117067,injected
428475704,0.5,0.01,0.6400240384615363,0.5833333333328028,0.6400240384615363,Match,False,False,0.019920758748084827,injected
428475704,0.5,0.02,0.6400240384615363,0.5833333333328028,0.6400240384615363,Match,False,False,0.019987639366761182,injected
428475704,1.0,0.002,0.6400240384615363,1.2499999999988631,1.2499999999988631,Harmonic_Corrected,False,False,0.01993898996618139,injected
428475704,1.0,0.005,0.6400240384615363,1.2499999999988631,1.2499999999988631,Harmonic_Corrected,False,False,0.019953241500677277,injected
428475704,1.0,0.01,0.6400240384615363,0.6666666666660603,0.6400240384615363,Match,False,False,0.01988816947840399,injected
428475704,1.0,0.02,1.0037700282752087,1.9166666666649235,1.9166666666649235,Harmonic_Corrected,False,True,0.02131858160905209,injected
428475704,2.0,0.002,0.6400240384615363,1.2499999999988631,1.2499999999988631,Harmonic_Corrected,False,False,0.019897536322418793,injected
428475704,2.0,0.005,0.6400240384615363,1.2499999999988631,1.2499999999988631,Harmonic_Corrected,False,False,0.019952337753426527,injected
428475704,2.0,0.01,0.6400240384615363,0.5833333333328028,0.6400240384615363,Match,False,False,0.020060509279157892,injected
428475704,2.0,0.02,2.009433962264145,1.9166666666649235,2.009433962264145,Match,True,False,0.02081347262789952,injected
428475704,3.0,0.002,0.6400240384615363,1.2499999999988631,1.2499999999988631,Harmonic_Corrected,False,False,0.01998890864870527,injected
428475704,3.0,0.005,0.6400240384615363,1.2499999999988631,1.2499999999988631,Harmonic_Corrected,False,False,0.019982581174300525,injected
428475704,3.0,0.01,0.6400240384615363,0.5833333333328028,0.6400240384615363,Match,False,False,0.019755834318641963,injected
428475704,3.0,0.02,3.0428571428571343,0.5833333333328028,3.0428571428571343,Match,True,False,0.021285642338153436,injected
428475704,5.0,0.002,0.6400240384615363,1.2499999999988631,1.2499999999988631,Harmonic_Corrected,False,False,0.019980819917217323,injected
428475704,5.0,0.005,0.6400240384615363,0.6666666666660603,0.6400240384615363,Match,False,False,0.019882398696956016,injected
428475704,5.0,0.01,0.6400240384615363,0.6666666666660603,0.6400240384615363,Match,False,False,0.01991535261019029,injected
428475704,5.0,0.02,0.6400240384615363,0.5833333333328028,0.6400240384615363,Match,False,False,0.02022116756730056,injected
428475704,7.0,0.002,0.6400240384615363,1.2499999999988631,1.2499999999988631,Harmonic_Corrected,False,False,0.020002662625138785,injected
428475704,7.0,0.005,0.6400240384615363,1.2499999999988631,1.2499999999988631,Harmonic_Corrected,False,False,0.020092465636713675,injected
428475704,7.0,0.01,0.6400240384615363,1.2499999999988631,1.2499999999988631,Harmonic_Corrected,False,False,0.019925158996757723,injected
428475704,7.0,0.02,6.614906832298122,0.5833333333328028,6.614906832298122,Match,True,False,0.024766649369409588,injected
428475704,10.0,0.002,0.6400240384615363,1.2499999999988631,1.2499999999988631,Harmonic_Corrected,False,False,0.01998960082820412,injected
428475704,10.0,0.005,0.6400240384615363,1.2499999999988631,1.2499999999988631,Harmonic_Corrected,False,False,0.020046942716027354,injected
428475704,10.0,0.01,0.6400240384615363,0.6666666666660603,0.6400240384615363,Match,False,False,0.019936249797143753,injected
428475704,10.0,0.02,9.95327102803737,0.5833333333328028,9.95327102803737,Match,True,False,0.024084262459240797,injected
428475704,12.0,0.002,0.6400240384615363,1.2499999999988631,1.2499999999988631,Harmonic_Corrected,False,False,0.019982458522039934,injected
428475704,12.0,0.005,0.6400240384615363,1.2499999999988631,1.2499999999988631,Harmonic_Corrected,False,False,0.019863592446098078,injected
428475704,12.0,0.01,0.6400240384615363,0.6666666666660603,0.6400240384615363,Match,False,False,0.01978255258219303,injected
428475704,12.0,0.02,11.966292134831452,0.5833333333328028,11.966292134831452,Match,True,False,0.0208212155265553,injected
428475704,14.0,0.002,0.6400240384615363,1.2499999999988631,1.2499999999988631,Harmonic_Corrected,False,False,0.020009392256094393,injected
428475704,14.0,0.005,0.6400240384615363,1.2499999999988631,1.2499999999988631,Harmonic_Corrected,False,False,0.01986146105881502,injected
428475704,14.0,0.01,0.6400240384615363,0.6666666666660603,0.6400240384615363,Match,False,False,0.019737683845847558,injected
428475704,14.0,0.02,0.6400240384615363,0.5833333333328028,0.6400240384615363,Match,False,False,0.02010046709924821,injected
256929683,,0.0,7.867924528301877,,7.867924528301877,LS_only,False,False,0.0005001867073296892,null
256929683,0.5,0.002,0.5020467132193581,1.4999999999986358,0.5020467132193581,Match,True,False,0.0017799394269975238,injected
256929683,0.5,0.005,0.5020467132193581,1.4999999999986358,0.5020467132193581,Match,True,False,0.004530697439180472,injected
256929683,0.5,0.01,0.5020467132193581,1.4999999999986358,0.5020467132193581,Match,True,False,0.008968762157672566,injected
256929683,0.5,0.02,0.5020467132193581,1.4999999999986358,0.5020467132193581,Match,True,False,0.018012692142459208,injected
256929683,1.0,0.002,1.0009601536245774,0.9999999999990905,1.0009601536245774,Match,True,False,0.0021614153136203613,injected
256929683,1.0,0.005,1.0009601536245774,0.9999999999990905,1.0009601536245774,Match,True,False,0.004943619055721578,injected
256929683,1.0,0.01,1.0009601536245774,0.9999999999990905,1.0009601536245774,Match,True,False,0.009900428410695803,injected
256929683,1.0,0.02,1.0009601536245774,0.9999999999990905,1.0009601536245774,Match,True,False,0.01962633605064228,injected
256929683,2.0,0.002,2.0067372473532195,1.9166666666649235,2.0067372473532195,Match,True,False,0.0018991181363573158,injected
256929683,2.0,0.005,2.0067372473532195,1.999999999998181,2.0067372473532195,Match,True,False,0.005274160353201184,injected
256929683,2.0,0.01,2.0067372473532195,1.999999999998181,2.0067372473532195,Match,True,False,0.009758748571459766,injected
256929683,2.0,0.02,2.0067372473532195,1.999999999998181,2.0067372473532195,Match,True,False,0.019886791265847487,injected
256929683,3.0,0.002,2.991391678622662,2.9999999999972715,2.991391678622662,Match,True,False,0.0018609131663883827,injected
256929683,3.0,0.005,2.991391678622662,2.9999999999972715,2.991391678622662,Match,True,False,0.005114008872125472,injected
256929683,3.0,0.01,2.991391678622662,2.9999999999972715,2.991391678622662,Match,True,False,0.010121128962615203,injected
256929683,3.0,0.02,2.991391678622662,2.9999999999972715,2.991391678622662,Match,True,False,0.020174562575193202,injected
256929683,5.0,0.002,5.097799511002436,5.249999999995225,5.097799511002436,Match,True,False,0.0018847358363701888,injected
256929683,5.0,0.005,5.097799511002436,4.9999999999954525,5.097799511002436,Match,True,False,0.00483851762200181,injected
256929683,5.0,0.01,5.097799511002436,4.916666666662195,5.097799511002436,Match,True,False,0.009917354004515001,injected
256929683,5.0,0.02,5.097799511002436,4.9999999999954525,5.097799511002436,Match,True,False,0.01950645320533895,injected
256929683,7.0,0.002,6.926910299003312,6.8333333333271185,6.926910299003312,Match,True,False,0.0017965147106065982,injected
256929683,7.0,0.005,6.926910299003312,6.8333333333271185,6.926910299003312,Match,True,False,0.004734481875117934,injected
256929683,7.0,0.01,6.926910299003312,6.916666666660376,6.926910299003312,Match,True,False,0.009574483304960201,injected
256929683,7.0,0.02,6.926910299003312,6.8333333333271185,6.926910299003312,Match,True,False,0.019586008107904458,injected
256929683,10.0,0.002,10.803108808290148,9.83333333332439,10.803108808290148,Match,True,False,0.0022326582016876997,injected
256929683,10.0,0.005,9.881516587677716,9.583333333324617,9.881516587677716,Match,True,False,0.005151503765201934,injected
256929683,10.0,0.01,9.881516587677716,9.583333333324617,9.881516587677716,Match,True,False,0.010079813073000446,injected
256929683,10.0,0.02,9.881516587677716,9.666666666657875,9.881516587677716,Match,True,False,0.019641110265843087,injected
256929683,12.0,0.002,11.914285714285707,10.916666666656738,11.914285714285707,Match,True,False,0.002040861840701565,injected
256929683,12.0,0.005,11.914285714285707,12.666666666655146,11.914285714285707,Match,True,False,0.005579873747753588,injected
256929683,12.0,0.01,11.914285714285707,12.749999999988404,11.914285714285707,Match,True,False,0.009676802911918352,injected
256929683,12.0,0.02,11.914285714285707,12.749999999988404,11.914285714285707,Match,True,False,0.01852105498308004,injected
256929683,14.0,0.002,13.28025477707006,13.24999999998795,13.28025477707006,Match,True,False,0.0018455254564382342,injected
256929683,14.0,0.005,15.0,13.499999999987722,15.0,Match,True,False,0.004467925340065737,injected
256929683,14.0,0.01,13.28025477707006,13.499999999987722,13.28025477707006,Match,True,False,0.011054235858634973,injected
256929683,14.0,0.02,13.28025477707006,13.166666666654692,13.28025477707006,Match,True,False,0.017420870776011895,injected
356701213,,0.0,8.849658314350789,1.3333333333321207,8.849658314350789,Match,False,False,0.0008510442819739287,null
356701213,0.5,0.002,0.5014844455918409,1.4999999999986358,0.5014844455918409,Match,True,False,0.001951532587298236,injected
356701213,0.5,0.005,0.5014844455918409,1.4999999999986358,0.5014844455918409,Match,True,False,0.004550060010878815,injected
356701213,0.5,0.01,0.5014844455918409,1.4999999999986358,0.5014844455918409,Match,True,False,0.009274059602215518,injected
356701213,0.5,0.02,0.5014844455918409,1.4999999999986358,0.5014844455918409,Match,True,False,0.01840209291474975,injected
356701213,1.0,0.002,0.9974326059050044,0.9999999999990905,0.9974326059050044,Match,True,False,0.0020141623578343675,injected
356701213,1.0,0.005,0.9974326059050044,0.9999999999990905,0.9974326059050044,Match,True,False,0.0048635333833297306,injected
356701213,1.0,0.01,0.9974326059050044,0.9999999999990905,0.9974326059050044,Match,True,False,0.00998563612902771,injected
356701213,1.0,0.02,0.9974326059050044,0.9999999999990905,0.9974326059050044,Match,True,False,0.019641229268349675,injected
356701213,2.0,0.002,1.9912865197334664,1.9166666666649235,1.9912865197334664,Match,True,False,0.002175451069944226,injected
356701213,2.0,0.005,1.9912865197334664,1.999999999998181,1.9912865197334664,Match,True,False,0.005298193873001126,injected
356701213,2.0,0.01,1.9912865197334664,1.999999999998181,1.9912865197334664,Match,True,False,0.00974936239263018,injected
356701213,2.0,0.02,1.9912865197334664,1.999999999998181,1.9912865197334664,Match,True,False,0.019578667476012522,injected
356701213,3.0,0.002,3.0662983425414314,2.9999999999972715,3.0662983425414314,Match,True,False,0.0019228020485949043,injected
356701213,3.0,0.005,2.981580966999227,2.9999999999972715,2.981580966999227,Match,True,False,0.0052214555226072264,injected
356701213,3.0,0.01,2.981580966999227,2.9999999999972715,2.981580966999227,Match,True,False,0.009664127857453792,injected
356701213,3.0,0.02,2.981580966999227,2.9999999999972715,2.981580966999227,Match,True,False,0.020266420348144774,injected
356701213,5.0,0.002,4.862327909887352,4.583333333329165,4.862327909887352,Match,True,False,0.0021354419270678674,injected
356701213,5.0,0.005,5.091743119266048,4.9999999999954525,5.091743119266048,Match,True,False,0.0056092938165099296,injected
356701213,5.0,0.01,5.091743119266048,4.916666666662195,5.091743119266048,Match,True,False,0.009710103288136089,injected
356701213,5.0,0.02,5.091743119266048,4.9999999999954525,5.091743119266048,Match,True,False,0.019913282834618896,injected
356701213,7.0,0.002,7.602739726027388,7.416666666659921,7.602739726027388,Match,True,False,0.0020109365278284824,injected
356701213,7.0,0.005,7.102376599634362,7.083333333326891,7.102376599634362,Match,True,False,0.0050316143315399155,injected
356701213,7.0,0.01,7.102376599634362,6.8333333333271185,7.102376599634362,Match,True,False,0.009898139637011529,injected
356701213,7.0,0.02,7.102376599634362,6.666666666660603,7.102376599634362,Match,True,False,0.01942741927240335,injected
356701213,10.0,0.002,10.585831062670293,,10.585831062670293,LS_only,True,False,0.0024184630592637814,injected
356701213,10.0,0.005,10.585831062670293,19.166666666649235,19.166666666649235,Harmonic_Corrected,False,True,0.005661648701076237,injected
356701213,10.0,0.01,9.640198511166245,10.583333333323708,9.640198511166245,Match,True,False,0.009734385005194064,injected
356701213,10.0,0.02,10.585831062670293,10.666666666656965,10.585831062670293,Match,True,False,0.018923638909197543,injected
356701213,12.0,0.002,10.585831062670293,10.999999999989996,10.585831062670293,Match,False,False,0.0013355442375319305,injected
356701213,12.0,0.005,11.737160120845916,12.499999999988631,11.737160120845916,Match,True,False,0.003544149816453725,injected
356701213,12.0,0.01,11.737160120845916,12.499999999988631,11.737160120845916,Match,True,False,0.008677748023232297,injected
356701213,12.0,0.02,11.737160120845916,12.416666666655374,11.737160120845916,Match,True,False,0.021171339571419336,injected
356701213,14.0,0.002,11.737160120845916,12.166666666655601,11.737160120845916,Match,False,False,0.0018262888247707336,injected
356701213,14.0,0.005,13.169491525423725,12.833333333321661,13.169491525423725,Match,True,False,0.004777682852354969,injected
356701213,14.0,0.01,13.169491525423725,6.9999999999936335,6.9999999999936335,Subharmonic_Corrected,False,True,0.006540572671889511,injected
356701213,14.0,0.02,15.0,13.24999999998795,15.0,Match,True,False,0.013034370365874575,injected
356735146,,0.0,13.193979933110366,1.2499999999988631,13.193979933110366,Match,False,False,0.00027246283179095275,null
356735146,0.5,0.002,0.5019722611019206,1.4999999999986358,0.5019722611019206,Match,True,False,0.0017917647153705958,injected
356735146,0.5,0.005,0.5019722611019206,1.4999999999986358,0.5019722611019206,Match,True,False,0.004527858418471172,injected
356735146,0.5,0.01,0.5019722611019206,1.4999999999986358,0.5019722611019206,Match,True,False,0.009025655302175263,injected
356735146,0.5,0.02,0.5019722611019206,1.4999999999986358,0.5019722611019206,Match,True,False,0.018088565710135753,injected
356735146,1.0,0.002,1.0025412960609896,0.9999999999990905,1.0025412960609896,Match,True,False,0.0019618570083286555,injected
356735146,1.0,0.005,1.0025412960609896,0.9999999999990905,1.0025412960609896,Match,True,False,0.004945782908962941,injected
356735146,1.0,0.01,1.0025412960609896,0.9999999999990905,1.0025412960609896,Match,True,False,0.009712782806156792,injected
356735146,1.0,0.02,1.0025412960609896,0.9999999999990905,1.0025412960609896,Match,True,False,0.019576641818533632,injected
356735146,2.0,0.002,1.9814163736815644,1.999999999998181,1.9814163736815644,Match,True,False,0.001908832768703335,injected
356735146,2.0,0.005,2.01790281329923,1.999999999998181,2.01790281329923,Match,True,False,0.004937667801400761,injected
356735146,2.0,0.01,2.01790281329923,1.999999999998181,2.01790281329923,Match,True,False,0.009833958934517956,injected
356735146,2.0,0.02,2.01790281329923,1.999999999998181,2.01790281329923,Match,True,False,0.019398257438581656,injected
356735146,3.0,0.002,3.0183626625860716,2.9999999999972715,3.0183626625860716,Match,True,False,0.0019962110885744975,injected
356735146,3.0,0.005,3.0183626625860716,2.916666666664014,3.0183626625860716,Match,True,False,0.004991681139356709,injected
356735146,3.0,0.01,3.0183626625860716,2.9999999999972715,3.0183626625860716,Match,True,False,0.009937532661293935,injected
356735146,3.0,0.02,3.0183626625860716,2.916666666664014,3.0183626625860716,Match,True,False,0.019903229459880507,injected
356735146,5.0,0.002,4.912826899128264,4.74999999999568,4.912826899128264,Match,True,False,0.0018805450762514396,injected
356735146,5.0,0.005,4.912826899128264,4.916666666662195,4.912826899128264,Match,True,False,0.004886902144337643,injected
356735146,5.0,0.01,4.912826899128264,4.9999999999954525,4.912826899128264,Match,True,False,0.010126360306310865,injected
356735146,5.0,0.02,4.912826899128264,4.9999999999954525,4.912826899128264,Match,True,False,0.020131530948987845,injected
356735146,7.0,0.002,6.720613287904594,6.666666666660603,6.720613287904594,Match,True,False,0.0017474889674750835,injected
356735146,7.0,0.005,7.159709618874768,13.91666666665401,13.91666666665401,Harmonic_Corrected,False,True,0.004956550460556354,injected
356735146,7.0,0.01,7.159709618874768,6.8333333333271185,7.159709618874768,Match,True,False,0.009417269450461742,injected
356735146,7.0,0.02,7.159709618874768,6.916666666660376,7.159709618874768,Match,True,False,0.018973393808417036,injected
356735146,10.0,0.002,9.692874692874687,8.8333333333253,9.692874692874687,Match,True,False,0.001953927700374216,injected
356735146,10.0,0.005,9.692874692874687,10.333333333323935,9.692874692874687,Match,True,False,0.004984174077496787,injected
356735146,10.0,0.01,9.692874692874687,10.49999999999045,9.692874692874687,Match,True,False,0.009760025501330075,injected
356735146,10.0,0.02,9.692874692874687,10.583333333323708,9.692874692874687,Match,True,False,0.019476062128436097,injected
356735146,12.0,0.002,11.77611940298507,12.749999999988404,11.77611940298507,Match,True,False,0.0021209401501544258,injected
356735146,12.0,0.005,11.77611940298507,12.749999999988404,11.77611940298507,Match,True,False,0.004450505790648548,injected
356735146,12.0,0.01,11.77611940298507,12.583333333321889,11.77611940298507,Match,True,False,0.011105301057208382,injected
356735146,12.0,0.02,11.77611940298507,12.083333333322344,11.77611940298507,Match,True,False,0.021107015207312795,injected
356735146,14.0,0.002,13.193979933110366,13.24999999998795,13.193979933110366,Match,True,False,0.0023975232675467906,injected
356735146,14.0,0.005,13.193979933110366,13.166666666654692,13.193979933110366,Match,True,False,0.005594208208461543,injected
356735146,14.0,0.01,13.193979933110366,13.166666666654692,13.193979933110366,Match,True,False,0.009493958409586356,injected
356735146,14.0,0.02,13.193979933110366,13.083333333321434,13.193979933110366,Match,True,False,0.019698427995066846,injected
198210511,,0.0,0.9875060067275329,,0.9875060067275329,LS_only,False,False,0.00036309905774176376,null
198210511,0.5,0.002,0.5015865267268722,1.4999999999986358,0.5015865267268722,Match,True,False,0.0018178787468055028,injected
198210511,0.5,0.005,0.5015865267268722,1.4999999999986358,0.5015865267268722,Match,True,False,0.004606929377009268,injected
198210511,0.5,0.01,0.5015865267268722,1.4999999999986358,0.5015865267268722,Match,True,False,0.009272112643379939,injected
198210511,0.5,0.02,0.5015865267268722,1.4999999999986358,0.5015865267268722,Match,True,False,0.018414234644324724,injected
198210511,1.0,0.002,0.9961221522055237,0.9999999999990905,0.9961221522055237,Match,True,False,0.0018873925402544715,injected
198210511,1.0,0.005,1.0048899755501202,0.9999999999990905,1.0048899755501202,Match,True,False,0.00452710840807267,injected
198210511,1.0,0.01,0.9961221522055237,0.9999999999990905,0.9961221522055237,Match,True,False,0.009790258461510699,injected
198210511,1.0,0.02,0.9961221522055237,0.9999999999990905,0.9961221522055237,Match,True,False,0.019724262131331497,injected
198210511,2.0,0.002,2.016683022571144,1.999999999998181,2.016683022571144,Match,True,False,0.0020056229031015665,injected
198210511,2.0,0.005,2.016683022571144,1.999999999998181,2.016683022571144,Match,True,False,0.004980320934417598,injected
198210511,2.0,0.01,2.016683022571144,1.999999999998181,2.016683022571144,Match,True,False,0.009780802635216808,injected
198210511,2.0,0.02,2.016683022571144,1.999999999998181,2.016683022571144,Match,True,False,0.019663989608639517,injected
198210511,3.0,0.002,2.9568345323740957,2.9999999999972715,2.9568345323740957,Match,True,False,0.0020752396038891934,injected
198210511,3.0,0.005,3.035450516986701,2.916666666664014,3.035450516986701,Match,True,False,0.004834998436871093,injected
198210511,3.0,0.01,3.035450516986701,2.9999999999972715,3.035450516986701,Match,True,False,0.009849337588524871,injected
198210511,3.0,0.02,3.035450516986701,2.9999999999972715,3.035450516986701,Match,True,False,0.01949606872694326,injected
198210511,5.0,0.002,5.049140049140043,4.9999999999954525,5.049140049140043,Match,True,False,0.002033443432335588,injected
198210511,5.0,0.005,5.049140049140043,4.9999999999954525,5.049140049140043,Match,True,False,0.005057709815915401,injected
198210511,5.0,0.01,5.049140049140043,4.9999999999954525,5.049140049140043,Match,True,False,0.009918977219234345,injected
198210511,5.0,0.02,5.049140049140043,4.916666666662195,5.049140049140043,Match,True,False,0.01996116536125337,injected
198210511,7.0,0.002,6.872909698996647,6.749999999993861,6.872909698996647,Match,True,False,0.00206023486988245,injected
198210511,7.0,0.005,6.872909698996647,6.749999999993861,6.872909698996647,Match,True,False,0.004974419784593283,injected
198210511,7.0,0.01,6.872909698996647,7.083333333326891,6.872909698996647,Match,True,False,0.009545220138540193,injected
198210511,7.0,0.02,6.872909698996647,6.916666666660376,6.872909698996647,Match,True,False,0.01911411778304894,injected
198210511,10.0,0.002,9.832535885167456,1.4166666666653782,9.832535885167456,Match,True,False,0.0019717576884848266,injected
198210511,10.0,0.005,9.832535885167456,9.83333333332439,9.832535885167456,Match,True,False,0.005015497574041619,injected
198210511,10.0,0.01,9.832535885167456,9.583333333324617,9.832535885167456,Match,True,False,0.010079433490649664,injected
198210511,10.0,0.02,9.832535885167456,10.416666666657193,9.832535885167456,Match,True,False,0.020034929324262814,injected
198210511,12.0,0.002,11.878612716763,1.4166666666653782,11.878612716763,Match,True,False,0.0017026543166394252,injected
198210511,12.0,0.005,11.878612716763,11.916666666655829,11.878612716763,Match,True,False,0.004748954136742497,injected
198210511,12.0,0.01,11.878612716763,12.749999999988404,11.878612716763,Match,True,False,0.008996374969002244,injected
198210511,12.0,0.02,11.878612716763,12.083333333322344,11.878612716763,Match,True,False,0.020767536856723567,injected
198210511,14.0,0.002,13.258064516129028,1.4166666666653782,13.258064516129028,Match,True,False,0.0014891960975324935,injected
198210511,14.0,0.005,13.258064516129028,13.333333333321207,13.258064516129028,Match,True,False,0.004173077024289255,injected
198210511,14.0,0.01,13.258064516129028,13.083333333321434,13.258064516129028,Match,True,False,0.008966165915304644,injected
198210511,14.0,0.02,13.258064516129028,13.333333333321207,13.258064516129028,Match,True,False,0.021195522472027547,injected
397795649,,0.0,4.559613319011805,0.5833333333328028,4.559613319011805,Match,False,False,0.0003616910515382092,null
397795649,0.5,0.002,0.5020697811945579,1.4999999999986358,0.5020697811945579,Match,True,False,0.0017977633314784755,injected
397795649,0.5,0.005,0.5020697811945579,1.4999999999986358,0.5020697811945579,Match,True,False,0.004479253749278275,injected
397795649,0.5,0.01,0.5020697811945579,1.4999999999986358,0.5020697811945579,Match,True,False,0.008957834917732133,injected
397795649,0.5,0.02,0.5020697811945579,1.4999999999986358,0.5020697811945579,Match,True,False,0.01793732351564696,injected
397795649,1.0,0.002,1.0004713646005154,0.9999999999990905,1.0004713646005154,Match,True,False,0.001932864088167833,injected
397795649,1.0,0.005,1.0004713646005154,0.9999999999990905,1.0004713646005154,Match,True,False,0.004955066309788124,injected
397795649,1.0,0.01,1.0004713646005154,0.9999999999990905,1.0004713646005154,Match,True,False,0.009896570870936804,injected
397795649,1.0,0.02,1.0004713646005154,0.9999999999990905,1.0004713646005154,Match,True,False,0.01975026368871755,injected
397795649,2.0,0.002,2.003303445021231,1.999999999998181,2.003303445021231,Match,True,False,0.0021460237263536595,injected
397795649,2.0,0.005,2.003303445021231,1.999999999998181,2.003303445021231,Match,True,False,0.005132166837544279,injected
397795649,2.0,0.01,2.003303445021231,1.999999999998181,2.003303445021231,Match,True,False,0.010089201380964042,injected
397795649,2.0,0.02,2.003303445021231,1.999999999998181,2.003303445021231,Match,True,False,0.02011735481078744,injected
397795649,3.0,0.002,3.03431022158684,2.9999999999972715,3.03431022158684,Match,True,False,0.0019534239328742016,injected
397795649,3.0,0.005,2.9581881533100973,2.9999999999972715,2.9581881533100973,Match,True,False,0.004952245735948039,injected
397795649,3.0,0.01,3.03431022158684,2.9999999999972715,3.03431022158684,Match,True,False,0.009896981343613196,injected
397795649,3.0,0.02,3.03431022158684,2.9999999999972715,3.03431022158684,Match,True,False,0.019574057349088132,injected
397795649,5.0,0.002,4.941792782304995,4.833333333328937,4.941792782304995,Match,True,False,0.002326109083729807,injected
397795649,5.0,0.005,4.941792782304995,4.9999999999954525,4.941792782304995,Match,True,False,0.004774304945315462,injected
397795649,5.0,0.01,4.941792782304995,4.916666666662195,4.941792782304995,Match,True,False,0.009746836904186304,injected
397795649,5.0,0.02,4.941792782304995,4.9999999999954525,4.941792782304995,Match,True,False,0.01955149777378357,injected
397795649,7.0,0.002,6.993410214168028,6.749999999993861,6.993410214168028,Match,True,False,0.0017583409904727643,injected
397795649,7.0,0.005,6.993410214168028,6.8333333333271185,6.993410214168028,Match,True,False,0.004619361119598512,injected
397795649,7.0,0.01,6.993410214168028,6.916666666660376,6.993410214168028,Match,True,False,0.009993574070754132,injected
397795649,7.0,0.02,6.993410214168028,6.916666666660376,6.993410214168028,Match,True,False,0.019899650097061024,injected
397795649,10.0,0.002,9.941451990632308,9.749999999991132,9.941451990632308,Match,True,False,0.0020665674214639367,injected
397795649,10.0,0.005,9.941451990632308,9.83333333332439,9.941451990632308,Match,True,False,0.0049945248876553825,injected
397795649,10.0,0.01,9.941451990632308,9.749999999991132,9.941451990632308,Match,True,False,0.009876757770718204,injected
397795649,10.0,0.02,9.941451990632308,9.916666666657648,9.941451990632308,Match,True,False,0.019783429784969022,injected
397795649,12.0,0.002,11.957746478873231,12.749999999988404,11.957746478873231,Match,True,False,0.0022233012379413823,injected
397795649,12.0,0.005,11.957746478873231,12.083333333322344,11.957746478873231,Match,True,False,0.0049553159429416346,injected
397795649,12.0,0.01,11.957746478873231,12.083333333322344,11.957746478873231,Match,True,False,0.010182424807978561,injected
397795649,12.0,0.02,11.957746478873231,12.083333333322344,11.957746478873231,Match,True,False,0.020798951284959486,injected
397795649,14.0,0.002,15.0,12.749999999988404,15.0,Match,True,False,0.0017008249698929848,injected
397795649,14.0,0.005,15.0,13.083333333321434,15.0,Match,True,False,0.004033831169816894,injected
397795649,14.0,0.01,13.307210031347958,13.333333333321207,13.307210031347958,Match,True,False,0.009540323871270202,injected
397795649,14.0,0.02,13.307210031347958,13.166666666654692,13.307210031347958,Match,True,False,0.018533141415386388,injected
390327926,,0.0,10.846153846153838,,10.846153846153838,LS_only,False,False,0.00063113381513468,null
390327926,0.5,0.002,0.500354861603973,1.4999999999986358,0.500354861603973,Match,True,False,0.0019510220412473774,injected
390327926,0.5,0.005,0.500354861603973,1.4999999999986358,0.500354861603973,Match,True,False,0.00479305360559379,injected
390327926,0.5,0.01,0.500354861603973,1.4999999999986358,0.500354861603973,Match,True,False,0.009697531386929397,injected
390327926,0.5,0.02,0.500354861603973,1.4999999999986358,0.500354861603973,Match,True,False,0.019148823849353073,injected
390327926,1.0,0.002,0.9971711456859943,0.9999999999990905,0.9971711456859943,Match,True,False,0.001827808765292927,injected
390327926,1.0,0.005,0.9971711456859943,0.9999999999990905,0.9971711456859943,Match,True,False,0.004939357668888481,injected
390327926,1.0,0.01,0.9971711456859943,0.9999999999990905,0.9971711456859943,Match,True,False,0.009631184081541441,injected
390327926,1.0,0.02,0.9971711456859943,0.9999999999990905,0.9971711456859943,Match,True,False,0.019831559022337335,injected
390327926,2.0,0.002,1.9971671388101928,1.999999999998181,1.9971671388101928,Match,True,False,0.0017397614622812357,injected
390327926,2.0,0.005,1.9971671388101928,1.999999999998181,1.9971671388101928,Match,True,False,0.004788845262711376,injected
390327926,2.0,0.01,1.9971671388101928,1.999999999998181,1.9971671388101928,Match,True,False,0.009923437610793676,injected
390327926,2.0,0.02,1.9971671388101928,1.999999999998181,1.9971671388101928,Match,True,False,0.020030677112166304,injected
390327926,3.0,0.002,3.025751072961366,2.8333333333307564,3.025751072961366,Match,True,False,0.0024880093682529973,injected
390327926,3.0,0.005,3.025751072961366,2.916666666664014,3.025751072961366,Match,True,False,0.004770735761450318,injected
390327926,3.0,0.01,3.025751072961366,2.9999999999972715,3.025751072961366,Match,True,False,0.009764775991438377,injected
390327926,3.0,0.02,3.025751072961366,2.9999999999972715,3.025751072961366,Match,True,False,0.01966638583081138,injected
390327926,5.0,0.002,4.93006993006992,5.249999999995225,4.93006993006992,Match,True,False,0.0020449641367913615,injected
390327926,5.0,0.005,4.93006993006992,5.08333333332871,4.93006993006992,Match,True,False,0.004943414508824649,injected
390327926,5.0,0.01,4.93006993006992,4.9999999999954525,4.93006993006992,Match,True,False,0.009812474302694822,injected
390327926,5.0,0.02,4.93006993006992,4.9999999999954525,4.93006993006992,Match,True,False,0.019847245978138278,injected
390327926,7.0,0.002,6.980198019801969,6.666666666660603,6.980198019801969,Match,True,False,0.002207047215370574,injected
390327926,7.0,0.005,6.980198019801969,6.666666666660603,6.980198019801969,Match,True,False,0.005363277055051131,injected
390327926,7.0,0.01,6.980198019801969,6.8333333333271185,6.980198019801969,Match,True,False,0.009853693373800836,injected
390327926,7.0,0.02,6.980198019801969,6.916666666660376,6.980198019801969,Match,True,False,0.018866276649185318,injected
390327926,10.0,0.002,9.929577464788721,9.49999999999136,9.929577464788721,Match,True,False,0.002362633686516412,injected
390327926,10.0,0.005,9.929577464788721,1.4999999999986358,9.929577464788721,Match,True,False,0.004490729142247089,injected
390327926,10.0,0.01,9.929577464788721,10.416666666657193,9.929577464788721,Match,True,False,0.009727083003776914,injected
390327926,10.0,0.02,9.929577464788721,9.916666666657648,9.929577464788721,Match,True,False,0.020258070898137904,injected
390327926,12.0,0.002,11.949152542372873,0.7499999999993179,11.949152542372873,Match,True,False,0.0014318150826939254,injected
390327926,12.0,0.005,11.949152542372873,11.333333333323026,11.949152542372873,Match,True,False,0.0056517408794218476,injected
390327926,12.0,0.01,11.949152542372873,12.499999999988631,11.949152542372873,Match,True,False,0.009985867804037062,injected
390327926,12.0,0.02,11.949152542372873,12.499999999988631,11.949152542372873,Match,True,False,0.020035196418758096,injected
390327926,14.0,0.002,13.301886792452827,12.499999999988631,13.301886792452827,Match,True,False,0.0018272482894383664,injected
390327926,14.0,0.005,15.0,13.416666666654464,15.0,Match,True,False,0.003960025019143356,injected
390327926,14.0,0.01,15.0,13.166666666654692,15.0,Match,True,False,0.010370990347122909,injected
390327926,14.0,0.02,13.301886792452827,13.166666666654692,13.301886792452827,Match,True,False,0.016471134158574735,injected
453226699,,0.0,11.957746478873231,,11.957746478873231,LS_only,False,False,0.0008423498658835089,null
453226699,0.5,0.002,0.5020697811945579,0.9999999999990905,0.9999999999990905,Harmonic_Corrected,False,True,0.0014785421178729842,injected
453226699,0.5,0.005,0.5020697811945579,1.4999999999986358,0.5020697811945579,Match,True,False,0.004732636288857601,injected
453226699,0.5,0.01,0.5020697811945579,1.4999999999986358,0.5020697811945579,Match,True,False,0.009080990214901549,injected
453226699,0.5,0.02,0.5020697811945579,1.4999999999986358,0.5020697811945579,Match,True,False,0.017543881451252217,injected
453226699,1.0,0.002,1.0004713646005154,0.9999999999990905,1.0004713646005154,Match,True,False,0.0018242205074090509,injected
453226699,1.0,0.005,1.0004713646005154,0.9999999999990905,1.0004713646005154,Match,True,False,0.004723427129210918,injected
453226699,1.0,0.01,1.0004713646005154,0.9999999999990905,1.0004713646005154,Match,True,False,0.010097123831764776,injected
453226699,1.0,0.02,1.0004713646005154,0.9999999999990905,1.0004713646005154,Match,True,False,0.019929993676297792,injected
453226699,2.0,0.002,2.003303445021231,2.0833333333314386,2.003303445021231,Match,True,False,0.0022025707898362078,injected
453226699,2.0,0.005,2.003303445021231,1.999999999998181,2.003303445021231,Match,True,False,0.004851155797740387,injected
453226699,2.0,0.01,2.003303445021231,1.999999999998181,2.003303445021231,Match,True,False,0.00997088997429642,injected
453226699,2.0,0.02,2.003303445021231,1.999999999998181,2.003303445021231,Match,True,False,0.01957053715949827,injected
453226699,3.0,0.002,2.9581881533100973,3.083333333330529,2.9581881533100973,Match,True,False,0.001714109271289332,injected
453226699,3.0,0.005,2.9581881533100973,3.083333333330529,2.9581881533100973,Match,True,False,0.004625100989190984,injected
453226699,3.0,0.01,3.03431022158684,2.9999999999972715,3.03431022158684,Match,True,False,0.010192258500730007,injected
453226699,3.0,0.02,3.03431022158684,2.9999999999972715,3.03431022158684,Match,True,False,0.01998974392647405,injected
453226699,5.0,0.002,5.157958687727815,0.5833333333328028,5.157958687727815,Match,True,False,0.0018872416885051563,injected
453226699,5.0,0.005,4.941792782304995,5.08333333332871,4.941792782304995,Match,True,False,0.004882301554360339,injected
453226699,5.0,0.01,4.941792782304995,4.916666666662195,4.941792782304995,Match,True,False,0.00974342465122731,injected
453226699,5.0,0.02,4.941792782304995,4.916666666662195,4.941792782304995,Match,True,False,0.02015890806018047,injected
453226699,7.0,0.002,6.993410214168028,0.5833333333328028,6.993410214168028,Match,True,False,0.0017914212797061442,injected
453226699,7.0,0.005,6.993410214168028,6.916666666660376,6.993410214168028,Match,True,False,0.0050282214152796625,injected
453226699,7.0,0.01,6.993410214168028,7.166666666660149,6.993410214168028,Match,True,False,0.009959895272905214,injected
453226699,7.0,0.02,6.993410214168028,6.916666666660376,6.993410214168028,Match,True,False,0.020392994006204253,injected
453226699,10.0,0.002,9.941451990632308,0.7499999999993179,9.941451990632308,Match,True,False,0.001994857763805467,injected
453226699,10.0,0.005,9.941451990632308,8.749999999992042,9.941451990632308,Match,True,False,0.004684523073954064,injected
453226699,10.0,0.01,9.941451990632308,10.16666666665742,9.941451990632308,Match,True,False,0.010204507469290209,injected
453226699,10.0,0.02,9.941451990632308,9.749999999991132,9.941451990632308,Match,True,False,0.019706793308653714,injected
453226699,12.0,0.002,11.957746478873231,0.7499999999993179,11.957746478873231,Match,True,False,0.0018328501154182399,injected
453226699,12.0,0.005,11.957746478873231,10.16666666665742,11.957746478873231,Match,True,False,0.005493370039292357,injected
453226699,12.0,0.01,11.957746478873231,12.666666666655146,11.957746478873231,Match,True,False,0.008581508440436423,injected
453226699,12.0,0.02,11.957746478873231,12.249999999988859,11.957746478873231,Match,True,False,0.021102366238183887,injected
453226699,14.0,0.002,13.307210031347958,0.5833333333328028,13.307210031347958,Match,True,False,0.0024376803533451234,injected
453226699,14.0,0.005,15.0,0.5833333333328028,15.0,Match,True,False,0.004928784127203301,injected
453226699,14.0,0.01,13.307210031347958,12.999999999988177,13.307210031347958,Match,True,False,0.010290256528406897,injected
453226699,14.0,0.02,13.307210031347958,13.24999999998795,13.307210031347958,Match,True,False,0.01608415054328009,injected
435590012,,0.0,4.548387096774183,,4.548387096774183,LS_only,False,False,0.00022604767058993287,null
435590012,0.5,0.002,0.500354861603973,1.4999999999986358,0.500354861603973,Match,True,False,0.0019110092332323327,injected
435590012,0.5,0.005,0.500354861603973,1.4999999999986358,0.500354861603973,Match,True,False,0.0047850161069354635,injected
435590012,0.5,0.01,0.500354861603973,1.4999999999986358,0.500354861603973,Match,True,False,0.009589360866056692,injected
435590012,0.5,0.02,0.500354861603973,1.4999999999986358,0.500354861603973,Match,True,False,0.019156720749398146,injected
435590012,1.0,0.002,0.9971711456859943,0.9999999999990905,0.9971711456859943,Match,True,False,0.0019651402145300454,injected
435590012,1.0,0.005,0.9971711456859943,0.9999999999990905,0.9971711456859943,Match,True,False,0.004761846802275319,injected
435590012,1.0,0.01,0.9971711456859943,0.9999999999990905,0.9971711456859943,Match,True,False,0.009649291558149524,injected
435590012,1.0,0.02,0.9971711456859943,0.9999999999990905,0.9971711456859943,Match,True,False,0.019631128267021992,injected
435590012,2.0,0.002,1.9971671388101928,1.999999999998181,1.9971671388101928,Match,True,False,0.0020485066438895583,injected
435590012,2.0,0.005,1.9971671388101928,1.999999999998181,1.9971671388101928,Match,True,False,0.00506403189605458,injected
435590012,2.0,0.01,1.9971671388101928,1.999999999998181,1.9971671388101928,Match,True,False,0.009992237832070662,injected
435590012,2.0,0.02,1.9971671388101928,1.999999999998181,1.9971671388101928,Match,True,False,0.019783382093208495,injected
435590012,3.0,0.002,3.025751072961366,2.9999999999972715,3.025751072961366,Match,True,False,0.001881345409657077,injected
435590012,3.0,0.005,3.025751072961366,2.9999999999972715,3.025751072961366,Match,True,False,0.00495966182176279,injected
435590012,3.0,0.01,3.025751072961366,2.9999999999972715,3.025751072961366,Match,True,False,0.009975401015341119,injected
435590012,3.0,0.02,3.025751072961366,2.9999999999972715,3.025751072961366,Match,True,False,0.019832393920459386,injected
435590012,5.0,0.002,4.93006993006992,4.916666666662195,4.93006993006992,Match,True,False,0.002179648865254494,injected
435590012,5.0,0.005,4.93006993006992,4.9999999999954525,4.93006993006992,Match,True,False,0.004827502778399663,injected
435590012,5.0,0.01,4.93006993006992,4.916666666662195,4.93006993006992,Match,True,False,0.010115413189846106,injected
435590012,5.0,0.02,4.93006993006992,4.916666666662195,4.93006993006992,Match,True,False,0.020481040114418956,injected
435590012,7.0,0.002,6.980198019801969,6.916666666660376,6.980198019801969,Match,True,False,0.002033448464326965,injected
435590012,7.0,0.005,6.980198019801969,6.916666666660376,6.980198019801969,Match,True,False,0.005054149495773213,injected
435590012,7.0,0.01,6.980198019801969,6.916666666660376,6.980198019801969,Match,True,False,0.0098950407351277,injected
435590012,7.0,0.02,6.980198019801969,6.8333333333271185,6.980198019801969,Match,True,False,0.020109836383680423,injected
435590012,10.0,0.002,9.929577464788721,10.16666666665742,9.929577464788721,Match,True,False,0.0020774352092842166,injected
435590012,10.0,0.005,9.929577464788721,9.916666666657648,9.929577464788721,Match,True,False,0.005114114267270954,injected
435590012,10.0,0.01,9.929577464788721,9.666666666657875,9.929577464788721,Match,True,False,0.010129295912097115,injected
435590012,10.0,0.02,9.929577464788721,9.666666666657875,9.929577464788721,Match,True,False,0.020130585948510037,injected
435590012,12.0,0.002,11.949152542372873,12.083333333322344,11.949152542372873,Match,True,False,0.002092080880926524,injected
435590012,12.0,0.005,11.949152542372873,12.249999999988859,11.949152542372873,Match,True,False,0.005256024808069523,injected
435590012,12.0,0.01,11.949152542372873,12.083333333322344,11.949152542372873,Match,True,False,0.010438632652943402,injected
435590012,12.0,0.02,11.949152542372873,12.083333333322344,11.949152542372873,Match,True,False,0.019265711399502804,injected
435590012,14.0,0.002,13.301886792452827,12.999999999988177,13.301886792452827,Match,True,False,0.001837914007416196,injected
435590012,14.0,0.005,13.301886792452827,13.333333333321207,13.301886792452827,Match,True,False,0.004518361370579411,injected
435590012,14.0,0.01,13.301886792452827,13.333333333321207,13.301886792452827,Match,True,False,0.01075013064474501,injected
435590012,14.0,0.02,13.301886792452827,13.333333333321207,13.301886792452827,Match,True,False,0.020663330422548556,injected
409526221,,0.0,9.929577464788721,8.749999999992042,9.929577464788721,Match,False,False,0.0006214420680651988,null
409526221,0.5,0.002,0.500354861603973,1.4999999999986358,0.500354861603973,Match,True,False,0.001930348810448542,injected
409526221,0.5,0.005,0.500354861603973,1.4999999999986358,0.500354861603973,Match,True,False,0.004787153385100575,injected
409526221,0.5,0.01,0.500354861603973,1.4999999999986358,0.500354861603973,Match,True,False,0.009528795247190504,injected
409526221,0.5,0.02,0.500354861603973,1.4999999999986358,0.500354861603973,Match,True,False,0.019118970655684197,injected
409526221,1.0,0.002,0.9971711456859943,0.9999999999990905,0.9971711456859943,Match,True,False,0.0019634399060257128,injected
409526221,1.0,0.005,0.9971711456859943,0.9999999999990905,0.9971711456859943,Match,True,False,0.004974553754993675,injected
409526221,1.0,0.01,0.9971711456859943,0.9999999999990905,0.9971711456859943,Match,True,False,0.00978900584303872,injected
409526221,1.0,0.02,0.9971711456859943,0.9999999999990905,0.9971711456859943,Match,True,False,0.019714737206343817,injected
409526221,2.0,0.002,1.9971671388101928,1.999999999998181,1.9971671388101928,Match,True,False,0.002019634451762675,injected
409526221,2.0,0.005,1.9971671388101928,1.999999999998181,1.9971671388101928,Match,True,False,0.004961225833724264,injected
409526221,2.0,0.01,1.9971671388101928,1.999999999998181,1.9971671388101928,Match,True,False,0.010164892373807124,injected
409526221,2.0,0.02,1.9971671388101928,1.999999999998181,1.9971671388101928,Match,True,False,0.01977530200295814,injected
409526221,3.0,0.002,3.025751072961366,2.9999999999972715,3.025751072961366,Match,True,False,0.0019778952777056123,injected
409526221,3.0,0.005,3.025751072961366,2.9999999999972715,3.025751072961366,Match,True,False,0.004935513371112604,injected
409526221,3.0,0.01,3.025751072961366,2.9999999999972715,3.025751072961366,Match,True,False,0.009890480559555015,injected
409526221,3.0,0.02,3.025751072961366,2.9999999999972715,3.025751072961366,Match,True,False,0.019592193854305728,injected
409526221,5.0,0.002,4.93006993006992,4.833333333328937,4.93006993006992,Match,True,False,0.0020559516423242414,injected
409526221,5.0,0.005,4.93006993006992,4.9999999999954525,4.93006993006992,Match,True,False,0.004946997653825596,injected
409526221,5.0,0.01,4.93006993006992,4.9999999999954525,4.93006993006992,Match,True,False,0.009819122812969922,injected
409526221,5.0,0.02,4.93006993006992,4.916666666662195,4.93006993006992,Match,True,False,0.020101509385778277,injected
409526221,7.0,0.002,6.980198019801969,6.916666666660376,6.980198019801969,Match,True,False,0.0021072014998731073,injected
409526221,7.0,0.005,6.980198019801969,6.9999999999936335,6.980198019801969,Match,True,False,0.004927190245050666,injected
409526221,7.0,0.01,6.980198019801969,6.916666666660376,6.980198019801969,Match,True,False,0.010072754999208726,injected
409526221,7.0,0.02,6.980198019801969,6.916666666660376,6.980198019801969,Match,True,False,0.019835802052808407,injected
409526221,10.0,0.002,9.929577464788721,9.583333333324617,9.929577464788721,Match,True,False,0.002596895734602615,injected
409526221,10.0,0.005,9.929577464788721,9.666666666657875,9.929577464788721,Match,True,False,0.005569753775576984,injected
409526221,10.0,0.01,9.929577464788721,9.83333333332439,9.929577464788721,Match,True,False,0.009737273249806219,injected
409526221,10.0,0.02,9.929577464788721,9.916666666657648,9.929577464788721,Match,True,False,0.020244142044708355,injected
409526221,12.0,0.002,11.949152542372873,11.999999999989086,11.949152542372873,Match,True,False,0.002432984632823592,injected
409526221,12.0,0.005,11.949152542372873,10.333333333323935,11.949152542372873,Match,True,False,0.005098359153791072,injected
409526221,12.0,0.01,11.949152542372873,12.749999999988404,11.949152542372873,Match,True,False,0.00989039317979512,injected
409526221,12.0,0.02,11.949152542372873,12.749999999988404,11.949152542372873,Match,True,False,0.019114846627221946,injected
409526221,14.0,0.002,13.301886792452827,12.749999999988404,13.301886792452827,Match,True,False,0.002037868581864694,injected
409526221,14.0,0.005,13.301886792452827,13.166666666654692,13.301886792452827,Match,True,False,0.005562258806176352,injected
409526221,14.0,0.01,15.0,13.24999999998795,15.0,Match,True,False,0.007681581307220975,injected
409526221,14.0,0.02,13.301886792452827,13.416666666654464,13.301886792452827,Match,True,False,0.01840955555121649,injected
52710498,,0.0,0.672773215413769,0.6666666666660603,0.672773215413769,Match,False,False,0.009289457268141099,null
52710498,0.5,0.002,0.672773215413769,0.6666666666660603,0.672773215413769,Match,False,False,0.009347543257098224,injected
52710498,0.5,0.005,0.672773215413769,0.6666666666660603,0.672773215413769,Match,False,False,0.009331525142707547,injected
52710498,0.5,0.01,0.672773215413769,0.5833333333328028,0.672773215413769,Match,False,False,0.009329773863223095,injected
52710498,0.5,0.02,0.5016486104568989,1.999999999998181,0.5016486104568989,Match,True,False,0.01827639010252914,injected
52710498,1.0,0.002,0.672773215413769,0.6666666666660603,0.672773215413769,Match,False,False,0.009277089031435723,injected
52710498,1.0,0.005,0.672773215413769,0.6666666666660603,0.672773215413769,Match,False,False,0.00929381391825844,injected
52710498,1.0,0.01,1.0037700282752087,0.7499999999993179,1.0037700282752087,Match,True,False,0.00992676699240421,injected
52710498,1.0,0.02,1.0037700282752087,0.9999999999990905,1.0037700282752087,Match,True,False,0.01928725941831661,injected
52710498,2.0,0.002,0.672773215413769,0.6666666666660603,0.672773215413769,Match,False,False,0.009321597361100461,injected
52710498,2.0,0.005,0.672773215413769,0.6666666666660603,0.672773215413769,Match,False,False,0.009374886503580091,injected
52710498,2.0,0.01,2.009433962264145,0.6666666666660603,2.009433962264145,Match,True,False,0.009412895505675267,injected
52710498,2.0,0.02,2.009433962264145,1.999999999998181,2.009433962264145,Match,True,False,0.020265725412998294,injected
52710498,3.0,0.002,0.672773215413769,0.6666666666660603,0.672773215413769,Match,False,False,0.009309994825900246,injected
52710498,3.0,0.005,0.672773215413769,0.6666666666660603,0.672773215413769,Match,False,False,0.009427654118747597,injected
52710498,3.0,0.01,0.672773215413769,0.6666666666660603,0.672773215413769,Match,False,False,0.009426023149197566,injected
52710498,3.0,0.02,2.9665738161559805,0.5833333333328028,2.9665738161559805,Match,True,False,0.019045049528265957,injected
52710498,5.0,0.002,0.672773215413769,0.6666666666660603,0.672773215413769,Match,False,False,0.009257724515290652,injected
52710498,5.0,0.005,0.672773215413769,0.6666666666660603,0.672773215413769,Match,False,False,0.009370411322437827,injected
52710498,5.0,0.01,4.953488372093012,0.6666666666660603,4.953488372093012,Match,True,False,0.009755929912205958,injected
52710498,5.0,0.02,4.953488372093012,0.6666666666660603,4.953488372093012,Match,True,False,0.02008509812323719,injected
52710498,7.0,0.002,0.672773215413769,0.6666666666660603,0.672773215413769,Match,False,False,0.009333446691972433,injected
52710498,7.0,0.005,0.672773215413769,0.6666666666660603,0.672773215413769,Match,False,False,0.009213802506009042,injected
52710498,7.0,0.01,7.006578947368408,0.6666666666660603,7.006578947368408,Match,True,False,0.009560079536919088,injected
52710498,7.0,0.02,7.006578947368408,0.6666666666660603,7.006578947368408,Match,True,False,0.019207676380090428,injected
52710498,10.0,0.002,0.672773215413769,0.6666666666660603,0.672773215413769,Match,False,False,0.00926082880891226,injected
52710498,10.0,0.005,0.672773215413769,0.6666666666660603,0.672773215413769,Match,False,False,0.009344957097349366,injected
52710498,10.0,0.01,9.95327102803737,0.6666666666660603,9.95327102803737,Match,True,False,0.009320319104544889,injected
52710498,10.0,0.02,9.95327102803737,0.6666666666660603,9.95327102803737,Match,True,False,0.01999914902370926,injected
52710498,12.0,0.002,0.672773215413769,0.6666666666660603,0.672773215413769,Match,False,False,0.009260796559122299,injected
52710498,12.0,0.005,0.672773215413769,0.6666666666660603,0.672773215413769,Match,False,False,0.009148822045082813,injected
52710498,12.0,0.01,11.966292134831452,0.6666666666660603,11.966292134831452,Match,True,False,0.01023821243530482,injected
52710498,12.0,0.02,11.966292134831452,0.6666666666660603,11.966292134831452,Match,True,False,0.020677515676072136,injected
52710498,14.0,0.002,0.672773215413769,0.6666666666660603,0.672773215413769,Match,False,False,0.009352222249260479,injected
52710498,14.0,0.005,0.672773215413769,0.6666666666660603,0.672773215413769,Match,False,False,0.00912785076428018,injected
52710498,14.0,0.01,0.672773215413769,0.6666666666660603,0.672773215413769,Match,False,False,0.009465050430093228,injected
52710498,14.0,0.02,13.312499999999995,0.6666666666660603,13.312499999999995,Match,True,False,0.020299472326373615,injected
467361606,,0.0,2.5560946027895644,2.583333333330984,2.5560946027895644,Match,False,False,0.0010242694451261664,null
467361606,0.5,0.002,0.5007722466436961,1.4999999999986358,0.5007722466436961,Match,True,False,0.0019788332790418224,injected
467361606,0.5,0.005,0.5007722466436961,1.4999999999986358,0.5007722466436961,Match,True,False,0.004820206580506151,injected
467361606,0.5,0.01,0.5007722466436961,1.4999999999986358,0.5007722466436961,Match,True,False,0.00946413687929871,injected
467361606,0.5,0.02,0.5007722466436961,1.4999999999986358,0.5007722466436961,Match,True,False,0.019035043604881532,injected
467361606,1.0,0.002,1.0023781212841834,0.9999999999990905,1.0023781212841834,Match,True,False,0.0019198832188338966,injected
467361606,1.0,0.005,1.0023781212841834,0.9999999999990905,1.0023781212841834,Match,True,False,0.0050346099194837,injected
467361606,1.0,0.01,1.0023781212841834,0.9999999999990905,1.0023781212841834,Match,True,False,0.009760610799100785,injected
467361606,1.0,0.02,1.0023781212841834,0.9999999999990905,1.0023781212841834,Match,True,False,0.01974716766133477,injected
467361606,2.0,0.002,2.0254685247477138,2.166666666664696,2.0254685247477138,Match,True,False,0.0019494224553339712,injected
467361606,2.0,0.005,1.9910250354274877,1.999999999998181,1.9910250354274877,Match,True,False,0.004969166191046925,injected
467361606,2.0,0.01,1.9910250354274877,1.999999999998181,1.9910250354274877,Match,True,False,0.00985650351161259,injected
467361606,2.0,0.02,1.9910250354274877,1.999999999998181,1.9910250354274877,Match,True,False,0.02010482939234255,injected
467361606,3.0,0.002,3.0171796707229723,2.583333333330984,3.0171796707229723,Match,True,False,0.0015056325133538237,injected
467361606,3.0,0.005,3.0171796707229723,2.9999999999972715,3.0171796707229723,Match,True,False,0.004634947870336765,injected
467361606,3.0,0.01,3.0171796707229723,2.916666666664014,3.0171796707229723,Match,True,False,0.010374221666244925,injected
467361606,3.0,0.02,3.0171796707229723,2.9999999999972715,3.0171796707229723,Match,True,False,0.01961558225417266,injected
467361606,5.0,0.002,4.918319719953319,5.166666666661968,4.918319719953319,Match,True,False,0.001976876396286825,injected
467361606,5.0,0.005,5.13398294762484,4.9999999999954525,5.13398294762484,Match,True,False,0.004768890807620539,injected
467361606,5.0,0.01,4.918319719953319,4.9999999999954525,4.918319719953319,Match,True,False,0.009828462463622022,injected
467361606,5.0,0.02,4.918319719953319,4.9999999999954525,4.918319719953319,Match,True,False,0.019934090006101565,injected
467361606,7.0,0.002,6.966942148760322,0.8333333333325754,6.966942148760322,Match,True,False,0.001952435591781485,injected
467361606,7.0,0.005,6.966942148760322,7.333333333326664,6.966942148760322,Match,True,False,0.005078115117138999,injected
467361606,7.0,0.01,6.966942148760322,6.916666666660376,6.966942148760322,Match,True,False,0.009864144172677988,injected
467361606,7.0,0.02,6.966942148760322,6.916666666660376,6.966942148760322,Match,True,False,0.02006306236150866,injected
467361606,10.0,0.002,9.917647058823523,0.8333333333325754,9.917647058823523,Match,True,False,0.0021874557791566065,injected
467361606,10.0,0.005,9.917647058823523,9.083333333325072,9.917647058823523,Match,True,False,0.005039729314130692,injected
467361606,10.0,0.01,9.917647058823523,9.916666666657648,9.917647058823523,Match,True,False,0.010140028329164446,injected
467361606,10.0,0.02,9.917647058823523,9.916666666657648,9.917647058823523,Match,True,False,0.01983082019615406,injected
467361606,12.0,0.002,11.94050991501416,0.8333333333325754,11.94050991501416,Match,True,False,0.0020195152654232263,injected
467361606,12.0,0.005,11.94050991501416,11.666666666656056,11.94050991501416,Match,True,False,0.004711161302199956,injected
467361606,12.0,0.01,11.94050991501416,12.499999999988631,11.94050991501416,Match,True,False,0.010511925328485518,injected
467361606,12.0,0.02,11.94050991501416,12.083333333322344,11.94050991501416,Match,True,False,0.021060541729313143,injected
467361606,14.0,0.002,13.296529968454255,0.8333333333325754,13.296529968454255,Match,True,False,0.0017154207016762248,injected
467361606,14.0,0.005,13.296529968454255,12.833333333321661,13.296529968454255,Match,True,False,0.00496308650772435,injected
467361606,14.0,0.01,13.296529968454255,13.416666666654464,13.296529968454255,Match,True,False,0.01088866396812072,injected
467361606,14.0,0.02,13.296529968454255,13.416666666654464,13.296529968454255,Match,True,False,0.020618955826859128,injected
359591305,,0.0,4.581993569131825,,4.581993569131825,LS_only,False,False,0.001838186538902788,null
359591305,0.5,0.002,0.5012310939148774,,0.5012310939148774,LS_only,True,False,0.0019999677187829915,injected
359591305,0.5,0.005,0.5012310939148774,1.4999999999986358,0.5012310939148774,Match,True,False,0.004978079732708942,injected
359591305,0.5,0.01,0.5012310939148774,1.4999999999986358,0.5012310939148774,Match,True,False,0.009257787652835,injected
359591305,0.5,0.02,0.5012310939148774,1.4999999999986358,0.5012310939148774,Match,True,False,0.01867170514055088,injected
359591305,1.0,0.002,0.9985984583041322,,0.9985984583041322,LS_only,True,False,0.0018492050986880944,injected
359591305,1.0,0.005,0.9985984583041322,0.9999999999990905,0.9985984583041322,Match,True,False,0.005479425281630363,injected
359591305,1.0,0.01,0.9985984583041322,0.9999999999990905,0.9985984583041322,Match,True,False,0.010298638352867814,injected
359591305,1.0,0.02,0.9985984583041322,0.9999999999990905,0.9985984583041322,Match,True,False,0.02005340309652054,injected
359591305,2.0,0.002,2.0155586987270113,,2.0155586987270113,LS_only,True,False,0.0026706639481588385,injected
359591305,2.0,0.005,2.0155586987270113,1.999999999998181,2.0155586987270113,Match,True,False,0.005630736232420886,injected
359591305,2.0,0.01,2.0155586987270113,1.999999999998181,2.0155586987270113,Match,True,False,0.010473719254949472,injected
359591305,2.0,0.02,2.0155586987270113,1.999999999998181,2.0155586987270113,Match,True,False,0.02049937820627194,injected
359591305,3.0,0.002,3.0513918629550267,,3.0513918629550267,LS_only,True,False,0.0020070887805031202,injected
359591305,3.0,0.005,2.9749478079331886,2.916666666664014,2.9749478079331886,Match,True,False,0.004848352371263264,injected
359591305,3.0,0.01,2.9749478079331886,2.916666666664014,2.9749478079331886,Match,True,False,0.009983421232910631,injected
359591305,3.0,0.02,2.9749478079331886,2.916666666664014,2.9749478079331886,Match,True,False,0.019795601656786673,injected
359591305,5.0,0.002,11.974789915966381,,11.974789915966381,LS_only,False,False,0.0015399333776821354,injected
359591305,5.0,0.005,4.965156794425079,4.666666666662422,4.965156794425079,Match,True,False,0.004540161555830066,injected
359591305,5.0,0.01,5.181818181818173,4.916666666662195,5.181818181818173,Match,True,False,0.008836478702438744,injected
359591305,5.0,0.02,4.965156794425079,4.916666666662195,4.965156794425079,Match,True,False,0.021470019461240355,injected
359591305,7.0,0.002,13.31775700934579,,13.31775700934579,LS_only,False,True,0.0021598038868991297,injected
359591305,7.0,0.005,7.019704433497528,0.7499999999993179,7.019704433497528,Match,True,False,0.004913739792226774,injected
359591305,7.0,0.01,7.019704433497528,13.666666666654237,13.666666666654237,Harmonic_Corrected,False,True,0.009346298733228009,injected
359591305,7.0,0.02,7.019704433497528,6.8333333333271185,7.019704433497528,Match,True,False,0.020461434237762432,injected
359591305,10.0,0.002,4.581993569131825,,4.581993569131825,LS_only,False,True,0.0018976077955651946,injected
359591305,10.0,0.005,9.965034965034956,,9.965034965034956,LS_only,True,False,0.003914173071342323,injected
359591305,10.0,0.01,9.965034965034956,0.7499999999993179,9.965034965034956,Match,True,False,0.010853411226161602,injected
359591305,10.0,0.02,9.965034965034956,10.16666666665742,9.965034965034956,Match,True,False,0.01914509719373569,injected
359591305,12.0,0.002,4.581993569131825,,4.581993569131825,LS_only,False,False,0.001860941853243028,injected
359591305,12.0,0.005,11.974789915966381,,11.974789915966381,LS_only,True,False,0.0039502074154807105,injected
359591305,12.0,0.01,11.974789915966381,0.7499999999993179,11.974789915966381,Match,True,False,0.008491182674796314,injected
359591305,12.0,0.02,11.974789915966381,10.583333333323708,11.974789915966381,Match,True,False,0.020498470035499334,injected
359591305,14.0,0.002,2.162367223065246,,2.162367223065246,LS_only,False,False,0.0016188366613325614,injected
359591305,14.0,0.005,13.31775700934579,1.1666666666656056,13.31775700934579,Match,True,False,0.0061424392695022595,injected
359591305,14.0,0.01,15.0,13.666666666654237,15.0,Match,True,False,0.009028695826557648,injected
359591305,14.0,0.02,13.31775700934579,13.416666666654464,13.31775700934579,Match,True,False,0.01916912789471282,injected
424731131,,0.0,3.8450704225352035,,3.8450704225352035,LS_only,False,False,0.0006659555902813457,null
424731131,0.5,0.002,0.5020228025009181,1.4999999999986358,0.5020228025009181,Match,True,False,0.0018768034966772,injected
424731131,0.5,0.005,0.5020228025009181,1.4999999999986358,0.5020228025009181,Match,True,False,0.004539209040185002,injected
424731131,0.5,0.01,0.5020228025009181,1.4999999999986358,0.5020228025009181,Match,True,False,0.009096248231534664,injected
424731131,0.5,0.02,0.5020228025009181,1.4999999999986358,0.5020228025009181,Match,True,False,0.017924617337449014,injected
424731131,1.0,0.002,1.0014673514306651,0.9999999999990905,1.0014673514306651,Match,True,False,0.0018953338740519978,injected
424731131,1.0,0.005,1.0014673514306651,0.9999999999990905,1.0014673514306651,Match,True,False,0.004602819420233849,injected
424731131,1.0,0.01,1.0014673514306651,0.9999999999990905,1.0014673514306651,Match,True,False,0.010217674270924081,injected
424731131,1.0,0.02,1.0014673514306651,0.9999999999990905,1.0014673514306651,Match,True,False,0.01943449864846894,injected
424731131,2.0,0.002,1.9753979739507912,1.9166666666649235,1.9753979739507912,Match,True,False,0.0017229840135071736,injected
424731131,2.0,0.005,2.0103092783505105,1.999999999998181,2.0103092783505105,Match,True,False,0.005217017732217164,injected
424731131,2.0,0.01,2.0103092783505105,1.999999999998181,2.0103092783505105,Match,True,False,0.009694262646595592,injected
424731131,2.0,0.02,2.0103092783505105,1.999999999998181,2.0103092783505105,Match,True,False,0.019692449143496042,injected
424731131,3.0,0.002,3.0266075388026543,3.1666666666637866,3.0266075388026543,Match,True,False,0.0021147329644453008,injected
424731131,3.0,0.005,3.0266075388026543,2.916666666664014,3.0266075388026543,Match,True,False,0.00480739600641824,injected
424731131,3.0,0.01,3.0266075388026543,2.916666666664014,3.0266075388026543,Match,True,False,0.0095900193193427,injected
424731131,3.0,0.02,3.0266075388026543,2.9999999999972715,3.0266075388026543,Match,True,False,0.020083985403451198,injected
424731131,5.0,0.002,5.270270270270261,0.5833333333328028,5.270270270270261,Match,True,False,0.0018331933413979313,injected
424731131,5.0,0.005,5.036900369003681,4.916666666662195,5.036900369003681,Match,True,False,0.005038459886371783,injected
424731131,5.0,0.01,5.036900369003681,4.833333333328937,5.036900369003681,Match,True,False,0.010009784062655638,injected
424731131,5.0,0.02,5.036900369003681,4.916666666662195,5.036900369003681,Match,True,False,0.01980223260715375,injected
424731131,7.0,0.002,6.85929648241205,0.5833333333328028,6.85929648241205,Match,True,False,0.001979558071281839,injected
424731131,7.0,0.005,6.85929648241205,6.8333333333271185,6.85929648241205,Match,True,False,0.004667277890236015,injected
424731131,7.0,0.01,6.85929648241205,13.833333333320752,13.833333333320752,Harmonic_Corrected,False,True,0.00971519840010992,injected
424731131,7.0,0.02,6.85929648241205,6.8333333333271185,6.85929648241205,Match,True,False,0.01904086601132901,injected
424731131,10.0,0.002,9.820143884892078,0.5833333333328028,9.820143884892078,Match,True,False,0.0019879333830740776,injected
424731131,10.0,0.005,9.820143884892078,9.333333333324845,9.820143884892078,Match,True,False,0.004755040108929235,injected
424731131,10.0,0.01,9.820143884892078,8.8333333333253,9.820143884892078,Match,True,False,0.010024538984530396,injected
424731131,10.0,0.02,9.820143884892078,10.416666666657193,9.820143884892078,Match,True,False,0.019553980068652194,injected
424731131,12.0,0.002,11.869565217391298,0.5833333333328028,11.869565217391298,Match,True,False,0.0017900818920422435,injected
424731131,12.0,0.005,11.869565217391298,0.5833333333328028,11.869565217391298,Match,True,False,0.004864270329065435,injected
424731131,12.0,0.01,11.869565217391298,12.083333333322344,11.869565217391298,Match,True,False,0.010324365052642557,injected
424731131,12.0,0.02,11.869565217391298,12.083333333322344,11.869565217391298,Match,True,False,0.021196416704495,injected
424731131,14.0,0.002,13.252427184466015,0.5833333333328028,13.252427184466015,Match,True,False,0.0019966062231025292,injected
424731131,14.0,0.005,15.0,13.24999999998795,15.0,Match,True,False,0.004421251176199286,injected
424731131,14.0,0.01,15.0,13.24999999998795,15.0,Match,True,False,0.009301749029833618,injected
424731131,14.0,0.02,13.252427184466015,12.999999999988177,13.252427184466015,Match,True,False,0.01996363164982825,injected
461445459,,0.0,6.264705882352928,,6.264705882352928,LS_only,False,False,0.0005863556894477541,null
461445459,0.5,0.002,0.5016486104568989,1.4999999999986358,0.5016486104568989,Match,True,False,0.0017399707983197408,injected
461445459,0.5,0.005,0.5016486104568989,1.4999999999986358,0.5016486104568989,Match,True,False,0.004673937609367499,injected
461445459,0.5,0.01,0.5016486104568989,1.4999999999986358,0.5016486104568989,Match,True,False,0.00908162253716765,injected
461445459,0.5,0.02,0.5016486104568989,1.4999999999986358,0.5016486104568989,Match,True,False,0.018428313211084988,injected
461445459,1.0,0.002,1.0037700282752087,0.9999999999990905,1.0037700282752087,Match,True,False,0.0020309342570560365,injected
461445459,1.0,0.005,1.0037700282752087,0.9999999999990905,1.0037700282752087,Match,True,False,0.004775116625321429,injected
461445459,1.0,0.01,1.0037700282752087,0.9999999999990905,1.0037700282752087,Match,True,False,0.00981176570576218,injected
461445459,1.0,0.02,1.0037700282752087,0.9999999999990905,1.0037700282752087,Match,True,False,0.019348058563636514,injected
461445459,2.0,0.002,2.009433962264145,1.999999999998181,2.009433962264145,Match,True,False,0.0020266362229677715,injected
461445459,2.0,0.005,2.009433962264145,1.999999999998181,2.009433962264145,Match,True,False,0.004901313497422255,injected
461445459,2.0,0.01,2.009433962264145,1.999999999998181,2.009433962264145,Match,True,False,0.010036780921273681,injected
461445459,2.0,0.02,2.009433962264145,1.999999999998181,2.009433962264145,Match,True,False,0.019805542214486185,injected
461445459,3.0,0.002,2.9665738161559805,2.9999999999972715,2.9665738161559805,Match,True,False,0.002021695376482777,injected
461445459,3.0,0.005,3.0428571428571343,2.9999999999972715,3.0428571428571343,Match,True,False,0.004869185323397559,injected
461445459,3.0,0.01,2.9665738161559805,2.9999999999972715,2.9665738161559805,Match,True,False,0.009963356440641065,injected
461445459,3.0,0.02,2.9665738161559805,2.9999999999972715,2.9665738161559805,Match,True,False,0.019642661144480815,injected
461445459,5.0,0.002,4.953488372093012,4.833333333328937,4.953488372093012,Match,True,False,0.0024035212455679987,injected
461445459,5.0,0.005,4.953488372093012,4.916666666662195,4.953488372093012,Match,True,False,0.004679245725637318,injected
461445459,5.0,0.01,4.953488372093012,4.916666666662195,4.953488372093012,Match,True,False,0.00978429562383887,injected
461445459,5.0,0.02,4.953488372093012,4.916666666662195,4.953488372093012,Match,True,False,0.020759660096371705,injected
461445459,7.0,0.002,7.006578947368408,6.083333333327801,7.006578947368408,Match,True,False,0.0023995226027895486,injected
461445459,7.0,0.005,7.006578947368408,6.9999999999936335,7.006578947368408,Match,True,False,0.00465799197347859,injected
461445459,7.0,0.01,7.006578947368408,6.916666666660376,7.006578947368408,Match,True,False,0.009726646104705455,injected
461445459,7.0,0.02,7.006578947368408,6.916666666660376,7.006578947368408,Match,True,False,0.019238774004831222,injected
461445459,10.0,0.002,9.95327102803737,8.583333333325527,9.95327102803737,Match,True,False,0.0024562018186179684,injected
461445459,10.0,0.005,9.95327102803737,9.749999999991132,9.95327102803737,Match,True,False,0.004492886553286368,injected
461445459,10.0,0.01,9.95327102803737,9.583333333324617,9.95327102803737,Match,True,False,0.010015608883875041,injected
461445459,10.0,0.02,9.95327102803737,9.749999999991132,9.95327102803737,Match,True,False,0.02032977333420976,injected
461445459,12.0,0.002,11.966292134831452,1.1666666666656056,11.966292134831452,Match,True,False,0.0016273848481361912,injected
461445459,12.0,0.005,11.966292134831452,10.666666666656965,11.966292134831452,Match,True,False,0.004969013360299975,injected
461445459,12.0,0.01,11.966292134831452,12.333333333322116,11.966292134831452,Match,True,False,0.010479929671837437,injected
461445459,12.0,0.02,11.966292134831452,12.583333333321889,11.966292134831452,Match,True,False,0.019738268268241543,injected
461445459,14.0,0.002,15.0,1.1666666666656056,15.0,Match,True,False,0.0017384731057602232,injected
461445459,14.0,0.005,13.312499999999995,13.166666666654692,13.312499999999995,Match,True,False,0.005211359978768778,injected
461445459,14.0,0.01,15.0,13.416666666654464,15.0,Match,True,False,0.009491014176981156,injected
461445459,14.0,0.02,13.312499999999995,13.416666666654464,13.312499999999995,Match,True,False,0.02132081802163819,injected
445664676,,0.0,4.731543624161064,,4.731543624161064,LS_only,False,False,0.0005038018592327645,null
445664676,0.5,0.002,0.500354861603973,1.4999999999986358,0.500354861603973,Match,True,False,0.0019127413048635428,injected
445664676,0.5,0.005,0.500354861603973,1.4999999999986358,0.500354861603973,Match,True,False,0.004779333172787568,injected
445664676,0.5,0.01,0.500354861603973,1.4999999999986358,0.500354861603973,Match,True,False,0.00957620586367219,injected
445664676,0.5,0.02,0.500354861603973,1.4999999999986358,0.500354861603973,Match,True,False,0.019168375886802834,injected
445664676,1.0,0.002,0.9971711456859943,0.9999999999990905,0.9971711456859943,Match,True,False,0.0020008613137757016,injected
445664676,1.0,0.005,0.9971711456859943,0.9999999999990905,0.9971711456859943,Match,True,False,0.004861954026558696,injected
445664676,1.0,0.01,0.9971711456859943,0.9999999999990905,0.9971711456859943,Match,True,False,0.009769095318534066,injected
445664676,1.0,0.02,0.9971711456859943,0.9999999999990905,0.9971711456859943,Match,True,False,0.019643486932087003,injected
445664676,2.0,0.002,1.9971671388101928,1.999999999998181,1.9971671388101928,Match,True,False,0.001993093926592725,injected
445664676,2.0,0.005,1.9971671388101928,1.999999999998181,1.9971671388101928,Match,True,False,0.004599525760978241,injected
445664676,2.0,0.01,1.9971671388101928,1.999999999998181,1.9971671388101928,Match,True,False,0.00994033745597609,injected
445664676,2.0,0.02,1.9971671388101928,1.999999999998181,1.9971671388101928,Match,True,False,0.020343551433438155,injected
445664676,3.0,0.002,3.025751072961366,3.083333333330529,3.025751072961366,Match,True,False,0.0020937425330595327,injected
445664676,3.0,0.005,3.025751072961366,2.9999999999972715,3.025751072961366,Match,True,False,0.004889706974369441,injected
445664676,3.0,0.01,3.025751072961366,2.9999999999972715,3.025751072961366,Match,True,False,0.010095707777295973,injected
445664676,3.0,0.02,3.025751072961366,2.9999999999972715,3.025751072961366,Match,True,False,0.01967991869769593,injected
445664676,5.0,0.002,4.93006993006992,4.74999999999568,4.93006993006992,Match,True,False,0.002002321920102353,injected
445664676,5.0,0.005,4.93006993006992,4.916666666662195,4.93006993006992,Match,True,False,0.005295009752568246,injected
445664676,5.0,0.01,4.93006993006992,4.9999999999954525,4.93006993006992,Match,True,False,0.009641788064752512,injected
445664676,5.0,0.02,4.93006993006992,4.9999999999954525,4.93006993006992,Match,True,False,0.01923546846869464,injected
445664676,7.0,0.002,6.980198019801969,13.833333333320752,13.833333333320752,Harmonic_Corrected,False,True,0.0017525266846012623,injected
445664676,7.0,0.005,6.980198019801969,6.916666666660376,6.980198019801969,Match,True,False,0.004853596475146219,injected
445664676,7.0,0.01,6.980198019801969,6.916666666660376,6.980198019801969,Match,True,False,0.009839487992731457,injected
445664676,7.0,0.02,6.980198019801969,6.916666666660376,6.980198019801969,Match,True,False,0.01939873595888447,injected
445664676,10.0,0.002,9.929577464788721,1.4166666666653782,9.929577464788721,Match,True,False,0.0022963411072424358,injected
445664676,10.0,0.005,9.929577464788721,9.583333333324617,9.929577464788721,Match,True,False,0.004668983649928199,injected
445664676,10.0,0.01,9.929577464788721,9.916666666657648,9.929577464788721,Match,True,False,0.010175824176541077,injected
445664676,10.0,0.02,9.929577464788721,9.583333333324617,9.929577464788721,Match,True,False,0.019994801225712115,injected
445664676,12.0,0.002,11.949152542372873,1.4166666666653782,11.949152542372873,Match,True,False,0.001918516495655858,injected
445664676,12.0,0.005,11.949152542372873,12.333333333322116,11.949152542372873,Match,True,False,0.005613986466417463,injected
445664676,12.0,0.01,11.949152542372873,12.083333333322344,11.949152542372873,Match,True,False,0.009613150744475161,injected
445664676,12.0,0.02,11.949152542372873,12.749999999988404,11.949152542372873,Match,True,False,0.01912773003455598,injected
445664676,14.0,0.002,13.301886792452827,1.4166666666653782,13.301886792452827,Match,True,False,0.0019281022137205117,injected
445664676,14.0,0.005,13.301886792452827,13.083333333321434,13.301886792452827,Match,True,False,0.004952969940326615,injected
445664676,14.0,0.01,13.301886792452827,13.083333333321434,13.301886792452827,Match,True,False,0.008519243116787568,injected
445664676,14.0,0.02,13.301886792452827,13.416666666654464,13.301886792452827,Match,True,False,0.017983671643484963,injected
200771597,,0.0,2.9160839160839096,9.333333333324845,2.9160839160839096,Match,False,False,0.11828534021782372,null
200771597,0.5,0.002,2.9160839160839096,9.333333333324845,2.9160839160839096,Match,False,False,0.11819943412344401,injected
200771597,0.5,0.005,2.9160839160839096,9.333333333324845,2.9160839160839096,Match,False,False,0.11825977322452724,injected
200771597,0.5,0.01,2.9160839160839096,9.333333333324845,2.9160839160839096,Match,False,False,0.11870616604779355,injected
200771597,0.5,0.02,2.9160839160839096,9.333333333324845,2.9160839160839096,Match,False,False,0.11824249556840212,injected
200771597,1.0,0.002,2.9160839160839096,9.333333333324845,2.9160839160839096,Match,False,False,0.11820940462634281,injected
200771597,1.0,0.005,2.9160839160839096,9.333333333324845,2.9160839160839096,Match,False,False,0.11843517177874098,injected
200771597,1.0,0.01,2.9160839160839096,9.333333333324845,2.9160839160839096,Match,False,False,0.11810317409543462,injected
200771597,1.0,0.02,2.9160839160839096,9.333333333324845,2.9160839160839096,Match,False,False,0.11906871509316036,injected
200771597,2.0,0.002,2.9160839160839096,9.333333333324845,2.9160839160839096,Match,False,False,0.11799990502316009,injected
200771597,2.0,0.005,2.9160839160839096,9.333333333324845,2.9160839160839096,Match,False,False,0.11882332695027073,injected
200771597,2.0,0.01,2.9160839160839096,9.333333333324845,2.9160839160839096,Match,False,False,0.11925378449654395,injected
200771597,2.0,0.02,2.9160839160839096,9.333333333324845,2.9160839160839096,Match,False,False,0.11924975656569135,injected
200771597,3.0,0.002,2.9160839160839096,9.333333333324845,2.9160839160839096,Match,True,False,0.11666696405004172,injected
200771597,3.0,0.005,2.9160839160839096,9.333333333324845,2.9160839160839096,Match,True,False,0.12108353678473735,injected
200771597,3.0,0.01,2.9160839160839096,9.333333333324845,2.9160839160839096,Match,True,False,0.12341062957634738,injected
200771597,3.0,0.02,2.991391678622662,9.333333333324845,2.991391678622662,Match,True,False,0.12364467993997752,injected
200771597,5.0,0.002,2.9160839160839096,9.333333333324845,2.9160839160839096,Match,False,False,0.1184999923713024,injected
200771597,5.0,0.005,2.9160839160839096,9.333333333324845,2.9160839160839096,Match,False,False,0.11855490762781526,injected
200771597,5.0,0.01,2.9160839160839096,9.333333333324845,2.9160839160839096,Match,False,False,0.11883404301049685,injected
200771597,5.0,0.02,2.377423033067269,9.333333333324845,2.377423033067269,Match,False,True,0.11844190978131855,injected
200771597,7.0,0.002,2.9160839160839096,9.333333333324845,2.9160839160839096,Match,False,False,0.11835785384041787,injected
200771597,7.0,0.005,2.9160839160839096,9.333333333324845,2.9160839160839096,Match,False,False,0.11832506851319066,injected
200771597,7.0,0.01,2.9160839160839096,9.333333333324845,2.9160839160839096,Match,False,False,0.118157355353666,injected
200771597,7.0,0.02,2.9160839160839096,9.333333333324845,2.9160839160839096,Match,False,False,0.11802910503213947,injected
200771597,10.0,0.002,2.9160839160839096,9.333333333324845,2.9160839160839096,Match,False,False,0.11823028751388782,injected
200771597,10.0,0.005,2.9160839160839096,9.333333333324845,2.9160839160839096,Match,False,False,0.11838973499395415,injected
200771597,10.0,0.01,2.9160839160839096,9.333333333324845,2.9160839160839096,Match,False,False,0.11683364598723704,injected
200771597,10.0,0.02,2.9160839160839096,9.333333333324845,2.9160839160839096,Match,False,False,0.12128718476734204,injected
200771597,12.0,0.002,2.9160839160839096,9.333333333324845,2.9160839160839096,Match,False,False,0.11812026284434944,injected
200771597,12.0,0.005,2.9160839160839096,9.333333333324845,2.9160839160839096,Match,False,False,0.11819179696094405,injected
200771597,12.0,0.01,2.9160839160839096,9.333333333324845,2.9160839160839096,Match,False,False,0.11736649131833637,injected
200771597,12.0,0.02,2.9160839160839096,9.333333333324845,2.9160839160839096,Match,False,False,0.12012666112736509,injected
200771597,14.0,0.002,2.9160839160839096,9.333333333324845,2.9160839160839096,Match,False,False,0.11842530862879028,injected
200771597,14.0,0.005,2.9160839160839096,9.333333333324845,2.9160839160839096,Match,False,False,0.11828488800416445,injected
200771597,14.0,0.01,2.9160839160839096,9.333333333324845,2.9160839160839096,Match,False,False,0.11870272797434994,injected
200771597,14.0,0.02,2.9160839160839096,9.333333333324845,2.9160839160839096,Match,False,False,0.11733256481540794,injected
420545838,,0.0,11.966292134831452,,11.966292134831452,LS_only,False,False,0.001757103690124538,null
420545838,0.5,0.002,11.966292134831452,,11.966292134831452,LS_only,False,False,0.0017435684067830378,injected
420545838,0.5,0.005,0.5016486104568989,1.4999999999986358,0.5016486104568989,Match,True,False,0.004611009876264466,injected
420545838,0.5,0.01,0.5016486104568989,1.4999999999986358,0.5016486104568989,Match,True,False,0.009289751592308782,injected
420545838,0.5,0.02,0.5016486104568989,1.4999999999986358,0.5016486104568989,Match,True,False,0.018426345227653483,injected
420545838,1.0,0.002,1.0037700282752087,0.916666666665833,1.0037700282752087,Match,True,False,0.0025519775103065296,injected
420545838,1.0,0.005,1.0037700282752087,0.9999999999990905,1.0037700282752087,Match,True,False,0.004901444997624212,injected
420545838,1.0,0.01,1.0037700282752087,0.9999999999990905,1.0037700282752087,Match,True,False,0.010343686701474453,injected
420545838,1.0,0.02,1.0037700282752087,0.9999999999990905,1.0037700282752087,Match,True,False,0.019951600657800224,injected
420545838,2.0,0.002,2.009433962264145,,2.009433962264145,LS_only,True,False,0.001991497588474636,injected
420545838,2.0,0.005,2.009433962264145,1.999999999998181,2.009433962264145,Match,True,False,0.005000342064501218,injected
420545838,2.0,0.01,2.009433962264145,1.999999999998181,2.009433962264145,Match,True,False,0.009837482352982195,injected
420545838,2.0,0.02,2.009433962264145,1.999999999998181,2.009433962264145,Match,True,False,0.01980300861652693,injected
420545838,3.0,0.002,2.9665738161559805,,2.9665738161559805,LS_only,True,False,0.0021368181353536935,injected
420545838,3.0,0.005,3.0428571428571343,3.083333333330529,3.0428571428571343,Match,True,False,0.004764033118214751,injected
420545838,3.0,0.01,2.9665738161559805,3.083333333330529,2.9665738161559805,Match,True,False,0.009640041880945456,injected
420545838,3.0,0.02,3.0428571428571343,2.9999999999972715,3.0428571428571343,Match,True,False,0.019729466975176684,injected
420545838,5.0,0.002,5.169902912621348,,5.169902912621348,LS_only,True,False,0.0022732864642405707,injected
420545838,5.0,0.005,5.169902912621348,5.333333333328483,5.169902912621348,Match,True,False,0.005206871920306323,injected
420545838,5.0,0.01,4.953488372093012,4.916666666662195,4.953488372093012,Match,True,False,0.010144041351277293,injected
420545838,5.0,0.02,4.953488372093012,4.9999999999954525,4.953488372093012,Match,True,False,0.019346688480548404,injected
420545838,7.0,0.002,4.5708154506437655,,4.5708154506437655,LS_only,False,False,0.0014516122350396524,injected
420545838,7.0,0.005,7.006578947368408,6.9999999999936335,7.006578947368408,Match,True,False,0.006059505728512411,injected
420545838,7.0,0.01,7.006578947368408,6.9999999999936335,7.006578947368408,Match,True,False,0.009640251626644338,injected
420545838,7.0,0.02,7.006578947368408,6.9999999999936335,7.006578947368408,Match,True,False,0.019456948501355254,injected
420545838,10.0,0.002,9.95327102803737,0.6666666666660603,9.95327102803737,Match,True,False,0.0032588505325989643,injected
420545838,10.0,0.005,9.181034482758609,,9.181034482758609,LS_only,True,False,0.004002380566710689,injected
420545838,10.0,0.01,9.95327102803737,9.083333333325072,9.95327102803737,Match,True,False,0.008791536202270023,injected
420545838,10.0,0.02,9.95327102803737,9.583333333324617,9.95327102803737,Match,True,False,0.019566204959853825,injected
420545838,12.0,0.002,9.95327102803737,,9.95327102803737,LS_only,False,False,0.001474898412916329,injected
420545838,12.0,0.005,11.966292134831452,1.6666666666651508,11.966292134831452,Match,True,False,0.005570136460241777,injected
420545838,12.0,0.01,11.966292134831452,11.416666666656283,11.966292134831452,Match,True,False,0.009606141378911784,injected
420545838,12.0,0.02,11.966292134831452,10.333333333323935,11.966292134831452,Match,True,False,0.020645428245921388,injected
420545838,14.0,0.002,5.9497206703910495,,5.9497206703910495,LS_only,False,False,0.0010981396717835979,injected
420545838,14.0,0.005,15.0,1.1666666666656056,15.0,Match,True,False,0.004184733399515628,injected
420545838,14.0,0.01,13.312499999999995,13.166666666654692,13.312499999999995,Match,True,False,0.010696595283359344,injected
420545838,14.0,0.02,15.0,13.166666666654692,15.0,Match,True,False,0.021600513784783393,injected
320501933,,0.0,5.0735294117646985,0.6666666666660603,5.0735294117646985,Match,False,False,0.00047359303931215863,null
320501933,0.5,0.002,0.5007256894049337,1.4999999999986358,0.5007256894049337,Match,True,False,0.0019251959394948654,injected
320501933,0.5,0.005,0.5007256894049337,1.4999999999986358,0.5007256894049337,Match,True,False,0.004709635460430359,injected
320501933,0.5,0.01,0.5007256894049337,1.4999999999986358,0.5007256894049337,Match,True,False,0.009494723959596022,injected
320501933,0.5,0.02,0.5007256894049337,1.4999999999986358,0.5007256894049337,Match,True,False,0.019059375253528674,injected
320501933,1.0,0.002,1.002906976744184,0.9999999999990905,1.002906976744184,Match,True,False,0.0019238768250190931,injected
320501933,1.0,0.005,1.002906976744184,0.9999999999990905,1.002906976744184,Match,True,False,0.004847181224073524,injected
320501933,1.0,0.01,1.002906976744184,0.9999999999990905,1.002906976744184,Match,True,False,0.009692013822347117,injected
320501933,1.0,0.02,1.002906976744184,0.9999999999990905,1.002906976744184,Match,True,False,0.019487095710014807,injected
320501933,2.0,0.002,1.9942196531791871,1.999999999998181,1.9942196531791871,Match,True,False,0.0019604735392066805,injected
320501933,2.0,0.005,1.9942196531791871,1.999999999998181,1.9942196531791871,Match,True,False,0.0049820451778134515,injected
320501933,2.0,0.01,1.9942196531791871,1.999999999998181,1.9942196531791871,Match,True,False,0.009845570702220797,injected
320501933,2.0,0.02,1.9942196531791871,1.999999999998181,1.9942196531791871,Match,True,False,0.01995495669044099,injected
320501933,3.0,0.002,2.9741379310344773,2.9999999999972715,2.9741379310344773,Match,True,False,0.0019886520555490784,injected
320501933,3.0,0.005,2.9741379310344773,2.9999999999972715,2.9741379310344773,Match,True,False,0.004981677125384712,injected
320501933,3.0,0.01,2.9741379310344773,2.9999999999972715,2.9741379310344773,Match,True,False,0.009921235316096363,injected
320501933,3.0,0.02,2.9741379310344773,2.9999999999972715,2.9741379310344773,Match,True,False,0.019856742064575637,injected
320501933,5.0,0.002,5.0735294117646985,4.9999999999954525,5.0735294117646985,Match,True,False,0.0021280534705357583,injected
320501933,5.0,0.005,5.0735294117646985,4.916666666662195,5.0735294117646985,Match,True,False,0.00538469761071487,injected
320501933,5.0,0.01,5.0735294117646985,4.9999999999954525,5.0735294117646985,Match,True,False,0.00946860166756194,injected
320501933,5.0,0.02,5.0735294117646985,4.916666666662195,5.0735294117646985,Match,True,False,0.019519128872254193,injected
320501933,7.0,0.002,6.8999999999999915,6.666666666660603,6.8999999999999915,Match,True,False,0.0020451651646304467,injected
320501933,7.0,0.005,6.8999999999999915,6.8333333333271185,6.8999999999999915,Match,True,False,0.004978255209770107,injected
320501933,7.0,0.01,6.8999999999999915,6.916666666660376,6.8999999999999915,Match,True,False,0.010005000083513588,injected
320501933,7.0,0.02,6.8999999999999915,6.916666666660376,6.8999999999999915,Match,True,False,0.019639156668713062,injected
320501933,10.0,0.002,9.85714285714285,10.416666666657193,9.85714285714285,Match,True,False,0.001698588697736425,injected
320501933,10.0,0.005,9.85714285714285,9.749999999991132,9.85714285714285,Match,True,False,0.005098235172856466,injected
320501933,10.0,0.01,9.85714285714285,9.583333333324617,9.85714285714285,Match,True,False,0.010219153892335821,injected
320501933,10.0,0.02,9.85714285714285,9.666666666657875,9.85714285714285,Match,True,False,0.019843130495504457,injected
320501933,12.0,0.002,11.896551724137925,9.916666666657648,11.896551724137925,Match,True,False,0.0017948175549045392,injected
320501933,12.0,0.005,11.896551724137925,12.749999999988404,11.896551724137925,Match,True,False,0.005060093577289597,injected
320501933,12.0,0.01,11.896551724137925,12.666666666655146,11.896551724137925,Match,True,False,0.010185105930902333,injected
320501933,12.0,0.02,11.896551724137925,12.749999999988404,11.896551724137925,Match,True,False,0.01924490433933485,injected
320501933,14.0,0.002,15.0,12.833333333321661,15.0,Match,True,False,0.0019396561950798634,injected
320501933,14.0,0.005,13.269230769230766,13.166666666654692,13.269230769230766,Match,True,False,0.005379524967565759,injected
320501933,14.0,0.01,13.269230769230766,13.166666666654692,13.269230769230766,Match,True,False,0.008789759950841393,injected
320501933,14.0,0.02,13.269230769230766,13.24999999998795,13.269230769230766,Match,True,False,0.020636730419069542,injected
233659054,,0.0,7.813688212927748,,7.813688212927748,LS_only,False,False,0.0005057277697718215,null
233659054,0.5,0.002,0.5015865267268722,1.4999999999986358,0.5015865267268722,Match,True,False,0.001818351626721058,injected
233659054,0.5,0.005,0.5015865267268722,1.4999999999986358,0.5015865267268722,Match,True,False,0.004638804714188014,injected
233659054,0.5,0.01,0.5015865267268722,1.4999999999986358,0.5015865267268722,Match,True,False,0.009180822208333838,injected
233659054,0.5,0.02,0.5015865267268722,1.4999999999986358,0.5015865267268722,Match,True,False,0.01839768505641446,injected
233659054,1.0,0.002,0.9961221522055237,0.9999999999990905,0.9961221522055237,Match,True,False,0.0019294772852286035,injected
233659054,1.0,0.005,0.9961221522055237,0.9999999999990905,0.9961221522055237,Match,True,False,0.004866457052940887,injected
233659054,1.0,0.01,0.9961221522055237,0.9999999999990905,0.9961221522055237,Match,True,False,0.009644391478533475,injected
233659054,1.0,0.02,0.9961221522055237,0.9999999999990905,0.9961221522055237,Match,True,False,0.019341842453664024,injected
233659054,2.0,0.002,1.9816779170684629,1.9166666666649235,1.9816779170684629,Match,True,False,0.0018963666745210486,injected
233659054,2.0,0.005,1.9816779170684629,1.999999999998181,1.9816779170684629,Match,True,False,0.004832890899857096,injected
233659054,2.0,0.01,2.016683022571144,1.999999999998181,2.016683022571144,Match,True,False,0.009960982508633207,injected
233659054,2.0,0.02,2.016683022571144,1.999999999998181,2.016683022571144,Match,True,False,0.019595630778112622,injected
233659054,3.0,0.002,2.9568345323740957,2.916666666664014,2.9568345323740957,Match,True,False,0.001967564070861228,injected
233659054,3.0,0.005,3.035450516986701,2.9999999999972715,3.035450516986701,Match,True,False,0.004912330944347677,injected
233659054,3.0,0.01,3.035450516986701,2.9999999999972715,3.035450516986701,Match,True,False,0.00982915761509992,injected
233659054,3.0,0.02,3.035450516986701,2.9999999999972715,3.035450516986701,Match,True,False,0.01945511726759874,injected
233659054,5.0,0.002,5.049140049140043,4.583333333329165,5.049140049140043,Match,True,False,0.0015608247315723137,injected
233659054,5.0,0.005,5.049140049140043,4.833333333328937,5.049140049140043,Match,True,False,0.004533738718139104,injected
233659054,5.0,0.01,5.049140049140043,4.9999999999954525,5.049140049140043,Match,True,False,0.010256519736484808,injected
233659054,5.0,0.02,5.049140049140043,4.916666666662195,5.049140049140043,Match,True,False,0.019500110808386487,injected
233659054,7.0,0.002,6.872909698996647,6.916666666660376,6.872909698996647,Match,True,False,0.001938819748161684,injected
233659054,7.0,0.005,6.872909698996647,6.8333333333271185,6.872909698996647,Match,True,False,0.004931535728887605,injected
233659054,7.0,0.01,6.872909698996647,6.916666666660376,6.872909698996647,Match,True,False,0.01003511148831123,injected
233659054,7.0,0.02,6.872909698996647,6.916666666660376,6.872909698996647,Match,True,False,0.019021745194260142,injected
233659054,10.0,0.002,9.832535885167456,10.083333333324163,9.832535885167456,Match,True,False,0.0021198234000980322,injected
233659054,10.0,0.005,9.832535885167456,10.333333333323935,9.832535885167456,Match,True,False,0.004780463071554152,injected
233659054,10.0,0.01,9.832535885167456,10.249999999990678,9.832535885167456,Match,True,False,0.010016081784013354,injected
233659054,10.0,0.02,9.832535885167456,10.333333333323935,9.832535885167456,Match,True,False,0.019807205149910724,injected
233659054,12.0,0.002,11.878612716763,11.083333333323253,11.878612716763,Match,True,False,0.0017684312231828463,injected
233659054,12.0,0.005,11.878612716763,12.749999999988404,11.878612716763,Match,True,False,0.00457646525750145,injected
233659054,12.0,0.01,11.878612716763,12.166666666655601,11.878612716763,Match,True,False,0.010659167513130738,injected
233659054,12.0,0.02,11.878612716763,12.749999999988404,11.878612716763,Match,True,False,0.018455368470579013,injected
233659054,14.0,0.002,13.258064516129028,13.24999999998795,13.258064516129028,Match,True,False,0.0021054999063654187,injected
233659054,14.0,0.005,13.258064516129028,13.24999999998795,13.258064516129028,Match,True,False,0.005226410499399353,injected
233659054,14.0,0.01,13.258064516129028,13.24999999998795,13.258064516129028,Match,True,False,0.00993693376783195,injected
233659054,14.0,0.02,13.258064516129028,12.999999999988177,13.258064516129028,Match,True,False,0.018550059578373072,injected
402210348,,0.0,4.37888198757763,,4.37888198757763,LS_only,False,False,0.0031109690349739767,null
402210348,0.5,0.002,4.37888198757763,,4.37888198757763,LS_only,False,False,0.0030894495798509084,injected
402210348,0.5,0.005,0.500354861603973,3.999999999996362,0.500354861603973,Match,True,False,0.004869447735494865,injected
402210348,0.5,0.01,0.500354861603973,1.4999999999986358,0.500354861603973,Match,True,False,0.009915973936620017,injected
402210348,0.5,0.02,0.500354861603973,1.4999999999986358,0.500354861603973,Match,True,False,0.018946948702788992,injected
402210348,1.0,0.002,4.37888198757763,,4.37888198757763,LS_only,False,False,0.003063954079039164,injected
402210348,1.0,0.005,1.0057061340941482,0.9999999999990905,1.0057061340941482,Match,True,False,0.004755121631283268,injected
402210348,1.0,0.01,0.9971711456859943,0.9999999999990905,0.9971711456859943,Match,True,False,0.010030501852123794,injected
402210348,1.0,0.02,0.9971711456859943,0.9999999999990905,0.9971711456859943,Match,True,False,0.019374997746036387,injected
402210348,2.0,0.002,4.37888198757763,,4.37888198757763,LS_only,False,True,0.0031184647809575704,injected
402210348,2.0,0.005,2.0317002881844326,4.249999999996135,4.249999999996135,Harmonic_Corrected,False,True,0.005347162064923592,injected
402210348,2.0,0.01,1.9971671388101928,1.999999999998181,1.9971671388101928,Match,True,False,0.010683644467903599,injected
402210348,2.0,0.02,1.9971671388101928,1.999999999998181,1.9971671388101928,Match,True,False,0.0199208360908281,injected
402210348,3.0,0.002,4.37888198757763,,4.37888198757763,LS_only,False,False,0.003242823982719189,injected
402210348,3.0,0.005,2.9497907949790725,2.9999999999972715,2.9497907949790725,Match,True,False,0.005841099809881485,injected
402210348,3.0,0.01,2.9497907949790725,2.9999999999972715,2.9497907949790725,Match,True,False,0.010002904109200532,injected
402210348,3.0,0.02,3.025751072961366,2.9999999999972715,3.025751072961366,Match,True,False,0.020326471287132938,injected
402210348,5.0,0.002,4.548387096774183,,4.548387096774183,LS_only,True,False,0.003382211349465735,injected
402210348,5.0,0.005,5.145985401459844,0.5833333333328028,5.145985401459844,Match,True,False,0.0036316587509131414,injected
402210348,5.0,0.01,5.145985401459844,4.916666666662195,5.145985401459844,Match,True,False,0.009055627245366888,injected
402210348,5.0,0.02,5.145985401459844,4.916666666662195,5.145985401459844,Match,True,False,0.01949662754631407,injected
402210348,7.0,0.002,6.980198019801969,0.5833333333328028,6.980198019801969,Match,True,False,0.003725914056199228,injected
402210348,7.0,0.005,6.980198019801969,13.416666666654464,13.416666666654464,Harmonic_Corrected,False,True,0.005180038557148944,injected
402210348,7.0,0.01,6.980198019801969,0.916666666665833,6.980198019801969,Match,True,False,0.0081884780603494,injected
402210348,7.0,0.02,6.980198019801969,6.666666666660603,6.980198019801969,Match,True,False,0.021706911786484647,injected
402210348,10.0,0.002,4.548387096774183,,4.548387096774183,LS_only,False,True,0.0030686673828568675,injected
402210348,10.0,0.005,9.929577464788721,0.916666666665833,9.929577464788721,Match,True,False,0.0061788997780335645,injected
402210348,10.0,0.01,9.929577464788721,0.916666666665833,9.929577464788721,Match,True,False,0.00986988298740294,injected
402210348,10.0,0.02,9.929577464788721,9.583333333324617,9.929577464788721,Match,True,False,0.01902644600772303,injected
402210348,12.0,0.002,4.37888198757763,,4.37888198757763,LS_only,False,False,0.003358063690314631,injected
402210348,12.0,0.005,11.949152542372873,0.7499999999993179,11.949152542372873,Match,True,False,0.004486450133047026,injected
402210348,12.0,0.01,11.949152542372873,10.49999999999045,11.949152542372873,Match,True,False,0.011296247481791762,injected
402210348,12.0,0.02,11.949152542372873,12.749999999988404,11.949152542372873,Match,True,False,0.018132773311343105,injected
402210348,14.0,0.002,4.37888198757763,,4.37888198757763,LS_only,False,False,0.0030328375389210354,injected
402210348,14.0,0.005,15.0,0.7499999999993179,15.0,Match,True,False,0.004238214434054396,injected
402210348,14.0,0.01,13.301886792452827,13.166666666654692,13.301886792452827,Match,True,False,0.010354029773313542,injected
402210348,14.0,0.02,13.301886792452827,13.416666666654464,13.301886792452827,Match,True,False,0.01722419904947719,injected
285225084,,0.0,6.614906832298122,,6.614906832298122,LS_only,False,False,0.001666087022646913,null
285225084,0.5,0.002,0.5016486104568989,1.4999999999986358,0.5016486104568989,Match,True,False,0.0017359071012421144,injected
285225084,0.5,0.005,0.5016486104568989,1.4999999999986358,0.5016486104568989,Match,True,False,0.004690302005851712,injected
285225084,0.5,0.01,0.5016486104568989,1.4999999999986358,0.5016486104568989,Match,True,False,0.009050492360266935,injected
285225084,0.5,0.02,0.5016486104568989,1.4999999999986358,0.5016486104568989,Match,True,False,0.018543806185471717,injected
285225084,1.0,0.002,1.0037700282752087,0.9999999999990905,1.0037700282752087,Match,True,False,0.002452309122086405,injected
285225084,1.0,0.005,1.0037700282752087,0.9999999999990905,1.0037700282752087,Match,True,False,0.004960880693637056,injected
285225084,1.0,0.01,1.0037700282752087,0.9999999999990905,1.0037700282752087,Match,True,False,0.010160521140309494,injected
285225084,1.0,0.02,1.0037700282752087,0.9999999999990905,1.0037700282752087,Match,True,False,0.01931335413219992,injected
285225084,2.0,0.002,2.009433962264145,1.9166666666649235,2.009433962264145,Match,True,False,0.002180470038832037,injected
285225084,2.0,0.005,2.009433962264145,2.0833333333314386,2.009433962264145,Match,True,False,0.0054360945955576855,injected
285225084,2.0,0.01,2.009433962264145,1.999999999998181,2.009433962264145,Match,True,False,0.009475463524312343,injected
285225084,2.0,0.02,2.009433962264145,1.999999999998181,2.009433962264145,Match,True,False,0.019589032335361703,injected
285225084,3.0,0.002,2.9665738161559805,,2.9665738161559805,LS_only,True,False,0.0017212411258801937,injected
285225084,3.0,0.005,3.0428571428571343,2.9999999999972715,3.0428571428571343,Match,True,False,0.004718939022007309,injected
285225084,3.0,0.01,2.9665738161559805,2.9999999999972715,2.9665738161559805,Match,True,False,0.01014870828546751,injected
285225084,3.0,0.02,2.9665738161559805,2.9999999999972715,2.9665738161559805,Match,True,False,0.019918761929584226,injected
285225084,5.0,0.002,4.953488372093012,,4.953488372093012,LS_only,True,False,0.002547530917127016,injected
285225084,5.0,0.005,4.953488372093012,4.833333333328937,4.953488372093012,Match,True,False,0.004978605412163254,injected
285225084,5.0,0.01,4.953488372093012,4.833333333328937,4.953488372093012,Match,True,False,0.010268790746431477,injected
285225084,5.0,0.02,4.953488372093012,4.9999999999954525,4.953488372093012,Match,True,False,0.01911816768137457,injected
285225084,7.0,0.002,7.006578947368408,13.416666666654464,13.416666666654464,Harmonic_Corrected,False,True,0.0023790931541050283,injected
285225084,7.0,0.005,7.006578947368408,6.666666666660603,7.006578947368408,Match,True,False,0.0033094836540012284,injected
285225084,7.0,0.01,7.006578947368408,6.666666666660603,7.006578947368408,Match,True,False,0.008241330971145428,injected
285225084,7.0,0.02,7.006578947368408,6.8333333333271185,7.006578947368408,Match,True,False,0.01886667204346399,injected
285225084,10.0,0.002,10.8673469387755,,10.8673469387755,LS_only,True,False,0.003352848824823251,injected
285225084,10.0,0.005,9.95327102803737,0.7499999999993179,9.95327102803737,Match,True,False,0.004128651640789448,injected
285225084,10.0,0.01,9.95327102803737,9.666666666657875,9.95327102803737,Match,True,False,0.010601667961899448,injected
285225084,10.0,0.02,9.95327102803737,9.916666666657648,9.95327102803737,Match,True,False,0.020902562150719062,injected
285225084,12.0,0.002,6.614906832298122,0.916666666665833,6.614906832298122,Match,False,False,0.0016267897735728974,injected
285225084,12.0,0.005,11.966292134831452,11.49999999998954,11.966292134831452,Match,True,False,0.0057826580988341115,injected
285225084,12.0,0.01,11.966292134831452,12.166666666655601,11.966292134831452,Match,True,False,0.01001796942092908,injected
285225084,12.0,0.02,11.966292134831452,12.166666666655601,11.966292134831452,Match,True,False,0.020129154968648814,injected
285225084,14.0,0.002,11.966292134831452,12.333333333322116,11.966292134831452,Match,False,False,0.002805514477948268,injected
285225084,14.0,0.005,13.312499999999995,2.0833333333314386,13.312499999999995,Match,True,False,0.006094496177582959,injected
285225084,14.0,0.01,15.0,12.166666666655601,15.0,Match,True,False,0.009512140704565214,injected
285225084,14.0,0.02,13.312499999999995,13.333333333321207,13.312499999999995,Match,True,False,0.021879905243864642,injected
219865662,,0.0,9.795180722891558,10.16666666665742,9.795180722891558,Match,False,False,0.0011772337942320987,null
219865662,0.5,0.002,0.500677423327995,1.4999999999986358,0.500677423327995,Match,True,False,0.0018471709733738199,injected
219865662,0.5,0.005,0.500677423327995,1.4999999999986358,0.500677423327995,Match,True,False,0.004658942646813347,injected
219865662,0.5,0.01,0.500677423327995,1.4999999999986358,0.500677423327995,Match,True,False,0.00967515222777587,injected
219865662,0.5,0.02,0.500677423327995,1.4999999999986358,0.500677423327995,Match,True,False,0.01895711758766956,injected
219865662,1.0,0.002,0.9946170785417158,0.9999999999990905,0.9946170785417158,Match,True,False,0.00178700657611541,injected
219865662,1.0,0.005,1.003455936805725,0.9999999999990905,1.003455936805725,Match,True,False,0.005096179144960898,injected
219865662,1.0,0.01,1.003455936805725,0.9999999999990905,1.003455936805725,Match,True,False,0.00983312856024517,injected
219865662,1.0,0.02,1.003455936805725,0.9999999999990905,1.003455936805725,Match,True,False,0.01944745408417035,injected
219865662,2.0,0.002,1.9975429975429941,1.999999999998181,1.9975429975429941,Match,True,False,0.0021861659627150304,injected
219865662,2.0,0.005,1.9975429975429941,1.999999999998181,1.9975429975429941,Match,True,False,0.004847976732671442,injected
219865662,2.0,0.01,1.9975429975429941,1.999999999998181,1.9975429975429941,Match,True,False,0.009909722877277012,injected
219865662,2.0,0.02,1.9975429975429941,1.999999999998181,1.9975429975429941,Match,True,False,0.01997535531609027,injected
219865662,3.0,0.002,3.0088823094004393,2.8333333333307564,3.0088823094004393,Match,True,False,0.0019172075221520828,injected
219865662,3.0,0.005,3.0088823094004393,2.916666666664014,3.0088823094004393,Match,True,False,0.005082476796566791,injected
219865662,3.0,0.01,3.0088823094004393,2.9999999999972715,3.0088823094004393,Match,True,False,0.010152288779225952,injected
219865662,3.0,0.02,3.0088823094004393,2.916666666664014,3.0088823094004393,Match,True,False,0.019877225616696324,injected
219865662,5.0,0.002,5.012330456226873,4.9999999999954525,5.012330456226873,Match,True,False,0.0020894292615416745,injected
219865662,5.0,0.005,5.012330456226873,4.833333333328937,5.012330456226873,Match,True,False,0.004506650101047712,injected
219865662,5.0,0.01,5.012330456226873,4.9999999999954525,5.012330456226873,Match,True,False,0.010004178879643036,injected
219865662,5.0,0.02,5.012330456226873,4.833333333328937,5.012330456226873,Match,True,False,0.019308107302055483,injected
219865662,7.0,0.002,7.271914132379242,7.249999999993406,7.271914132379242,Match,True,False,0.0022351197512611707,injected
219865662,7.0,0.005,7.271914132379242,7.249999999993406,7.271914132379242,Match,True,False,0.004798307322220054,injected
219865662,7.0,0.01,7.271914132379242,6.9999999999936335,7.271914132379242,Match,True,False,0.009808784426183027,injected
219865662,7.0,0.02,6.831932773109235,13.999999999987267,13.999999999987267,Harmonic_Corrected,False,True,0.019037655325983966,injected
219865662,10.0,0.002,10.725593667546168,,10.725593667546168,LS_only,True,False,0.0009860277577195232,injected
219865662,10.0,0.005,9.795180722891558,9.666666666657875,9.795180722891558,Match,True,False,0.003852405138974156,injected
219865662,10.0,0.01,9.795180722891558,10.333333333323935,9.795180722891558,Match,True,False,0.011208657914687446,injected
219865662,10.0,0.02,9.795180722891558,10.333333333323935,9.795180722891558,Match,True,False,0.020771162794693786,injected
219865662,12.0,0.002,11.851311953352765,,11.851311953352765,LS_only,True,False,0.0017092924075382968,injected
219865662,12.0,0.005,11.851311953352765,12.083333333322344,11.851311953352765,Match,True,False,0.005180145191522986,injected
219865662,12.0,0.01,11.851311953352765,12.749999999988404,11.851311953352765,Match,True,False,0.008277031750214344,injected
219865662,12.0,0.02,11.851311953352765,12.083333333322344,11.851311953352765,Match,True,False,0.022176118238004913,injected
219865662,14.0,0.002,15.0,1.4166666666653782,15.0,Match,True,False,0.001553794269839074,injected
219865662,14.0,0.005,13.24104234527687,13.24999999998795,13.24104234527687,Match,True,False,0.006004581445964715,injected
219865662,14.0,0.01,13.24104234527687,13.499999999987722,13.24104234527687,Match,True,False,0.008679552328605181,injected
219865662,14.0,0.02,13.24104234527687,13.24999999998795,13.24104234527687,Match,True,False,0.017226143744524566,injected
251144111,,0.0,11.896551724137925,0.6666666666660603,11.896551724137925,Match,False,False,0.0006415996251030148,null
251144111,0.5,0.002,0.5007256894049337,0.9999999999990905,0.9999999999990905,Harmonic_Corrected,False,True,0.0018662101561092185,injected
251144111,0.5,0.005,0.5007256894049337,1.4999999999986358,0.5007256894049337,Match,True,False,0.00477205200026518,injected
251144111,0.5,0.01,0.5007256894049337,1.4999999999986358,0.5007256894049337,Match,True,False,0.009538431844565449,injected
251144111,0.5,0.02,0.5007256894049337,1.4999999999986358,0.5007256894049337,Match,True,False,0.01901392646488839,injected
251144111,1.0,0.002,0.994236311239191,0.9999999999990905,0.994236311239191,Match,True,False,0.002100821127018266,injected
251144111,1.0,0.005,1.002906976744184,0.9999999999990905,1.002906976744184,Match,True,False,0.004975745360064487,injected
251144111,1.0,0.01,1.002906976744184,0.9999999999990905,1.002906976744184,Match,True,False,0.00970948794993812,injected
251144111,1.0,0.02,1.002906976744184,0.9999999999990905,1.002906976744184,Match,True,False,0.01969118244638362,injected
251144111,2.0,0.002,2.0294117647058787,1.999999999998181,2.0294117647058787,Match,True,False,0.0020158795641735134,injected
251144111,2.0,0.005,1.9942196531791871,1.999999999998181,1.9942196531791871,Match,True,False,0.004986069918508807,injected
251144111,2.0,0.01,1.9942196531791871,1.999999999998181,1.9942196531791871,Match,True,False,0.00995660193119017,injected
251144111,2.0,0.02,1.9942196531791871,1.999999999998181,1.9942196531791871,Match,True,False,0.020012057872266373,injected
251144111,3.0,0.002,2.9741379310344773,2.916666666664014,2.9741379310344773,Match,True,False,0.0019231498882487773,injected
251144111,3.0,0.005,2.9741379310344773,2.916666666664014,2.9741379310344773,Match,True,False,0.004914662965679487,injected
251144111,3.0,0.01,2.9741379310344773,2.9999999999972715,2.9741379310344773,Match,True,False,0.009899125027846315,injected
251144111,3.0,0.02,2.9741379310344773,2.9999999999972715,2.9741379310344773,Match,True,False,0.01963704846705633,injected
251144111,5.0,0.002,4.859154929577458,4.916666666662195,4.859154929577458,Match,True,False,0.0019226020214104108,injected
251144111,5.0,0.005,5.0735294117646985,4.9999999999954525,5.0735294117646985,Match,True,False,0.004584305621747005,injected
251144111,5.0,0.01,5.0735294117646985,4.916666666662195,5.0735294117646985,Match,True,False,0.009865906178341915,injected
251144111,5.0,0.02,5.0735294117646985,4.9999999999954525,5.0735294117646985,Match,True,False,0.020082932150591617,injected
251144111,7.0,0.002,6.8999999999999915,0.6666666666660603,6.8999999999999915,Match,True,False,0.0013224579746216403,injected
251144111,7.0,0.005,6.8999999999999915,6.9999999999936335,6.8999999999999915,Match,True,False,0.004256826869645945,injected
251144111,7.0,0.01,6.8999999999999915,6.916666666660376,6.8999999999999915,Match,True,False,0.009431170140551552,injected
251144111,7.0,0.02,6.8999999999999915,6.916666666660376,6.8999999999999915,Match,True,False,0.020226986778746448,injected
251144111,10.0,0.002,9.85714285714285,0.6666666666660603,9.85714285714285,Match,True,False,0.0015389644347219536,injected
251144111,10.0,0.005,9.85714285714285,9.583333333324617,9.85714285714285,Match,True,False,0.005012226833270513,injected
251144111,10.0,0.01,9.85714285714285,9.666666666657875,9.85714285714285,Match,True,False,0.010491066245595497,injected
251144111,10.0,0.02,9.85714285714285,9.666666666657875,9.85714285714285,Match,True,False,0.019891515365256726,injected
251144111,12.0,0.002,13.269230769230766,0.6666666666660603,13.269230769230766,Match,False,False,0.002116355825966935,injected
251144111,12.0,0.005,11.896551724137925,11.833333333322571,11.896551724137925,Match,True,False,0.0051453886905282985,injected
251144111,12.0,0.01,11.896551724137925,12.833333333321661,11.896551724137925,Match,True,False,0.010427320436328132,injected
251144111,12.0,0.02,11.896551724137925,12.749999999988404,11.896551724137925,Match,True,False,0.020112206244730552,injected
251144111,14.0,0.002,13.269230769230766,0.6666666666660603,13.269230769230766,Match,True,False,0.0023221101802820866,injected
251144111,14.0,0.005,15.0,13.166666666654692,15.0,Match,True,False,0.004555699806221856,injected
251144111,14.0,0.01,13.269230769230766,13.166666666654692,13.269230769230766,Match,True,False,0.010223456029522677,injected
251144111,14.0,0.02,15.0,13.333333333321207,15.0,Match,True,False,0.015858214242683213,injected
160618342,,0.0,1.4370290635091474,,1.4370290635091474,LS_only,False,False,0.0160636270165994,null
160618342,0.5,0.002,1.4370290635091474,,1.4370290635091474,LS_only,False,False,0.016061246814480408,injected
160618342,0.5,0.005,1.4370290635091474,,1.4370290635091474,LS_only,False,False,0.016073712111657878,injected
160618342,0.5,0.01,0.5001873360809282,,0.5001873360809282,LS_only,True,False,0.020403779197080717,injected
160618342,0.5,0.02,0.5001873360809282,,0.5001873360809282,LS_only,True,False,0.029462554531919004,injected
160618342,1.0,0.002,1.4370290635091474,,1.4370290635091474,LS_only,False,False,0.016064607132070793,injected
160618342,1.0,0.005,1.4370290635091474,,1.4370290635091474,LS_only,False,False,0.016229038725671607,injected
160618342,1.0,0.01,1.8113975576662114,,1.8113975576662114,LS_only,False,True,0.015811523424304075,injected
160618342,1.0,0.02,0.998504113687358,,0.998504113687358,LS_only,True,False,0.031845179937927466,injected
160618342,2.0,0.002,1.4370290635091474,,1.4370290635091474,LS_only,False,False,0.015966057373854526,injected
160618342,2.0,0.005,2.007518796992478,,2.007518796992478,LS_only,True,False,0.018755563806847068,injected
160618342,2.0,0.01,2.3462214411247766,,2.3462214411247766,LS_only,False,False,0.017391014218753224,injected
160618342,2.0,0.02,1.9719350073855213,,1.9719350073855213,LS_only,True,False,0.025148194862548035,injected
160618342,3.0,0.002,1.4370290635091474,,1.4370290635091474,LS_only,False,True,0.016145945012933368,injected
160618342,3.0,0.005,1.4370290635091474,,1.4370290635091474,LS_only,False,True,0.016183539109656333,injected
160618342,3.0,0.01,2.504690431519696,,2.504690431519696,LS_only,False,False,0.018617575258482524,injected
160618342,3.0,0.02,2.973273942093537,,2.973273942093537,LS_only,True,False,0.027142597763069008,injected
160618342,5.0,0.002,1.4370290635091474,,1.4370290635091474,LS_only,False,False,0.016092013837891515,injected
160618342,5.0,0.005,1.4370290635091474,,1.4370290635091474,LS_only,False,False,0.01611834984874406,injected
160618342,5.0,0.01,3.7818696883852643,,3.7818696883852643,LS_only,False,False,0.01633234368664873,injected
160618342,5.0,0.02,4.962825278810403,,4.962825278810403,LS_only,True,False,0.016558260462171216,injected
160618342,7.0,0.002,1.4370290635091474,,1.4370290635091474,LS_only,False,False,0.016075414413881578,injected
160618342,7.0,0.005,1.4370290635091474,,1.4370290635091474,LS_only,False,False,0.01619076323593178,injected
160618342,7.0,0.01,1.4370290635091474,,1.4370290635091474,LS_only,False,False,0.01618727667601006,injected
160618342,7.0,0.02,7.2162162162162105,,7.2162162162162105,LS_only,True,False,0.021794528739210638,injected
160618342,10.0,0.002,1.4370290635091474,,1.4370290635091474,LS_only,False,False,0.01610104640888765,injected
160618342,10.0,0.005,1.4370290635091474,,1.4370290635091474,LS_only,False,False,0.016154268510457676,injected
160618342,10.0,0.01,1.4370290635091474,,1.4370290635091474,LS_only,False,False,0.016037857872226766,injected
160618342,10.0,0.02,10.679999999999994,,10.679999999999994,LS_only,True,False,0.017105289419490025,injected
160618342,12.0,0.002,1.4370290635091474,,1.4370290635091474,LS_only,False,False,0.015979976759912553,injected
160618342,12.0,0.005,1.4370290635091474,,1.4370290635091474,LS_only,False,False,0.01616261414430628,injected
160618342,12.0,0.01,1.4370290635091474,,1.4370290635091474,LS_only,False,False,0.015598545341601187,injected
160618342,12.0,0.02,2.504690431519696,,2.504690431519696,LS_only,False,False,0.015580606633559702,injected
160618342,14.0,0.002,1.4370290635091474,,1.4370290635091474,LS_only,False,False,0.015992766590102132,injected
160618342,14.0,0.005,1.4370290635091474,,1.4370290635091474,LS_only,False,False,0.015842704448700458,injected
160618342,14.0,0.01,1.4370290635091474,,1.4370290635091474,LS_only,False,False,0.016135500752717226,injected
160618342,14.0,0.02,2.504690431519696,,2.504690431519696,LS_only,False,False,0.015432046593962294,injected
408621252,,0.0,2.2172540768016793,,2.2172540768016793,LS_only,False,False,0.0011764965592420084,null
408621252,0.5,0.002,0.5007722466436961,,0.5007722466436961,LS_only,True,False,0.0015675582676833264,injected
408621252,0.5,0.005,0.5007722466436961,1.4999999999986358,0.5007722466436961,Match,True,False,0.004439946285478744,injected
408621252,0.5,0.01,0.5007722466436961,1.4999999999986358,0.5007722466436961,Match,True,False,0.0095096108091184,injected
408621252,0.5,0.02,0.5007722466436961,1.4999999999986358,0.5007722466436961,Match,True,False,0.01867692680755747,injected
408621252,1.0,0.002,1.0023781212841834,1.083333333332348,1.0023781212841834,Match,True,False,0.0026731692138997785,injected
408621252,1.0,0.005,1.0023781212841834,0.9999999999990905,1.0023781212841834,Match,True,False,0.0045091575980273245,injected
408621252,1.0,0.01,1.0023781212841834,0.9999999999990905,1.0023781212841834,Match,True,False,0.009454183463471821,injected
408621252,1.0,0.02,1.0023781212841834,0.9999999999990905,1.0023781212841834,Match,True,False,0.019738787179702965,injected
408621252,2.0,0.002,1.9577333952624205,,1.9577333952624205,LS_only,True,False,0.001952453454573757,injected
408621252,2.0,0.005,1.9910250354274877,1.999999999998181,1.9910250354274877,Match,True,False,0.00536193825710688,injected
408621252,2.0,0.01,1.9910250354274877,1.999999999998181,1.9910250354274877,Match,True,False,0.009903905904688514,injected
408621252,2.0,0.02,1.9910250354274877,1.999999999998181,1.9910250354274877,Match,True,False,0.020252541500563822,injected
408621252,3.0,0.002,3.0171796707229723,5.999999999994543,5.999999999994543,Harmonic_Corrected,False,True,0.002237225760314779,injected
408621252,3.0,0.005,3.0171796707229723,2.916666666664014,3.0171796707229723,Match,True,False,0.004722883320642248,injected
408621252,3.0,0.01,3.0171796707229723,2.916666666664014,3.0171796707229723,Match,True,False,0.00991156227872145,injected
408621252,3.0,0.02,3.0171796707229723,2.9999999999972715,3.0171796707229723,Match,True,False,0.01951371924869099,injected
408621252,5.0,0.002,4.918319719953319,,4.918319719953319,LS_only,True,False,0.001998272398595454,injected
408621252,5.0,0.005,4.918319719953319,4.74999999999568,4.918319719953319,Match,True,False,0.0050023687955001485,injected
408621252,5.0,0.01,4.918319719953319,4.916666666662195,4.918319719953319,Match,True,False,0.010065517487687746,injected
408621252,5.0,0.02,4.918319719953319,4.916666666662195,4.918319719953319,Match,True,False,0.019754443998503263,injected
408621252,7.0,0.002,6.966942148760322,13.166666666654692,13.166666666654692,Harmonic_Corrected,False,True,0.002330652441208804,injected
408621252,7.0,0.005,6.966942148760322,6.916666666660376,6.966942148760322,Match,True,False,0.0050541284860743056,injected
408621252,7.0,0.01,6.966942148760322,6.916666666660376,6.966942148760322,Match,True,False,0.01064549638282313,injected
408621252,7.0,0.02,6.966942148760322,6.8333333333271185,6.966942148760322,Match,True,False,0.020668500511198198,injected
408621252,10.0,0.002,9.917647058823523,,9.917647058823523,LS_only,True,False,0.0020564054997609907,injected
408621252,10.0,0.005,9.917647058823523,10.666666666656965,9.917647058823523,Match,True,False,0.005767247459655768,injected
408621252,10.0,0.01,9.917647058823523,9.666666666657875,9.917647058823523,Match,True,False,0.010618701830380313,injected
408621252,10.0,0.02,9.917647058823523,9.999999999990905,9.917647058823523,Match,True,False,0.02008004186222886,injected
408621252,12.0,0.002,13.296529968454255,13.083333333321434,13.296529968454255,Match,False,False,0.001578313432336641,injected
408621252,12.0,0.005,11.94050991501416,1.833333333331666,11.94050991501416,Match,True,False,0.005033828418167578,injected
408621252,12.0,0.01,11.94050991501416,12.833333333321661,11.94050991501416,Match,True,False,0.010298706273594669,injected
408621252,12.0,0.02,11.94050991501416,12.749999999988404,11.94050991501416,Match,True,False,0.018426790590094465,injected
408621252,14.0,0.002,13.296529968454255,1.3333333333321207,13.296529968454255,Match,True,False,0.0023093753377077786,injected
408621252,14.0,0.005,13.296529968454255,13.166666666654692,13.296529968454255,Match,True,False,0.00447605277353017,injected
408621252,14.0,0.01,13.296529968454255,13.24999999998795,13.296529968454255,Match,True,False,0.01011087341114788,injected
408621252,14.0,0.02,13.296529968454255,13.166666666654692,13.296529968454255,Match,True,False,0.020710871151721273,injected
286478778,,0.0,11.878612716763,1.4166666666653782,11.878612716763,Match,False,False,0.0019498317938443234,null
286478778,0.5,0.002,11.878612716763,1.4999999999986358,11.878612716763,Match,False,False,0.0020158127293766637,injected
286478778,0.5,0.005,0.5015865267268722,1.4999999999986358,0.5015865267268722,Match,True,False,0.0044644214188136406,injected
286478778,0.5,0.01,0.5015865267268722,1.4999999999986358,0.5015865267268722,Match,True,False,0.009033542240107316,injected
286478778,0.5,0.02,0.5015865267268722,1.4999999999986358,0.5015865267268722,Match,True,False,0.018513252565590214,injected
286478778,1.0,0.002,0.9961221522055237,0.9999999999990905,0.9961221522055237,Match,True,False,0.002115970904699785,injected
286478778,1.0,0.005,0.9961221522055237,0.9999999999990905,0.9961221522055237,Match,True,False,0.005068354807503294,injected
286478778,1.0,0.01,0.9961221522055237,0.9999999999990905,0.9961221522055237,Match,True,False,0.009568004409049159,injected
286478778,1.0,0.02,0.9961221522055237,0.9999999999990905,0.9961221522055237,Match,True,False,0.019269114586707513,injected
286478778,2.0,0.002,1.9816779170684629,1.9166666666649235,1.9816779170684629,Match,True,False,0.002005658270914683,injected
286478778,2.0,0.005,1.9816779170684629,1.999999999998181,1.9816779170684629,Match,True,False,0.004804957472102132,injected
286478778,2.0,0.01,2.016683022571144,1.999999999998181,2.016683022571144,Match,True,False,0.00962543686849673,injected
286478778,2.0,0.02,1.9816779170684629,1.999999999998181,1.9816779170684629,Match,True,False,0.01981420968648988,injected
286478778,3.0,0.002,3.035450516986701,3.083333333330529,3.035450516986701,Match,True,False,0.002304490152398151,injected
286478778,3.0,0.005,2.9568345323740957,2.916666666664014,2.9568345323740957,Match,True,False,0.00477095970468296,injected
286478778,3.0,0.01,2.9568345323740957,2.916666666664014,2.9568345323740957,Match,True,False,0.009676589292309357,injected
286478778,3.0,0.02,3.035450516986701,2.9999999999972715,3.035450516986701,Match,True,False,0.019996288739144007,injected
286478778,5.0,0.002,11.878612716763,9.749999999991132,11.878612716763,Match,False,False,0.0018860050245774064,injected
286478778,5.0,0.005,5.049140049140043,4.9999999999954525,5.049140049140043,Match,True,False,0.005096426698929477,injected
286478778,5.0,0.01,5.049140049140043,4.916666666662195,5.049140049140043,Match,True,False,0.01004072221869582,injected
286478778,5.0,0.02,5.049140049140043,4.9999999999954525,5.049140049140043,Match,True,False,0.01974718396518603,injected
286478778,7.0,0.002,6.872909698996647,6.8333333333271185,6.872909698996647,Match,True,False,0.0031426141408186694,injected
286478778,7.0,0.005,7.313167259786469,7.083333333326891,7.313167259786469,Match,True,False,0.004005612597377227,injected
286478778,7.0,0.01,6.872909698996647,6.8333333333271185,6.872909698996647,Match,True,False,0.011261165085510894,injected
286478778,7.0,0.02,6.872909698996647,6.8333333333271185,6.872909698996647,Match,True,False,0.02117754978380713,injected
286478778,10.0,0.002,10.759162303664915,11.49999999998954,10.759162303664915,Match,True,False,0.002642047684871777,injected
286478778,10.0,0.005,9.832535885167456,9.333333333324845,9.832535885167456,Match,True,False,0.004272193252445396,injected
286478778,10.0,0.01,9.832535885167456,9.416666666658102,9.832535885167456,Match,True,False,0.008729381141850309,injected
286478778,10.0,0.02,9.832535885167456,9.49999999999136,9.832535885167456,Match,True,False,0.019508595048361894,injected
286478778,12.0,0.002,11.878612716763,1.4166666666653782,11.878612716763,Match,True,False,0.0027814372798057618,injected
286478778,12.0,0.005,11.878612716763,12.999999999988177,11.878612716763,Match,True,False,0.00516201890739305,injected
286478778,12.0,0.01,11.878612716763,12.166666666655601,11.878612716763,Match,True,False,0.011335915725002022,injected
286478778,12.0,0.02,11.878612716763,12.249999999988859,11.878612716763,Match,True,False,0.021797154098283197,injected
286478778,14.0,0.002,13.258064516129028,12.833333333321661,13.258064516129028,Match,True,False,0.0034002508759808153,injected
286478778,14.0,0.005,15.0,13.666666666654237,15.0,Match,True,False,0.003957650217451302,injected
286478778,14.0,0.01,15.0,13.499999999987722,15.0,Match,True,False,0.007650758357055503,injected
286478778,14.0,0.02,15.0,13.416666666654464,15.0,Match,True,False,0.018252814736401075,injected
327732582,,0.0,7.9345794392523255,,7.9345794392523255,LS_only,False,False,0.0005830077165184321,null
327732582,0.5,0.002,0.5020697811945579,1.4999999999986358,0.5020697811945579,Match,True,False,0.0017021468355506437,injected
327732582,0.5,0.005,0.5020697811945579,1.4999999999986358,0.5020697811945579,Match,True,False,0.004392646654899766,injected
327732582,0.5,0.01,0.5020697811945579,1.4999999999986358,0.5020697811945579,Match,True,False,0.008916753618774784,injected
327732582,0.5,0.02,0.5020697811945579,1.4999999999986358,0.5020697811945579,Match,True,False,0.017853295051820404,injected
327732582,1.0,0.002,1.0004713646005154,0.9999999999990905,1.0004713646005154,Match,True,False,0.002023058515973279,injected
327732582,1.0,0.005,1.0004713646005154,0.9999999999990905,1.0004713646005154,Match,True,False,0.005032737537208695,injected
327732582,1.0,0.01,1.0004713646005154,0.9999999999990905,1.0004713646005154,Match,True,False,0.00994468228968655,injected
327732582,1.0,0.02,1.0004713646005154,0.9999999999990905,1.0004713646005154,Match,True,False,0.019763840356162243,injected
327732582,2.0,0.002,2.003303445021231,2.0833333333314386,2.003303445021231,Match,True,False,0.0018198107434178475,injected
327732582,2.0,0.005,2.003303445021231,1.999999999998181,2.003303445021231,Match,True,False,0.005094943536526958,injected
327732582,2.0,0.01,2.003303445021231,1.999999999998181,2.003303445021231,Match,True,False,0.00996116381098992,injected
327732582,2.0,0.02,2.003303445021231,1.999999999998181,2.003303445021231,Match,True,False,0.019596216179635854,injected
327732582,3.0,0.002,3.03431022158684,3.1666666666637866,3.03431022158684,Match,True,False,0.0020421724156393546,injected
327732582,3.0,0.005,2.9581881533100973,2.916666666664014,2.9581881533100973,Match,True,False,0.004931872586395144,injected
327732582,3.0,0.01,3.03431022158684,2.9999999999972715,3.03431022158684,Match,True,False,0.009712573373243084,injected
327732582,3.0,0.02,3.03431022158684,2.9999999999972715,3.03431022158684,Match,True,False,0.01974370350765396,injected
327732582,5.0,0.002,4.941792782304995,4.916666666662195,4.941792782304995,Match,True,False,0.001948238750428782,injected
327732582,5.0,0.005,4.941792782304995,4.916666666662195,4.941792782304995,Match,True,False,0.004946551242134766,injected
327732582,5.0,0.01,4.941792782304995,4.916666666662195,4.941792782304995,Match,True,False,0.00987896295250039,injected
327732582,5.0,0.02,4.941792782304995,4.9999999999954525,4.941792782304995,Match,True,False,0.020084067252521338,injected
327732582,7.0,0.002,6.993410214168028,0.916666666665833,6.993410214168028,Match,True,False,0.0019197902014316984,injected
327732582,7.0,0.005,6.993410214168028,6.916666666660376,6.993410214168028,Match,True,False,0.005312307648947801,injected
327732582,7.0,0.01,6.993410214168028,6.916666666660376,6.993410214168028,Match,True,False,0.009959697262567293,injected
327732582,7.0,0.02,6.993410214168028,6.916666666660376,6.993410214168028,Match,True,False,0.018915351682961754,injected
327732582,10.0,0.002,9.941451990632308,0.5833333333328028,9.941451990632308,Match,True,False,0.0019812798825662196,injected
327732582,10.0,0.005,9.941451990632308,9.749999999991132,9.941451990632308,Match,True,False,0.004930288924025725,injected
327732582,10.0,0.01,9.941451990632308,9.916666666657648,9.941451990632308,Match,True,False,0.010014964802418183,injected
327732582,10.0,0.02,9.941451990632308,9.666666666657875,9.941451990632308,Match,True,False,0.020266518330560868,injected
327732582,12.0,0.002,11.957746478873231,0.916666666665833,11.957746478873231,Match,True,False,0.0021360093405852283,injected
327732582,12.0,0.005,11.957746478873231,12.249999999988859,11.957746478873231,Match,True,False,0.005330489930977038,injected
327732582,12.0,0.01,11.957746478873231,12.749999999988404,11.957746478873231,Match,True,False,0.009890111762876219,injected
327732582,12.0,0.02,11.957746478873231,12.083333333322344,11.957746478873231,Match,True,False,0.020203624731743787,injected
327732582,14.0,0.002,13.307210031347958,0.5833333333328028,13.307210031347958,Match,True,False,0.001905548559651194,injected
327732582,14.0,0.005,13.307210031347958,13.416666666654464,13.307210031347958,Match,True,False,0.005298867699775196,injected
327732582,14.0,0.01,13.307210031347958,13.333333333321207,13.307210031347958,Match,True,False,0.009311295150250263,injected
327732582,14.0,0.02,13.307210031347958,12.916666666654919,13.307210031347958,Match,True,False,0.01617535501564819,injected
54365761,,0.0,0.704831237590997,,0.704831237590997,LS_only,False,False,0.0028117668954155163,null
54365761,0.5,0.002,0.8581788879935508,,0.8581788879935508,LS_only,False,False,0.0028198860052208712,injected
54365761,0.5,0.005,0.5016486104568989,,0.5016486104568989,LS_only,True,False,0.004878582896722058,injected
54365761,0.5,0.01,0.5016486104568989,1.4999999999986358,0.5016486104568989,Match,True,False,0.009417817179863886,injected
54365761,0.5,0.02,0.5016486104568989,1.4999999999986358,0.5016486104568989,Match,True,False,0.019032099412979543,injected
54365761,1.0,0.002,1.0037700282752087,,1.0037700282752087,LS_only,True,False,0.0031857224127502565,injected
54365761,1.0,0.005,0.9870250231695982,,0.9870250231695982,LS_only,True,False,0.004125336381652259,injected
54365761,1.0,0.01,1.0037700282752087,0.9999999999990905,1.0037700282752087,Match,True,False,0.010592917354718283,injected
54365761,1.0,0.02,1.0037700282752087,0.9999999999990905,1.0037700282752087,Match,True,False,0.02085239082871782,injected
54365761,2.0,0.002,1.9434306569343005,,1.9434306569343005,LS_only,True,False,0.0034088074902724813,injected
54365761,2.0,0.005,2.009433962264145,,2.009433962264145,LS_only,True,False,0.004456947432033531,injected
54365761,2.0,0.01,2.009433962264145,2.0833333333314386,2.009433962264145,Match,True,False,0.009987943371417193,injected
54365761,2.0,0.02,2.009433962264145,1.999999999998181,2.009433962264145,Match,True,False,0.019366590109716985,injected
54365761,3.0,0.002,2.9665738161559805,,2.9665738161559805,LS_only,True,False,0.0028804855370926532,injected
54365761,3.0,0.005,3.0428571428571343,,3.0428571428571343,LS_only,True,False,0.004707459665577247,injected
54365761,3.0,0.01,2.9665738161559805,2.8333333333307564,2.9665738161559805,Match,True,False,0.01098250845476687,injected
54365761,3.0,0.02,2.9665738161559805,2.8333333333307564,2.9665738161559805,Match,True,False,0.020832339186339015,injected
54365761,5.0,0.002,7.947761194029837,,7.947761194029837,LS_only,False,False,0.003328669813842537,injected
54365761,5.0,0.005,5.169902912621348,,5.169902912621348,LS_only,True,False,0.004152505792300357,injected
54365761,5.0,0.01,4.953488372093012,5.166666666661968,4.953488372093012,Match,True,False,0.009465913202820801,injected
54365761,5.0,0.02,4.953488372093012,5.166666666661968,4.953488372093012,Match,True,False,0.019243094101285465,injected
54365761,7.0,0.002,7.447552447552435,,7.447552447552435,LS_only,True,False,0.0043661886718255605,injected
54365761,7.0,0.005,7.006578947368408,,7.006578947368408,LS_only,True,False,0.003934101479375155,injected
54365761,7.0,0.01,7.006578947368408,0.6666666666660603,7.006578947368408,Match,True,False,0.01096364352858955,injected
54365761,7.0,0.02,7.006578947368408,6.916666666660376,7.006578947368408,Match,True,False,0.017928493750275252,injected
54365761,10.0,0.002,8.519999999999987,,8.519999999999987,LS_only,False,False,0.0037667729208027308,injected
54365761,10.0,0.005,9.181034482758609,,9.181034482758609,LS_only,True,False,0.006217668368305161,injected
54365761,10.0,0.01,9.95327102803737,0.9999999999990905,9.95327102803737,Match,True,False,0.009267756255644705,injected
54365761,10.0,0.02,9.95327102803737,8.583333333325527,9.95327102803737,Match,True,False,0.020780360097235002,injected
54365761,12.0,0.002,13.312499999999995,,13.312499999999995,LS_only,False,False,0.003255783680708907,injected
54365761,12.0,0.005,11.966292134831452,,11.966292134831452,LS_only,True,False,0.004510847486437981,injected
54365761,12.0,0.01,11.966292134831452,0.9999999999990905,11.966292134831452,Match,True,False,0.008952861071710923,injected
54365761,12.0,0.02,11.966292134831452,0.6666666666660603,11.966292134831452,Match,True,False,0.01984298903858786,injected
54365761,14.0,0.002,7.947761194029837,,7.947761194029837,LS_only,False,False,0.003074500309712436,injected
54365761,14.0,0.005,13.312499999999995,,13.312499999999995,LS_only,True,False,0.005639341779660291,injected
54365761,14.0,0.01,15.0,,15.0,LS_only,True,False,0.008165278086978662,injected
54365761,14.0,0.02,13.312499999999995,1.3333333333321207,13.312499999999995,Match,True,False,0.018497221210936887,injected
352768996,,0.0,9.155844155844145,,9.155844155844145,LS_only,False,False,0.0014715383245286948,null
352768996,0.5,0.002,0.500354861603973,,0.500354861603973,LS_only,True,False,0.0017971939893555223,injected
352768996,0.5,0.005,0.500354861603973,1.4999999999986358,0.500354861603973,Match,True,False,0.004644564505662926,injected
352768996,0.5,0.01,0.500354861603973,1.4999999999986358,0.500354861603973,Match,True,False,0.009237917856171283,injected
352768996,0.5,0.02,0.500354861603973,1.4999999999986358,0.500354861603973,Match,True,False,0.01940080596261535,injected
352768996,1.0,0.002,1.0057061340941482,,1.0057061340941482,LS_only,True,False,0.0019799178003194816,injected
352768996,1.0,0.005,0.9971711456859943,0.9999999999990905,0.9971711456859943,Match,True,False,0.004740238224685124,injected
352768996,1.0,0.01,0.9971711456859943,0.9999999999990905,0.9971711456859943,Match,True,False,0.00965647856248819,injected
352768996,1.0,0.02,0.9971711456859943,0.9999999999990905,0.9971711456859943,Match,True,False,0.019678244226856358,injected
352768996,2.0,0.002,1.9637883008356491,,1.9637883008356491,LS_only,True,False,0.002727712653056375,injected
352768996,2.0,0.005,2.0317002881844326,2.0833333333314386,2.0317002881844326,Match,True,False,0.004469459986016389,injected
352768996,2.0,0.01,1.9971671388101928,1.999999999998181,1.9971671388101928,Match,True,False,0.010212106456779597,injected
352768996,2.0,0.02,1.9971671388101928,1.999999999998181,1.9971671388101928,Match,True,False,0.019995404225308218,injected
352768996,3.0,0.002,3.1057268722466884,,3.1057268722466884,LS_only,True,False,0.0017194184439321659,injected
352768996,3.0,0.005,3.025751072961366,3.083333333330529,3.025751072961366,Match,True,False,0.005649124535503839,injected
352768996,3.0,0.01,3.025751072961366,2.9999999999972715,3.025751072961366,Match,True,False,0.010754451314214843,injected
352768996,3.0,0.02,3.025751072961366,2.9999999999972715,3.025751072961366,Match,True,False,0.020060962233720198,injected
352768996,5.0,0.002,4.93006993006992,,4.93006993006992,LS_only,True,False,0.0020283558467229495,injected
352768996,5.0,0.005,5.145985401459844,5.08333333332871,5.145985401459844,Match,True,False,0.005601888177489646,injected
352768996,5.0,0.01,4.93006993006992,5.08333333332871,4.93006993006992,Match,True,False,0.011050544089585751,injected
352768996,5.0,0.02,4.93006993006992,4.916666666662195,4.93006993006992,Match,True,False,0.0194744925154804,injected
352768996,7.0,0.002,6.58878504672896,,6.58878504672896,LS_only,True,False,0.002162055933976155,injected
352768996,7.0,0.005,6.980198019801969,6.749999999993861,6.980198019801969,Match,True,False,0.004943182874445886,injected
352768996,7.0,0.01,6.980198019801969,6.749999999993861,6.980198019801969,Match,True,False,0.00960344051507476,injected
352768996,7.0,0.02,6.980198019801969,6.749999999993861,6.980198019801969,Match,True,False,0.019283973753136015,injected
352768996,10.0,0.002,9.155844155844145,0.7499999999993179,9.155844155844145,Match,True,False,0.0033365919112917615,injected
352768996,10.0,0.005,9.929577464788721,9.49999999999136,9.929577464788721,Match,True,False,0.006264078715477934,injected
352768996,10.0,0.01,9.929577464788721,9.49999999999136,9.929577464788721,Match,True,False,0.010280972659381795,injected
352768996,10.0,0.02,9.929577464788721,9.83333333332439,9.929577464788721,Match,True,False,0.019007362642519055,injected
352768996,12.0,0.002,13.301886792452827,,13.301886792452827,LS_only,False,False,0.0017830219705267047,injected
352768996,12.0,0.005,11.949152542372873,0.7499999999993179,11.949152542372873,Match,True,False,0.004367670868543146,injected
352768996,12.0,0.01,11.949152542372873,12.333333333322116,11.949152542372873,Match,True,False,0.009900918355877225,injected
352768996,12.0,0.02,11.949152542372873,12.749999999988404,11.949152542372873,Match,True,False,0.01886432683136928,injected
352768996,14.0,0.002,15.0,,15.0,LS_only,True,False,0.002236340109195994,injected
352768996,14.0,0.005,13.301886792452827,0.7499999999993179,13.301886792452827,Match,True,False,0.005608326999033713,injected
352768996,14.0,0.01,15.0,13.166666666654692,15.0,Match,True,False,0.010355282901491618,injected
352768996,14.0,0.02,13.301886792452827,13.333333333321207,13.301886792452827,Match,True,False,0.01687418354209417,injected
279850471,,0.0,4.51456310679611,,4.51456310679611,LS_only,False,False,0.00016242243555719316,null
279850471,0.5,0.002,0.5016181229773453,1.4999999999986358,0.5016181229773453,Match,True,False,0.001830793985517087,injected
279850471,0.5,0.005,0.5016181229773453,1.4999999999986358,0.5016181229773453,Match,True,False,0.004655123266570667,injected
279850471,0.5,0.01,0.5016181229773453,1.4999999999986358,0.5016181229773453,Match,True,False,0.009251345015844596,injected
279850471,0.5,0.02,0.5016181229773453,1.4999999999986358,0.5016181229773453,Match,True,False,0.018351367814053682,injected
279850471,1.0,0.002,0.9957173447537455,0.9999999999990905,0.9957173447537455,Match,True,False,0.00195318110491425,injected
279850471,1.0,0.005,0.9957173447537455,0.9999999999990905,0.9957173447537455,Match,True,False,0.004894723847893094,injected
279850471,1.0,0.01,0.9957173447537455,0.9999999999990905,0.9957173447537455,Match,True,False,0.009714565188124741,injected
279850471,1.0,0.02,1.0043196544276438,0.9999999999990905,1.0043196544276438,Match,True,False,0.019338910429691696,injected
279850471,2.0,0.002,2.0129870129870095,1.999999999998181,2.0129870129870095,Match,True,False,0.0019660520834360183,injected
279850471,2.0,0.005,2.0129870129870095,1.999999999998181,2.0129870129870095,Match,True,False,0.00492713017586017,injected
279850471,2.0,0.01,2.0129870129870095,1.999999999998181,2.0129870129870095,Match,True,False,0.00988671747322901,injected
279850471,2.0,0.02,2.0129870129870095,1.999999999998181,2.0129870129870095,Match,True,False,0.019463746381728146,injected
279850471,3.0,0.002,2.999999999999995,2.9999999999972715,2.999999999999995,Match,True,False,0.0019596294351718257,injected
279850471,3.0,0.005,2.999999999999995,2.9999999999972715,2.999999999999995,Match,True,False,0.005019893308482398,injected
279850471,3.0,0.01,2.999999999999995,2.9999999999972715,2.999999999999995,Match,True,False,0.009938393845643927,injected
279850471,3.0,0.02,2.999999999999995,2.9999999999972715,2.999999999999995,Match,True,False,0.02004334620370108,injected
279850471,5.0,0.002,5.109890109890103,4.9999999999954525,5.109890109890103,Match,True,False,0.0018994111717326057,injected
279850471,5.0,0.005,5.109890109890103,4.916666666662195,5.109890109890103,Match,True,False,0.0048977044750414395,injected
279850471,5.0,0.01,4.894736842105257,4.916666666662195,4.894736842105257,Match,True,False,0.009980666503121275,injected
279850471,5.0,0.02,5.109890109890103,4.916666666662195,5.109890109890103,Match,True,False,0.019473631381111835,injected
279850471,7.0,0.002,6.940298507462679,6.916666666660376,6.940298507462679,Match,True,False,0.00182688988665773,injected
279850471,7.0,0.005,6.940298507462679,6.916666666660376,6.940298507462679,Match,True,False,0.004868697983070705,injected
279850471,7.0,0.01,6.940298507462679,6.916666666660376,6.940298507462679,Match,True,False,0.009508987307173013,injected
279850471,7.0,0.02,6.940298507462679,6.8333333333271185,6.940298507462679,Match,True,False,0.019642195145262192,injected
279850471,10.0,0.002,9.893617021276588,9.666666666657875,9.893617021276588,Match,True,False,0.0019480827548388718,injected
279850471,10.0,0.005,9.893617021276588,9.916666666657648,9.893617021276588,Match,True,False,0.005014204136138973,injected
279850471,10.0,0.01,9.893617021276588,9.83333333332439,9.893617021276588,Match,True,False,0.00991896358243923,injected
279850471,10.0,0.02,9.893617021276588,9.83333333332439,9.893617021276588,Match,True,False,0.02016907730831221,injected
279850471,12.0,0.002,11.923076923076918,12.416666666655374,11.923076923076918,Match,True,False,0.002038682735354852,injected
279850471,12.0,0.005,11.923076923076918,12.749999999988404,11.923076923076918,Match,True,False,0.0045271475230139035,injected
279850471,12.0,0.01,11.923076923076918,12.749999999988404,11.923076923076918,Match,True,False,0.009734928708394685,injected
279850471,12.0,0.02,11.923076923076918,12.749999999988404,11.923076923076918,Match,True,False,0.018760650865354264,injected
279850471,14.0,0.002,13.285714285714283,13.333333333321207,13.285714285714283,Match,True,False,0.0016580933952644592,injected
279850471,14.0,0.005,13.285714285714283,13.416666666654464,13.285714285714283,Match,True,False,0.005213301878475827,injected
279850471,14.0,0.01,13.285714285714283,13.166666666654692,13.285714285714283,Match,True,False,0.00837330777333376,injected
279850471,14.0,0.02,13.285714285714283,13.333333333321207,13.285714285714283,Match,True,False,0.021131937831739202,injected
237207312,,0.0,2.290640394088666,,2.290640394088666,LS_only,False,False,0.00024853735888746126,null
237207312,0.5,0.002,0.5016181229773453,1.4999999999986358,0.5016181229773453,Match,True,False,0.001895857125928198,injected
237207312,0.5,0.005,0.5016181229773453,1.4999999999986358,0.5016181229773453,Match,True,False,0.004563179410137578,injected
237207312,0.5,0.01,0.5016181229773453,1.4999999999986358,0.5016181229773453,Match,True,False,0.009289932157957169,injected
237207312,0.5,0.02,0.5016181229773453,1.4999999999986358,0.5016181229773453,Match,True,False,0.01844978446004908,injected
237207312,1.0,0.002,1.0043196544276438,0.9999999999990905,1.0043196544276438,Match,True,False,0.001899872179931647,injected
237207312,1.0,0.005,1.0043196544276438,0.9999999999990905,1.0043196544276438,Match,True,False,0.0048951858864512456,injected
237207312,1.0,0.01,0.9957173447537455,0.9999999999990905,0.9957173447537455,Match,True,False,0.009706084827911216,injected
237207312,1.0,0.02,0.9957173447537455,0.9999999999990905,0.9957173447537455,Match,True,False,0.01948712311853505,injected
237207312,2.0,0.002,2.0129870129870095,1.999999999998181,2.0129870129870095,Match,True,False,0.0018755107069769138,injected
237207312,2.0,0.005,2.0129870129870095,1.999999999998181,2.0129870129870095,Match,True,False,0.004964107274704566,injected
237207312,2.0,0.01,2.0129870129870095,1.999999999998181,2.0129870129870095,Match,True,False,0.009859289948056817,injected
237207312,2.0,0.02,2.0129870129870095,1.999999999998181,2.0129870129870095,Match,True,False,0.01978807219547196,injected
237207312,3.0,0.002,2.999999999999995,2.916666666664014,2.999999999999995,Match,True,False,0.0018660062447107418,injected
237207312,3.0,0.005,2.999999999999995,2.916666666664014,2.999999999999995,Match,True,False,0.004870942418893293,injected
237207312,3.0,0.01,2.999999999999995,2.9999999999972715,2.999999999999995,Match,True,False,0.009863972088543485,injected
237207312,3.0,0.02,2.999999999999995,2.9999999999972715,2.999999999999995,Match,True,False,0.020033702969928853,injected
237207312,5.0,0.002,4.894736842105257,4.9999999999954525,4.894736842105257,Match,True,False,0.0020034335460795433,injected
237207312,5.0,0.005,4.894736842105257,4.916666666662195,4.894736842105257,Match,True,False,0.00477761282795108,injected
237207312,5.0,0.01,5.109890109890103,4.9999999999954525,5.109890109890103,Match,True,False,0.009766370037068374,injected
237207312,5.0,0.02,4.894736842105257,4.9999999999954525,4.894736842105257,Match,True,False,0.019462683710472932,injected
237207312,7.0,0.002,6.940298507462679,6.916666666660376,6.940298507462679,Match,True,False,0.002180749711121361,injected
237207312,7.0,0.005,6.940298507462679,6.916666666660376,6.940298507462679,Match,True,False,0.004987221433469258,injected
237207312,7.0,0.01,6.940298507462679,6.916666666660376,6.940298507462679,Match,True,False,0.010058022814699738,injected
237207312,7.0,0.02,6.940298507462679,6.916666666660376,6.940298507462679,Match,True,False,0.01953287426322483,injected
237207312,10.0,0.002,9.893617021276588,9.666666666657875,9.893617021276588,Match,True,False,0.0019219885185322598,injected
237207312,10.0,0.005,9.893617021276588,9.749999999991132,9.893617021276588,Match,True,False,0.005107771815613207,injected
237207312,10.0,0.01,9.893617021276588,9.666666666657875,9.893617021276588,Match,True,False,0.009978853877835148,injected
237207312,10.0,0.02,9.893617021276588,9.749999999991132,9.893617021276588,Match,True,False,0.019792748248189652,injected
237207312,12.0,0.002,11.923076923076918,12.249999999988859,11.923076923076918,Match,True,False,0.002090366658159096,injected
237207312,12.0,0.005,11.923076923076918,12.666666666655146,11.923076923076918,Match,True,False,0.00472989780784242,injected
237207312,12.0,0.01,11.923076923076918,12.666666666655146,11.923076923076918,Match,True,False,0.009987652423840499,injected
237207312,12.0,0.02,11.923076923076918,12.749999999988404,11.923076923076918,Match,True,False,0.018201504503647912,injected
237207312,14.0,0.002,13.285714285714283,12.333333333322116,13.285714285714283,Match,True,False,0.0016397783473505445,injected
237207312,14.0,0.005,13.285714285714283,13.24999999998795,13.285714285714283,Match,True,False,0.004920320027643862,injected
237207312,14.0,0.01,13.285714285714283,13.333333333321207,13.285714285714283,Match,True,False,0.010547775035177885,injected
237207312,14.0,0.02,13.285714285714283,13.24999999998795,13.285714285714283,Match,True,False,0.01609725636148178,injected
377282797,,0.0,5.157958687727815,5.166666666661968,5.157958687727815,Match,False,False,0.0014089922284243443,null
377282797,0.5,0.002,0.5020697811945579,1.4999999999986358,0.5020697811945579,Match,True,False,0.0017782366063204434,injected
377282797,0.5,0.005,0.5020697811945579,1.4999999999986358,0.5020697811945579,Match,True,False,0.004619734528218494,injected
377282797,0.5,0.01,0.5020697811945579,1.4999999999986358,0.5020697811945579,Match,True,False,0.008918721380540546,injected
377282797,0.5,0.02,0.5020697811945579,1.4999999999986358,0.5020697811945579,Match,True,False,0.017930176204935495,injected
377282797,1.0,0.002,1.0004713646005154,0.9999999999990905,1.0004713646005154,Match,True,False,0.001957527721364517,injected
377282797,1.0,0.005,1.0004713646005154,0.9999999999990905,1.0004713646005154,Match,True,False,0.004860702447844664,injected
377282797,1.0,0.01,1.0004713646005154,0.9999999999990905,1.0004713646005154,Match,True,False,0.009996553356617711,injected
377282797,1.0,0.02,1.0004713646005154,0.9999999999990905,1.0004713646005154,Match,True,False,0.019716018755630466,injected
377282797,2.0,0.002,2.003303445021231,1.9166666666649235,2.003303445021231,Match,True,False,0.00210855593612441,injected
377282797,2.0,0.005,2.003303445021231,1.999999999998181,2.003303445021231,Match,True,False,0.005065785829082086,injected
377282797,2.0,0.01,2.003303445021231,1.999999999998181,2.003303445021231,Match,True,False,0.009811326868369247,injected
377282797,2.0,0.02,2.003303445021231,1.999999999998181,2.003303445021231,Match,True,False,0.019689363112537713,injected
377282797,3.0,0.002,3.03431022158684,5.833333333328028,5.833333333328028,Harmonic_Corrected,False,True,0.002230100935766323,injected
377282797,3.0,0.005,3.03431022158684,2.9999999999972715,3.03431022158684,Match,True,False,0.005099805805845625,injected
377282797,3.0,0.01,3.03431022158684,2.9999999999972715,3.03431022158684,Match,True,False,0.009702307396614375,injected
377282797,3.0,0.02,3.03431022158684,2.9999999999972715,3.03431022158684,Match,True,False,0.019265357235743602,injected
377282797,5.0,0.002,5.157958687727815,4.9999999999954525,5.157958687727815,Match,True,False,0.0025919198569898465,injected
377282797,5.0,0.005,4.941792782304995,4.9999999999954525,4.941792782304995,Match,True,False,0.006395188937894753,injected
377282797,5.0,0.01,4.941792782304995,4.916666666662195,4.941792782304995,Match,True,False,0.008849971806759553,injected
377282797,5.0,0.02,4.941792782304995,4.9999999999954525,4.941792782304995,Match,True,False,0.020730161625255664,injected
377282797,7.0,0.002,6.601866251944001,5.499999999994998,6.601866251944001,Match,True,False,0.0017263604147446903,injected
377282797,7.0,0.005,6.993410214168028,6.666666666660603,6.993410214168028,Match,True,False,0.0050104911710351354,injected
377282797,7.0,0.01,6.993410214168028,6.916666666660376,6.993410214168028,Match,True,False,0.010794812124262709,injected
377282797,7.0,0.02,6.993410214168028,6.916666666660376,6.993410214168028,Match,True,False,0.018807999568479228,injected
377282797,10.0,0.002,9.941451990632308,9.916666666657648,9.941451990632308,Match,True,False,0.0017173366279940381,injected
377282797,10.0,0.005,9.941451990632308,9.749999999991132,9.941451990632308,Match,True,False,0.005273543992896028,injected
377282797,10.0,0.01,9.941451990632308,9.749999999991132,9.941451990632308,Match,True,False,0.009879263545287424,injected
377282797,10.0,0.02,9.941451990632308,9.749999999991132,9.941451990632308,Match,True,False,0.019805301956882213,injected
377282797,12.0,0.002,11.957746478873231,,11.957746478873231,LS_only,True,False,0.001738244900492854,injected
377282797,12.0,0.005,11.957746478873231,11.916666666655829,11.957746478873231,Match,True,False,0.005156557454004157,injected
377282797,12.0,0.01,11.957746478873231,10.249999999990678,11.957746478873231,Match,True,False,0.009291663793986661,injected
377282797,12.0,0.02,11.957746478873231,10.49999999999045,11.957746478873231,Match,True,False,0.018894234585341903,injected
377282797,14.0,0.002,15.0,15.416666666652645,15.0,Match,True,False,0.0018934337707360491,injected
377282797,14.0,0.005,13.307210031347958,12.999999999988177,13.307210031347958,Match,True,False,0.005273312804928907,injected
377282797,14.0,0.01,13.307210031347958,13.416666666654464,13.307210031347958,Match,True,False,0.01083380235719141,injected
377282797,14.0,0.02,13.307210031347958,13.416666666654464,13.307210031347958,Match,True,False,0.02081219469690116,injected
219778840,,0.0,11.887608069164258,0.5833333333328028,11.887608069164258,Match,False,False,0.0011843677723792042,null
219778840,0.5,0.002,0.5011541732474778,1.4999999999986358,0.5011541732474778,Match,True,False,0.0018327205663136131,injected
219778840,0.5,0.005,0.5011541732474778,1.4999999999986358,0.5011541732474778,Match,True,False,0.004722863901316029,injected
219778840,0.5,0.01,0.5011541732474778,1.4999999999986358,0.5011541732474778,Match,True,False,0.009460457168197038,injected
219778840,0.5,0.02,0.5011541732474778,1.4999999999986358,0.5011541732474778,Match,True,False,0.018745329945882527,injected
219778840,1.0,0.002,0.9995153864792803,0.9999999999990905,0.9995153864792803,Match,True,False,0.002168379067944882,injected
219778840,1.0,0.005,0.9995153864792803,0.9999999999990905,0.9995153864792803,Match,True,False,0.004808328487766277,injected
219778840,1.0,0.01,0.9995153864792803,0.9999999999990905,0.9995153864792803,Match,True,False,0.009689367999212226,injected
219778840,1.0,0.02,0.9995153864792803,0.9999999999990905,0.9995153864792803,Match,True,False,0.019753904956037575,injected
219778840,2.0,0.002,1.9879518072289113,1.999999999998181,1.9879518072289113,Match,True,False,0.0023063104475953074,injected
219778840,2.0,0.005,2.0230505149583085,1.999999999998181,2.0230505149583085,Match,True,False,0.004839662362723694,injected
219778840,2.0,0.01,1.9879518072289113,1.999999999998181,1.9879518072289113,Match,True,False,0.009564888051327134,injected
219778840,2.0,0.02,1.9879518072289113,1.999999999998181,1.9879518072289113,Match,True,False,0.01953979398388396,injected
219778840,3.0,0.002,2.9654924514737537,2.8333333333307564,2.9654924514737537,Match,True,False,0.0019136692098987772,injected
219778840,3.0,0.005,2.9654924514737537,2.9999999999972715,2.9654924514737537,Match,True,False,0.005023280696814822,injected
219778840,3.0,0.01,3.0442804428044217,2.9999999999972715,3.0442804428044217,Match,True,False,0.009820700513951598,injected
219778840,3.0,0.02,2.9654924514737537,2.9999999999972715,2.9654924514737537,Match,True,False,0.019796668293819156,injected
219778840,5.0,0.002,5.061349693251525,5.08333333332871,5.061349693251525,Match,True,False,0.0021030206204637834,injected
219778840,5.0,0.005,5.061349693251525,4.916666666662195,5.061349693251525,Match,True,False,0.004880574597766326,injected
219778840,5.0,0.01,5.061349693251525,4.9999999999954525,5.061349693251525,Match,True,False,0.010047007376922374,injected
219778840,5.0,0.02,5.061349693251525,4.916666666662195,5.061349693251525,Match,True,False,0.019800674373795686,injected
219778840,7.0,0.002,6.886477462437386,6.8333333333271185,6.886477462437386,Match,True,False,0.0025410854971271626,injected
219778840,7.0,0.005,6.886477462437386,6.8333333333271185,6.886477462437386,Match,True,False,0.005385864824878653,injected
219778840,7.0,0.01,6.886477462437386,6.8333333333271185,6.886477462437386,Match,True,False,0.010122902564327149,injected
219778840,7.0,0.02,6.886477462437386,6.916666666660376,6.886477462437386,Match,True,False,0.018590866986609045,injected
219778840,10.0,0.002,10.770234986945162,10.583333333323708,10.770234986945162,Match,True,False,0.002409668899328806,injected
219778840,10.0,0.005,9.844868735083523,10.416666666657193,9.844868735083523,Match,True,False,0.00442971352383602,injected
219778840,10.0,0.01,9.844868735083523,10.416666666657193,9.844868735083523,Match,True,False,0.009794591307750304,injected
219778840,10.0,0.02,9.844868735083523,10.333333333323935,9.844868735083523,Match,True,False,0.020586480507628048,injected
219778840,12.0,0.002,11.887608069164258,0.5833333333328028,11.887608069164258,Match,True,False,0.003071381225372555,injected
219778840,12.0,0.005,11.887608069164258,13.166666666654692,11.887608069164258,Match,True,False,0.0035180948765683004,injected
219778840,12.0,0.01,11.887608069164258,12.749999999988404,11.887608069164258,Match,True,False,0.009857329813040732,injected
219778840,12.0,0.02,11.887608069164258,12.083333333322344,11.887608069164258,Match,True,False,0.018599744830133668,injected
219778840,14.0,0.002,13.263665594855302,0.5833333333328028,13.263665594855302,Match,True,False,0.002673514532340409,injected
219778840,14.0,0.005,15.0,13.24999999998795,15.0,Match,True,False,0.005796268736193285,injected
219778840,14.0,0.01,13.263665594855302,13.166666666654692,13.263665594855302,Match,True,False,0.009306640200951451,injected
219778840,14.0,0.02,15.0,13.333333333321207,15.0,Match,True,False,0.01770634510014589,injected
232682547,,0.0,6.872909698996647,,6.872909698996647,LS_only,False,False,0.00044154245712145295,null
232682547,0.5,0.002,0.5015865267268722,1.4999999999986358,0.5015865267268722,Match,True,False,0.0017309163533856995,injected
232682547,0.5,0.005,0.5015865267268722,1.4999999999986358,0.5015865267268722,Match,True,False,0.004700561706803566,injected
232682547,0.5,0.01,0.5015865267268722,1.4999999999986358,0.5015865267268722,Match,True,False,0.009266452988370755,injected
232682547,0.5,0.02,0.5015865267268722,1.4999999999986358,0.5015865267268722,Match,True,False,0.018548471797873434,injected
232682547,1.0,0.002,1.0048899755501202,0.9999999999990905,1.0048899755501202,Match,True,False,0.0019119584572485956,injected
232682547,1.0,0.005,0.9961221522055237,0.9999999999990905,0.9961221522055237,Match,True,False,0.004878576603330884,injected
232682547,1.0,0.01,0.9961221522055237,0.9999999999990905,0.9961221522055237,Match,True,False,0.00985710991444505,injected
232682547,1.0,0.02,0.9961221522055237,0.9999999999990905,0.9961221522055237,Match,True,False,0.019674033741197094,injected
232682547,2.0,0.002,2.016683022571144,1.999999999998181,2.016683022571144,Match,True,False,0.0018812977256468862,injected
232682547,2.0,0.005,2.016683022571144,1.999999999998181,2.016683022571144,Match,True,False,0.004935429959365291,injected
232682547,2.0,0.01,2.016683022571144,1.999999999998181,2.016683022571144,Match,True,False,0.009717566156273436,injected
232682547,2.0,0.02,2.016683022571144,1.999999999998181,2.016683022571144,Match,True,False,0.01949793746342722,injected
232682547,3.0,0.002,3.035450516986701,3.083333333330529,3.035450516986701,Match,True,False,0.0019513863029459943,injected
232682547,3.0,0.005,3.035450516986701,2.9999999999972715,3.035450516986701,Match,True,False,0.004876177155296371,injected
232682547,3.0,0.01,3.035450516986701,2.9999999999972715,3.035450516986701,Match,True,False,0.009785988410856613,injected
232682547,3.0,0.02,3.035450516986701,2.9999999999972715,3.035450516986701,Match,True,False,0.019882232030938366,injected
232682547,5.0,0.002,5.049140049140043,4.9999999999954525,5.049140049140043,Match,True,False,0.002145852545611052,injected
232682547,5.0,0.005,5.049140049140043,4.9999999999954525,5.049140049140043,Match,True,False,0.005180194174325149,injected
232682547,5.0,0.01,5.049140049140043,4.9999999999954525,5.049140049140043,Match,True,False,0.009983418853369211,injected
232682547,5.0,0.02,5.049140049140043,4.916666666662195,5.049140049140043,Match,True,False,0.02011519111042407,injected
232682547,7.0,0.002,6.872909698996647,6.083333333327801,6.872909698996647,Match,True,False,0.0019216967126538277,injected
232682547,7.0,0.005,6.872909698996647,6.8333333333271185,6.872909698996647,Match,True,False,0.004492762039692528,injected
232682547,7.0,0.01,6.872909698996647,6.916666666660376,6.872909698996647,Match,True,False,0.01000575986591564,injected
232682547,7.0,0.02,6.872909698996647,6.8333333333271185,6.872909698996647,Match,True,False,0.01950687701576267,injected
232682547,10.0,0.002,9.832535885167456,1.3333333333321207,9.832535885167456,Match,True,False,0.0019527668913392395,injected
232682547,10.0,0.005,9.832535885167456,10.083333333324163,9.832535885167456,Match,True,False,0.004805179824512671,injected
232682547,10.0,0.01,9.832535885167456,9.666666666657875,9.832535885167456,Match,True,False,0.010123986287662598,injected
232682547,10.0,0.02,9.832535885167456,10.416666666657193,9.832535885167456,Match,True,False,0.01984755640401271,injected
232682547,12.0,0.002,11.878612716763,1.3333333333321207,11.878612716763,Match,True,False,0.002005162089180837,injected
232682547,12.0,0.005,11.878612716763,11.916666666655829,11.878612716763,Match,True,False,0.004893202440004166,injected
232682547,12.0,0.01,11.878612716763,12.749999999988404,11.878612716763,Match,True,False,0.009327063602034329,injected
232682547,12.0,0.02,11.878612716763,12.749999999988404,11.878612716763,Match,True,False,0.01791340437781517,injected
232682547,14.0,0.002,13.258064516129028,1.3333333333321207,13.258064516129028,Match,True,False,0.0020866214683538677,injected
232682547,14.0,0.005,13.258064516129028,13.24999999998795,13.258064516129028,Match,True,False,0.005212082564537821,injected
232682547,14.0,0.01,13.258064516129028,13.24999999998795,13.258064516129028,Match,True,False,0.010062435098442553,injected
232682547,14.0,0.02,13.258064516129028,13.24999999998795,13.258064516129028,Match,True,False,0.020917799406536302,injected
229588135,,0.0,10.69148936170212,13.24999999998795,10.69148936170212,Match,False,False,0.000464483564738636,null
229588135,0.5,0.002,0.5019980019980008,1.4999999999986358,0.5019980019980008,Match,True,False,0.0018477757792597423,injected
229588135,0.5,0.005,0.5019980019980008,1.4999999999986358,0.5019980019980008,Match,True,False,0.004530596772585654,injected
229588135,0.5,0.01,0.5019980019980008,1.4999999999986358,0.5019980019980008,Match,True,False,0.009010366129317295,injected
229588135,0.5,0.02,0.5019980019980008,1.4999999999986358,0.5019980019980008,Match,True,False,0.017904715207706347,injected
229588135,1.0,0.002,1.001994017946159,0.9999999999990905,1.001994017946159,Match,True,False,0.0019406094059287358,injected
229588135,1.0,0.005,1.001994017946159,0.9999999999990905,1.001994017946159,Match,True,False,0.004921231604343182,injected
229588135,1.0,0.01,1.001994017946159,0.9999999999990905,1.001994017946159,Match,True,False,0.009830084974200558,injected
229588135,1.0,0.02,1.001994017946159,0.9999999999990905,1.001994017946159,Match,True,False,0.019576096492832706,injected
229588135,2.0,0.002,1.9783464566929088,1.999999999998181,1.9783464566929088,Match,True,False,0.0019126367755532684,injected
229588135,2.0,0.005,2.01402805611222,1.999999999998181,2.01402805611222,Match,True,False,0.004813182997255989,injected
229588135,2.0,0.01,2.01402805611222,1.999999999998181,2.01402805611222,Match,True,False,0.009709892847973911,injected
229588135,2.0,0.02,2.01402805611222,1.999999999998181,2.01402805611222,Match,True,False,0.019507873787324992,injected
229588135,3.0,0.002,2.9821958456973237,2.916666666664014,2.9821958456973237,Match,True,False,0.0019476622425602206,injected
229588135,3.0,0.005,2.9821958456973237,2.916666666664014,2.9821958456973237,Match,True,False,0.004983726780422662,injected
229588135,3.0,0.01,2.9821958456973237,2.9999999999972715,2.9821958456973237,Match,True,False,0.010120835943392498,injected
229588135,3.0,0.02,2.9821958456973237,2.916666666664014,2.9821958456973237,Match,True,False,0.0198054346199634,injected
229588135,5.0,0.002,4.975247524752468,4.9999999999954525,4.975247524752468,Match,True,False,0.0020329337850826298,injected
229588135,5.0,0.005,4.975247524752468,4.9999999999954525,4.975247524752468,Match,True,False,0.005068102198042862,injected
229588135,5.0,0.01,4.975247524752468,4.9999999999954525,4.975247524752468,Match,True,False,0.010133124760216747,injected
229588135,5.0,0.02,4.975247524752468,4.9999999999954525,4.975247524752468,Match,True,False,0.019939660117518354,injected
229588135,7.0,0.002,6.790540540540531,6.749999999993861,6.790540540540531,Match,True,False,0.0020351174753109676,injected
229588135,7.0,0.005,7.230215827338121,6.8333333333271185,7.230215827338121,Match,True,False,0.00481759390307601,injected
229588135,7.0,0.01,6.790540540540531,6.8333333333271185,6.790540540540531,Match,True,False,0.009594701474973948,injected
229588135,7.0,0.02,7.230215827338121,6.916666666660376,7.230215827338121,Match,True,False,0.018888575875536488,injected
229588135,10.0,0.002,9.75728155339805,0.6666666666660603,9.75728155339805,Match,True,False,0.0022934711327731727,injected
229588135,10.0,0.005,9.75728155339805,10.49999999999045,9.75728155339805,Match,True,False,0.004596021705043153,injected
229588135,10.0,0.01,9.75728155339805,10.416666666657193,9.75728155339805,Match,True,False,0.009441267885870486,injected
229588135,10.0,0.02,9.75728155339805,9.583333333324617,9.75728155339805,Match,True,False,0.020362727494420373,injected
229588135,12.0,0.002,11.8235294117647,12.166666666655601,11.8235294117647,Match,True,False,0.001999946811207507,injected
229588135,12.0,0.005,11.8235294117647,13.24999999998795,11.8235294117647,Match,True,False,0.00531139752367983,injected
229588135,12.0,0.01,11.8235294117647,12.749999999988404,11.8235294117647,Match,True,False,0.008848248072177958,injected
229588135,12.0,0.02,11.8235294117647,12.749999999988404,11.8235294117647,Match,True,False,0.01622855290844531,injected
229588135,14.0,0.002,13.223684210526311,13.24999999998795,13.223684210526311,Match,True,False,0.002278079371388174,injected
229588135,14.0,0.005,13.223684210526311,13.24999999998795,13.223684210526311,Match,True,False,0.00552697823473082,injected
229588135,14.0,0.01,13.223684210526311,13.333333333321207,13.223684210526311,Match,True,False,0.010428808959429527,injected
229588135,14.0,0.02,13.223684210526311,13.24999999998795,13.223684210526311,Match,True,False,0.020148603400189403,injected
403316110,,0.0,11.957746478873231,,11.957746478873231,LS_only,False,False,0.0006940623680959018,null
403316110,0.5,0.002,0.5020697811945579,1.4999999999986358,0.5020697811945579,Match,True,False,0.001708584078488771,injected
403316110,0.5,0.005,0.5020697811945579,1.4999999999986358,0.5020697811945579,Match,True,False,0.004533867681216756,injected
403316110,0.5,0.01,0.5020697811945579,1.4999999999986358,0.5020697811945579,Match,True,False,0.009045530958167068,injected
403316110,0.5,0.02,0.5020697811945579,1.4999999999986358,0.5020697811945579,Match,True,False,0.01801241870258337,injected
403316110,1.0,0.002,1.0004713646005154,0.9999999999990905,1.0004713646005154,Match,True,False,0.0019220248654085695,injected
403316110,1.0,0.005,1.0004713646005154,0.9999999999990905,1.0004713646005154,Match,True,False,0.004867838803622308,injected
403316110,1.0,0.01,1.0004713646005154,0.9999999999990905,1.0004713646005154,Match,True,False,0.009779908498182473,injected
403316110,1.0,0.02,1.0004713646005154,0.9999999999990905,1.0004713646005154,Match,True,False,0.019599893427693863,injected
403316110,2.0,0.002,2.003303445021231,1.9166666666649235,2.003303445021231,Match,True,False,0.0017360678696529707,injected
403316110,2.0,0.005,2.003303445021231,1.999999999998181,2.003303445021231,Match,True,False,0.005327078213642774,injected
403316110,2.0,0.01,2.003303445021231,1.999999999998181,2.003303445021231,Match,True,False,0.010085500084175357,injected
403316110,2.0,0.02,2.003303445021231,1.999999999998181,2.003303445021231,Match,True,False,0.01971292578022521,injected
403316110,3.0,0.002,3.03431022158684,3.1666666666637866,3.03431022158684,Match,True,False,0.0019328708096147727,injected
403316110,3.0,0.005,2.9581881533100973,2.9999999999972715,2.9581881533100973,Match,True,False,0.004938211733680715,injected
403316110,3.0,0.01,3.03431022158684,2.9999999999972715,3.03431022158684,Match,True,False,0.009764689620055935,injected
403316110,3.0,0.02,3.03431022158684,2.9999999999972715,3.03431022158684,Match,True,False,0.019516393091764197,injected
403316110,5.0,0.002,4.941792782304995,4.583333333329165,4.941792782304995,Match,True,False,0.0018180118656808486,injected
403316110,5.0,0.005,4.941792782304995,4.916666666662195,4.941792782304995,Match,True,False,0.004775499166986767,injected
403316110,5.0,0.01,4.941792782304995,4.916666666662195,4.941792782304995,Match,True,False,0.009572638918269226,injected
403316110,5.0,0.02,4.941792782304995,4.9999999999954525,4.941792782304995,Match,True,False,0.02018423275805492,injected
403316110,7.0,0.002,6.993410214168028,5.9166666666612855,6.993410214168028,Match,True,False,0.0016579156049773165,injected
403316110,7.0,0.005,6.993410214168028,6.916666666660376,6.993410214168028,Match,True,False,0.0045999046064974895,injected
403316110,7.0,0.01,6.993410214168028,6.8333333333271185,6.993410214168028,Match,True,False,0.010358545555571199,injected
403316110,7.0,0.02,6.993410214168028,6.8333333333271185,6.993410214168028,Match,True,False,0.020438866823867405,injected
403316110,10.0,0.002,9.941451990632308,8.249999999992497,9.941451990632308,Match,True,False,0.0022634700583182266,injected
403316110,10.0,0.005,9.941451990632308,10.083333333324163,9.941451990632308,Match,True,False,0.0044398912301277195,injected
403316110,10.0,0.01,9.941451990632308,9.666666666657875,9.941451990632308,Match,True,False,0.009468032731139818,injected
403316110,10.0,0.02,9.941451990632308,9.666666666657875,9.941451990632308,Match,True,False,0.02053631929134607,injected
403316110,12.0,0.002,11.957746478873231,12.083333333322344,11.957746478873231,Match,True,False,0.0024804335388051357,injected
403316110,12.0,0.005,11.957746478873231,12.583333333321889,11.957746478873231,Match,True,False,0.004218009343517284,injected
403316110,12.0,0.01,11.957746478873231,12.333333333322116,11.957746478873231,Match,True,False,0.009906585798152536,injected
403316110,12.0,0.02,11.957746478873231,12.416666666655374,11.957746478873231,Match,True,False,0.0208009207507608,injected
403316110,14.0,0.002,13.307210031347958,1.083333333332348,13.307210031347958,Match,True,False,0.001990004037783732,injected
403316110,14.0,0.005,13.307210031347958,13.416666666654464,13.307210031347958,Match,True,False,0.005799132363228176,injected
403316110,14.0,0.01,15.0,13.58333333332098,15.0,Match,True,False,0.009656405450014782,injected
403316110,14.0,0.02,13.307210031347958,13.333333333321207,13.307210031347958,Match,True,False,0.020617385841372435,injected
251387731,,0.0,9.05286343612334,0.7499999999993179,9.05286343612334,Match,False,False,0.0016971391940929451,null
251387731,0.5,0.002,0.5015865267268722,1.4999999999986358,0.5015865267268722,Match,True,False,0.0017916825559953988,injected
251387731,0.5,0.005,0.5015865267268722,1.4999999999986358,0.5015865267268722,Match,True,False,0.00469218420620344,injected
251387731,0.5,0.01,0.5015865267268722,1.4999999999986358,0.5015865267268722,Match,True,False,0.009155918690261059,injected
251387731,0.5,0.02,0.5015865267268722,1.4999999999986358,0.5015865267268722,Match,True,False,0.01835181444708637,injected
251387731,1.0,0.002,1.0048899755501202,0.916666666665833,1.0048899755501202,Match,True,False,0.0019671890634460135,injected
251387731,1.0,0.005,0.9961221522055237,0.9999999999990905,0.9961221522055237,Match,True,False,0.005167446609860804,injected
251387731,1.0,0.01,0.9961221522055237,0.9999999999990905,0.9961221522055237,Match,True,False,0.010057661541655405,injected
251387731,1.0,0.02,0.9961221522055237,0.9999999999990905,0.9961221522055237,Match,True,False,0.019389820176560314,injected
251387731,2.0,0.002,2.016683022571144,1.999999999998181,2.016683022571144,Match,True,False,0.0017737370816937827,injected
251387731,2.0,0.005,2.016683022571144,1.999999999998181,2.016683022571144,Match,True,False,0.005272836303573878,injected
251387731,2.0,0.01,2.016683022571144,1.999999999998181,2.016683022571144,Match,True,False,0.009427516346065722,injected
251387731,2.0,0.02,2.016683022571144,1.999999999998181,2.016683022571144,Match,True,False,0.019615877839853104,injected
251387731,3.0,0.002,2.9568345323740957,,2.9568345323740957,LS_only,True,False,0.0017524340128536587,injected
251387731,3.0,0.005,2.9568345323740957,2.916666666664014,2.9568345323740957,Match,True,False,0.0045246479837326575,injected
251387731,3.0,0.01,2.9568345323740957,2.916666666664014,2.9568345323740957,Match,True,False,0.01023774538124741,injected
251387731,3.0,0.02,3.035450516986701,2.9999999999972715,3.035450516986701,Match,True,False,0.019190459269979507,injected
251387731,5.0,0.002,4.835294117647051,,4.835294117647051,LS_only,True,False,0.0027628121889991,injected
251387731,5.0,0.005,5.049140049140043,4.916666666662195,5.049140049140043,Match,True,False,0.005481757656817148,injected
251387731,5.0,0.01,5.049140049140043,4.916666666662195,5.049140049140043,Match,True,False,0.009737675364764704,injected
251387731,5.0,0.02,5.049140049140043,4.9999999999954525,5.049140049140043,Match,True,False,0.02014100962823055,injected
251387731,7.0,0.002,6.482649842271284,0.916666666665833,6.482649842271284,Match,True,False,0.002533237702203588,injected
251387731,7.0,0.005,6.872909698996647,6.166666666661058,6.872909698996647,Match,True,False,0.005271195916257281,injected
251387731,7.0,0.01,6.872909698996647,6.583333333327346,6.872909698996647,Match,True,False,0.009862235986737376,injected
251387731,7.0,0.02,6.872909698996647,6.8333333333271185,6.872909698996647,Match,True,False,0.0191271923259289,injected
251387731,10.0,0.002,9.832535885167456,0.7499999999993179,9.832535885167456,Match,True,False,0.00333391755732116,injected
251387731,10.0,0.005,9.832535885167456,8.583333333325527,9.832535885167456,Match,True,False,0.00666764157375895,injected
251387731,10.0,0.01,10.759162303664915,10.583333333323708,10.759162303664915,Match,True,False,0.008754697730322086,injected
251387731,10.0,0.02,9.832535885167456,10.333333333323935,9.832535885167456,Match,True,False,0.019622920039425003,injected
251387731,12.0,0.002,11.878612716763,0.7499999999993179,11.878612716763,Match,True,False,0.003057925550379767,injected
251387731,12.0,0.005,13.258064516129028,0.7499999999993179,13.258064516129028,Match,False,False,0.005092846949085701,injected
251387731,12.0,0.01,11.878612716763,12.083333333322344,11.878612716763,Match,True,False,0.009334367240492917,injected
251387731,12.0,0.02,11.878612716763,12.249999999988859,11.878612716763,Match,True,False,0.0204718862522913,injected
251387731,14.0,0.002,15.0,0.7499999999993179,15.0,Match,True,False,0.002535746391477668,injected
251387731,14.0,0.005,13.258064516129028,13.24999999998795,13.258064516129028,Match,True,False,0.004805160179610106,injected
251387731,14.0,0.01,13.258064516129028,12.083333333322344,13.258064516129028,Match,True,False,0.008792686147700386,injected
251387731,14.0,0.02,13.258064516129028,13.083333333321434,13.258064516129028,Match,True,False,0.015475055172981181,injected
352432674,,0.0,3.70095902353966,,3.70095902353966,LS_only,False,False,0.001192749958068894,null
352432674,0.5,0.002,0.5020697811945579,3.999999999996362,0.5020697811945579,Match,True,False,0.0018185347226234464,injected
352432674,0.5,0.005,0.5020697811945579,1.4999999999986358,0.5020697811945579,Match,True,False,0.0045835415289960275,injected
352432674,0.5,0.01,0.5020697811945579,1.4999999999986358,0.5020697811945579,Match,True,False,0.0088624969073544,injected
352432674,0.5,0.02,0.5020697811945579,1.4999999999986358,0.5020697811945579,Match,True,False,0.017921024243669183,injected
352432674,1.0,0.002,1.0004713646005154,,1.0004713646005154,LS_only,True,False,0.0017212026377174412,injected
352432674,1.0,0.005,1.0004713646005154,0.9999999999990905,1.0004713646005154,Match,True,False,0.00484292505581985,injected
352432674,1.0,0.01,1.0004713646005154,0.9999999999990905,1.0004713646005154,Match,True,False,0.010125634296346723,injected
352432674,1.0,0.02,1.0004713646005154,0.9999999999990905,1.0004713646005154,Match,True,False,0.019978890491427776,injected
352432674,2.0,0.002,2.003303445021231,3.999999999996362,3.999999999996362,Harmonic_Corrected,False,True,0.00216301633542955,injected
352432674,2.0,0.005,2.003303445021231,1.999999999998181,2.003303445021231,Match,True,False,0.004711439517066952,injected
352432674,2.0,0.01,2.003303445021231,1.999999999998181,2.003303445021231,Match,True,False,0.010008721360119434,injected
352432674,2.0,0.02,2.003303445021231,1.999999999998181,2.003303445021231,Match,True,False,0.01966614829372947,injected
352432674,3.0,0.002,2.885791978246084,,2.885791978246084,LS_only,True,False,0.0019353579981055407,injected
352432674,3.0,0.005,2.9581881533100973,2.916666666664014,2.9581881533100973,Match,True,False,0.004782998562856745,injected
352432674,3.0,0.01,3.03431022158684,2.9999999999972715,3.03431022158684,Match,True,False,0.009691253491826705,injected
352432674,3.0,0.02,2.9581881533100973,2.9999999999972715,2.9581881533100973,Match,True,False,0.019391183737195995,injected
352432674,5.0,0.002,4.743016759776526,4.41666666666265,4.743016759776526,Match,True,False,0.002405833968394594,injected
352432674,5.0,0.005,4.941792782304995,4.666666666662422,4.941792782304995,Match,True,False,0.004316116224226421,injected
352432674,5.0,0.01,4.941792782304995,4.833333333328937,4.941792782304995,Match,True,False,0.009728502170560127,injected
352432674,5.0,0.02,4.941792782304995,4.916666666662195,4.941792782304995,Match,True,False,0.019463884462334942,injected
352432674,7.0,0.002,6.601866251944001,,6.601866251944001,LS_only,True,False,0.0018132768022971237,injected
352432674,7.0,0.005,6.993410214168028,6.8333333333271185,6.993410214168028,Match,True,False,0.005231043544087655,injected
352432674,7.0,0.01,6.993410214168028,6.9999999999936335,6.993410214168028,Match,True,False,0.010131544289690953,injected
352432674,7.0,0.02,6.993410214168028,6.9999999999936335,6.993410214168028,Match,True,False,0.02010363626246458,injected
352432674,10.0,0.002,9.168466522678175,,9.168466522678175,LS_only,True,False,0.002103309300726406,injected
352432674,10.0,0.005,10.85677749360613,9.749999999991132,10.85677749360613,Match,True,False,0.0050661625547887695,injected
352432674,10.0,0.01,9.941451990632308,9.416666666658102,9.941451990632308,Match,True,False,0.009925626820228132,injected
352432674,10.0,0.02,9.941451990632308,10.249999999990678,9.941451990632308,Match,True,False,0.01981194263566439,injected
352432674,12.0,0.002,10.85677749360613,,10.85677749360613,LS_only,True,False,0.0014290307686573185,injected
352432674,12.0,0.005,11.957746478873231,11.916666666655829,11.957746478873231,Match,True,False,0.005130048562284393,injected
352432674,12.0,0.01,11.957746478873231,12.083333333322344,11.957746478873231,Match,True,False,0.010300738433204486,injected
352432674,12.0,0.02,11.957746478873231,10.666666666656965,11.957746478873231,Match,True,False,0.01870757878198827,injected
352432674,14.0,0.002,13.307210031347958,,13.307210031347958,LS_only,True,False,0.001975268983292894,injected
352432674,14.0,0.005,13.307210031347958,1.5833333333318933,13.307210031347958,Match,True,False,0.004848545223273563,injected
352432674,14.0,0.01,15.0,12.916666666654919,15.0,Match,True,False,0.009721146022442874,injected
352432674,14.0,0.02,13.307210031347958,13.166666666654692,13.307210031347958,Match,True,False,0.018176465634089423,injected
400126289,,0.0,8.427991886409725,,8.427991886409725,LS_only,False,False,0.0005540131797611142,null
400126289,0.5,0.002,0.50030102347983,1.4999999999986358,0.50030102347983,Match,True,False,0.0018022802935526753,injected
400126289,0.5,0.005,0.50030102347983,1.4999999999986358,0.50030102347983,Match,True,False,0.004878599185873931,injected
400126289,0.5,0.01,0.50030102347983,1.4999999999986358,0.50030102347983,Match,True,False,0.009453472353070952,injected
400126289,0.5,0.02,0.50030102347983,1.4999999999986358,0.50030102347983,Match,True,False,0.019223288076188685,injected
400126289,1.0,0.002,0.9975990396158435,0.9999999999990905,0.9975990396158435,Match,True,False,0.001993740323202712,injected
400126289,1.0,0.005,0.9975990396158435,0.9999999999990905,0.9975990396158435,Match,True,False,0.00487037673576283,injected
400126289,1.0,0.01,0.9975990396158435,0.9999999999990905,0.9975990396158435,Match,True,False,0.009898784097038607,injected
400126289,1.0,0.02,0.9975990396158435,0.9999999999990905,0.9975990396158435,Match,True,False,0.0197094152224363,injected
400126289,2.0,0.002,2.0004814636494896,1.999999999998181,2.0004814636494896,Match,True,False,0.0017151330661834376,injected
400126289,2.0,0.005,2.0004814636494896,1.999999999998181,2.0004814636494896,Match,True,False,0.004970460336539451,injected
400126289,2.0,0.01,2.0004814636494896,1.999999999998181,2.0004814636494896,Match,True,False,0.01030727267555909,injected
400126289,2.0,0.02,2.0004814636494896,1.999999999998181,2.0004814636494896,Match,True,False,0.020389581915342247,injected
400126289,3.0,0.002,2.9827709978463677,2.8333333333307564,2.9827709978463677,Match,True,False,0.001978148331627752,injected
400126289,3.0,0.005,2.9827709978463677,2.9999999999972715,2.9827709978463677,Match,True,False,0.004979849686946836,injected
400126289,3.0,0.01,2.9827709978463677,2.9999999999972715,2.9827709978463677,Match,True,False,0.009989297714861364,injected
400126289,3.0,0.02,2.9827709978463677,2.9999999999972715,2.9827709978463677,Match,True,False,0.019974739241790218,injected
400126289,5.0,0.002,5.085679314565473,4.9999999999954525,5.085679314565473,Match,True,False,0.0015979722692807418,injected
400126289,5.0,0.005,4.871043376318865,4.916666666662195,4.871043376318865,Match,True,False,0.0053132401329356385,injected
400126289,5.0,0.01,5.085679314565473,4.916666666662195,5.085679314565473,Match,True,False,0.009716909683280478,injected
400126289,5.0,0.02,5.085679314565473,4.916666666662195,5.085679314565473,Match,True,False,0.019588926055414832,injected
400126289,7.0,0.002,7.353982300884946,7.333333333326664,7.353982300884946,Match,True,False,0.0020676925983420386,injected
400126289,7.0,0.005,6.9134775374375925,7.166666666660149,6.9134775374375925,Match,True,False,0.004921455819635194,injected
400126289,7.0,0.01,6.9134775374375925,6.749999999993861,6.9134775374375925,Match,True,False,0.0100014332446607,injected
400126289,7.0,0.02,6.9134775374375925,6.8333333333271185,6.9134775374375925,Match,True,False,0.01999924433037274,injected
400126289,10.0,0.002,9.86935866983372,1.083333333332348,9.86935866983372,Match,True,False,0.0021105901688142385,injected
400126289,10.0,0.005,9.86935866983372,10.666666666656965,9.86935866983372,Match,True,False,0.004678859354495175,injected
400126289,10.0,0.01,9.86935866983372,9.583333333324617,9.86935866983372,Match,True,False,0.010192558990044608,injected
400126289,10.0,0.02,9.86935866983372,9.666666666657875,9.86935866983372,Match,True,False,0.020423605763646317,injected
400126289,12.0,0.002,11.90544412607449,12.083333333322344,11.90544412607449,Match,True,False,0.0018584782285127912,injected
400126289,12.0,0.005,11.90544412607449,12.083333333322344,11.90544412607449,Match,True,False,0.004632077935295393,injected
400126289,12.0,0.01,11.90544412607449,12.749999999988404,11.90544412607449,Match,True,False,0.010209563451182353,injected
400126289,12.0,0.02,11.90544412607449,12.749999999988404,11.90544412607449,Match,True,False,0.019328106010327528,injected
400126289,14.0,0.002,13.274760383386576,1.083333333332348,13.274760383386576,Match,True,False,0.001789931084871927,injected
400126289,14.0,0.005,13.274760383386576,12.833333333321661,13.274760383386576,Match,True,False,0.004580418017807817,injected
400126289,14.0,0.01,13.274760383386576,13.24999999998795,13.274760383386576,Match,True,False,0.007724647350219074,injected
400126289,14.0,0.02,13.274760383386576,13.24999999998795,13.274760383386576,Match,True,False,0.021209067895252554,injected
232640967,,0.0,4.312499999999993,,4.312499999999993,LS_only,False,False,0.001144099396109177,null
232640967,0.5,0.002,0.5007256894049337,,0.5007256894049337,LS_only,True,False,0.002102726940032919,injected
232640967,0.5,0.005,0.5007256894049337,1.4999999999986358,0.5007256894049337,Match,True,False,0.004544403282823972,injected
232640967,0.5,0.01,0.5007256894049337,1.4999999999986358,0.5007256894049337,Match,True,False,0.009401273506056048,injected
232640967,0.5,0.02,0.5007256894049337,1.4999999999986358,0.5007256894049337,Match,True,False,0.01887795655479068,injected
232640967,1.0,0.002,0.994236311239191,,0.994236311239191,LS_only,True,False,0.002150060388367371,injected
232640967,1.0,0.005,0.994236311239191,0.916666666665833,0.994236311239191,Match,True,False,0.0047987788557509545,injected
232640967,1.0,0.01,0.994236311239191,0.9999999999990905,0.994236311239191,Match,True,False,0.009693507391824941,injected
232640967,1.0,0.02,1.002906976744184,0.9999999999990905,1.002906976744184,Match,True,False,0.019324748923866063,injected
232640967,2.0,0.002,1.9942196531791871,,1.9942196531791871,LS_only,True,False,0.0018584499100752696,injected
232640967,2.0,0.005,1.9942196531791871,2.0833333333314386,1.9942196531791871,Match,True,False,0.004627186281738373,injected
232640967,2.0,0.01,1.9942196531791871,1.999999999998181,1.9942196531791871,Match,True,False,0.01024239365700461,injected
232640967,2.0,0.02,1.9942196531791871,1.999999999998181,1.9942196531791871,Match,True,False,0.020373535623438733,injected
232640967,3.0,0.002,2.9741379310344773,,2.9741379310344773,LS_only,True,False,0.0022457620829857746,injected
232640967,3.0,0.005,3.0530973451327377,2.916666666664014,3.0530973451327377,Match,True,False,0.004818492625341597,injected
232640967,3.0,0.01,3.0530973451327377,2.916666666664014,3.0530973451327377,Match,True,False,0.009652861257180657,injected
232640967,3.0,0.02,2.9741379310344773,2.9999999999972715,2.9741379310344773,Match,True,False,0.020001537842609086,injected
232640967,5.0,0.002,5.0735294117646985,,5.0735294117646985,LS_only,True,False,0.0020182718881591745,injected
232640967,5.0,0.005,4.859154929577458,5.08333333332871,4.859154929577458,Match,True,False,0.0050199996707779625,injected
232640967,5.0,0.01,4.859154929577458,5.08333333332871,4.859154929577458,Match,True,False,0.009901886754483013,injected
232640967,5.0,0.02,5.0735294117646985,4.9999999999954525,5.0735294117646985,Match,True,False,0.019651278421151216,injected
232640967,7.0,0.002,7.340425531914886,,7.340425531914886,LS_only,True,False,0.0016263782509435508,injected
232640967,7.0,0.005,7.340425531914886,1.3333333333321207,7.340425531914886,Match,True,False,0.0048492005130815405,injected
232640967,7.0,0.01,6.8999999999999915,6.749999999993861,6.8999999999999915,Match,True,False,0.009595016062862291,injected
232640967,7.0,0.02,6.8999999999999915,6.9999999999936335,6.8999999999999915,Match,True,False,0.019935266461853837,injected
232640967,10.0,0.002,10.781249999999993,,10.781249999999993,LS_only,True,False,0.0018542061816109966,injected
232640967,10.0,0.005,9.85714285714285,9.16666666665833,9.85714285714285,Match,True,False,0.005204853407023564,injected
232640967,10.0,0.01,9.85714285714285,8.8333333333253,9.85714285714285,Match,True,False,0.010193002083386792,injected
232640967,10.0,0.02,9.85714285714285,9.583333333324617,9.85714285714285,Match,True,False,0.02030125947480402,injected
232640967,12.0,0.002,11.896551724137925,0.7499999999993179,11.896551724137925,Match,True,False,0.0019686177246532686,injected
232640967,12.0,0.005,11.896551724137925,0.6666666666660603,11.896551724137925,Match,True,False,0.005193129820273165,injected
232640967,12.0,0.01,11.896551724137925,11.999999999989086,11.896551724137925,Match,True,False,0.009190288398653105,injected
232640967,12.0,0.02,11.896551724137925,12.749999999988404,11.896551724137925,Match,True,False,0.01870516595277029,injected
232640967,14.0,0.002,13.269230769230766,,13.269230769230766,LS_only,True,False,0.0019001452303778605,injected
232640967,14.0,0.005,13.269230769230766,13.083333333321434,13.269230769230766,Match,True,False,0.0041664700537084615,injected
232640967,14.0,0.01,15.0,12.833333333321661,15.0,Match,True,False,0.008880704124737427,injected
232640967,14.0,0.02,13.269230769230766,13.416666666654464,13.269230769230766,Match,True,False,0.02003516536755196,injected
433791559,,0.0,6.993410214168028,12.916666666654919,12.916666666654919,Harmonic_Corrected,False,False,0.0007062593867127037,null
433791559,0.5,0.002,0.5020697811945579,1.4999999999986358,0.5020697811945579,Match,True,False,0.001847868910745302,injected
433791559,0.5,0.005,0.5020697811945579,1.4999999999986358,0.5020697811945579,Match,True,False,0.004430685648034119,injected
433791559,0.5,0.01,0.5020697811945579,1.4999999999986358,0.5020697811945579,Match,True,False,0.009030377889560008,injected
433791559,0.5,0.02,0.5020697811945579,1.4999999999986358,0.5020697811945579,Match,True,False,0.017970073258833368,injected
433791559,1.0,0.002,1.0004713646005154,0.9999999999990905,1.0004713646005154,Match,True,False,0.0020163033417804907,injected
433791559,1.0,0.005,1.0004713646005154,0.9999999999990905,1.0004713646005154,Match,True,False,0.004962831882563074,injected
433791559,1.0,0.01,1.0004713646005154,0.9999999999990905,1.0004713646005154,Match,True,False,0.0099659788396442,injected
433791559,1.0,0.02,1.0004713646005154,0.9999999999990905,1.0004713646005154,Match,True,False,0.019897343272818283,injected
433791559,2.0,0.002,2.003303445021231,1.999999999998181,2.003303445021231,Match,True,False,0.001784010274937248,injected
433791559,2.0,0.005,2.003303445021231,1.999999999998181,2.003303445021231,Match,True,False,0.005169081628825153,injected
433791559,2.0,0.01,2.003303445021231,1.999999999998181,2.003303445021231,Match,True,False,0.009828232992891027,injected
433791559,2.0,0.02,2.003303445021231,1.999999999998181,2.003303445021231,Match,True,False,0.019556573388487423,injected
433791559,3.0,0.002,3.03431022158684,2.9999999999972715,3.03431022158684,Match,True,False,0.002264341938809433,injected
433791559,3.0,0.005,3.03431022158684,2.9999999999972715,3.03431022158684,Match,True,False,0.0052220969436268475,injected
433791559,3.0,0.01,2.9581881533100973,2.9999999999972715,2.9581881533100973,Match,True,False,0.009422738134614325,injected
433791559,3.0,0.02,3.03431022158684,2.9999999999972715,3.03431022158684,Match,True,False,0.019499654419196967,injected
433791559,5.0,0.002,4.941792782304995,4.9999999999954525,4.941792782304995,Match,True,False,0.002263819713060713,injected
433791559,5.0,0.005,4.941792782304995,4.916666666662195,4.941792782304995,Match,True,False,0.004822477779189732,injected
433791559,5.0,0.01,4.941792782304995,4.916666666662195,4.941792782304995,Match,True,False,0.010069143998268307,injected
433791559,5.0,0.02,4.941792782304995,4.916666666662195,4.941792782304995,Match,True,False,0.020176145281367554,injected
433791559,7.0,0.002,6.993410214168028,6.8333333333271185,6.993410214168028,Match,True,False,0.002374131452539173,injected
433791559,7.0,0.005,6.993410214168028,6.8333333333271185,6.993410214168028,Match,True,False,0.005637082877460138,injected
433791559,7.0,0.01,6.993410214168028,6.8333333333271185,6.993410214168028,Match,True,False,0.009518285097414696,injected
433791559,7.0,0.02,6.993410214168028,6.916666666660376,6.993410214168028,Match,True,False,0.018719903698543764,injected
433791559,10.0,0.002,9.941451990632308,9.999999999990905,9.941451990632308,Match,True,False,0.0025258886061729434,injected
433791559,10.0,0.005,9.941451990632308,9.666666666657875,9.941451990632308,Match,True,False,0.005017041752932114,injected
433791559,10.0,0.01,9.941451990632308,9.583333333324617,9.941451990632308,Match,True,False,0.009661408862366811,injected
433791559,10.0,0.02,9.941451990632308,9.666666666657875,9.941451990632308,Match,True,False,0.019801648829568114,injected
433791559,12.0,0.002,11.957746478873231,10.249999999990678,11.957746478873231,Match,True,False,0.002539619899248629,injected
433791559,12.0,0.005,11.957746478873231,12.749999999988404,11.957746478873231,Match,True,False,0.004935957307836766,injected
433791559,12.0,0.01,11.957746478873231,12.749999999988404,11.957746478873231,Match,True,False,0.009195003806078475,injected
433791559,12.0,0.02,11.957746478873231,12.749999999988404,11.957746478873231,Match,True,False,0.018528991125562885,injected
433791559,14.0,0.002,15.0,12.916666666654919,15.0,Match,True,False,0.0018053876460496063,injected
433791559,14.0,0.005,15.0,13.083333333321434,15.0,Match,True,False,0.0046326099323939236,injected
433791559,14.0,0.01,15.0,13.333333333321207,15.0,Match,True,False,0.009709288067578266,injected
433791559,14.0,0.02,13.307210031347958,13.333333333321207,13.307210031347958,Match,True,False,0.016172128060591515,injected
54365102,,0.0,2.149367088607589,2.166666666664696,2.149367088607589,Match,False,False,0.002892062569358893,null
54365102,0.5,0.002,2.149367088607589,1.999999999998181,2.149367088607589,Match,False,False,0.0028950246257090357,injected
54365102,0.5,0.005,0.5020697811945579,1.999999999998181,0.5020697811945579,Match,True,False,0.004633661436876186,injected
54365102,0.5,0.01,0.5020697811945579,1.999999999998181,0.5020697811945579,Match,True,False,0.008769658712882482,injected
54365102,0.5,0.02,0.5020697811945579,1.4999999999986358,0.5020697811945579,Match,True,False,0.01799864302818768,injected
54365102,1.0,0.002,2.149367088607589,1.999999999998181,2.149367088607589,Match,False,True,0.0029019983715488193,injected
54365102,1.0,0.005,1.0004713646005154,0.9999999999990905,1.0004713646005154,Match,True,False,0.004873317482799797,injected
54365102,1.0,0.01,1.0004713646005154,0.9999999999990905,1.0004713646005154,Match,True,False,0.010090173533696803,injected
54365102,1.0,0.02,1.0004713646005154,0.9999999999990905,1.0004713646005154,Match,True,False,0.01973930874652199,injected
54365102,2.0,0.002,2.07376648754274,2.166666666664696,2.07376648754274,Match,True,False,0.0035085265670022634,injected
54365102,2.0,0.005,2.037926068170902,1.999999999998181,2.037926068170902,Match,True,False,0.005846007921076786,injected
54365102,2.0,0.01,2.003303445021231,1.999999999998181,2.003303445021231,Match,True,False,0.010511053732327526,injected
54365102,2.0,0.02,2.003303445021231,1.999999999998181,2.003303445021231,Match,True,False,0.020609350110559203,injected
54365102,3.0,0.002,2.149367088607589,2.166666666664696,2.149367088607589,Match,False,False,0.003035988279669015,injected
54365102,3.0,0.005,3.03431022158684,2.6666666666642413,3.03431022158684,Match,True,False,0.005021399904253307,injected
54365102,3.0,0.01,3.03431022158684,2.916666666664014,3.03431022158684,Match,True,False,0.009934574932063183,injected
54365102,3.0,0.02,3.03431022158684,2.9999999999972715,3.03431022158684,Match,True,False,0.019433164134971835,injected
54365102,5.0,0.002,2.1892728210417682,4.333333333329392,4.333333333329392,Harmonic_Corrected,False,False,0.0028954806630349782,injected
54365102,5.0,0.005,4.941792782304995,4.333333333329392,4.941792782304995,Match,True,False,0.0043211621868135975,injected
54365102,5.0,0.01,4.941792782304995,4.833333333328937,4.941792782304995,Match,True,False,0.010198631379113067,injected
54365102,5.0,0.02,4.941792782304995,4.916666666662195,4.941792782304995,Match,True,False,0.020463017705251652,injected
54365102,7.0,0.002,2.149367088607589,2.166666666664696,2.149367088607589,Match,False,False,0.002790415893533255,injected
54365102,7.0,0.005,6.993410214168028,6.499999999994088,6.993410214168028,Match,True,False,0.004410804072401028,injected
54365102,7.0,0.01,6.993410214168028,6.749999999993861,6.993410214168028,Match,True,False,0.009787510669424657,injected
54365102,7.0,0.02,6.993410214168028,6.916666666660376,6.993410214168028,Match,True,False,0.019426390933369588,injected
54365102,10.0,0.002,2.149367088607589,2.166666666664696,2.149367088607589,Match,False,False,0.0029109239718441166,injected
54365102,10.0,0.005,9.941451990632308,1.999999999998181,9.941451990632308,Match,True,False,0.004799656585530641,injected
54365102,10.0,0.01,9.941451990632308,8.999999999991815,9.941451990632308,Match,True,False,0.009695537923556256,injected
54365102,10.0,0.02,9.941451990632308,9.749999999991132,9.941451990632308,Match,True,False,0.020222957067552224,injected
54365102,12.0,0.002,2.1892728210417682,2.166666666664696,2.1892728210417682,Match,False,False,0.0028724185418570205,injected
54365102,12.0,0.005,11.957746478873231,1.999999999998181,11.957746478873231,Match,True,False,0.005271354728105492,injected
54365102,12.0,0.01,11.957746478873231,11.833333333322571,11.957746478873231,Match,True,False,0.010649958838964494,injected
54365102,12.0,0.02,11.957746478873231,12.749999999988404,11.957746478873231,Match,True,False,0.02022873959143717,injected
54365102,14.0,0.002,2.149367088607589,2.166666666664696,2.149367088607589,Match,False,False,0.0029133165627402025,injected
54365102,14.0,0.005,13.307210031347958,1.999999999998181,13.307210031347958,Match,True,False,0.004968191064090167,injected
54365102,14.0,0.01,13.307210031347958,13.166666666654692,13.307210031347958,Match,True,False,0.008190849865923893,injected
54365102,14.0,0.02,13.307210031347958,12.999999999988177,13.307210031347958,Match,True,False,0.016808923366263523,injected
367739022,,0.0,1.697286012526093,,1.697286012526093,LS_only,False,False,0.0002195974849027671,null
367739022,0.5,0.002,0.500677423327995,1.4999999999986358,0.500677423327995,Match,True,False,0.0019347619917983725,injected
367739022,0.5,0.005,0.500677423327995,1.4999999999986358,0.500677423327995,Match,True,False,0.004730611799274025,injected
367739022,0.5,0.01,0.500677423327995,1.4999999999986358,0.500677423327995,Match,True,False,0.009561139404701815,injected
367739022,0.5,0.02,0.500677423327995,1.4999999999986358,0.500677423327995,Match,True,False,0.019109976972591723,injected
367739022,1.0,0.002,1.003455936805725,0.9999999999990905,1.003455936805725,Match,True,False,0.0019306650208588806,injected
367739022,1.0,0.005,1.003455936805725,0.9999999999990905,1.003455936805725,Match,True,False,0.0049540523898311374,injected
367739022,1.0,0.01,1.003455936805725,0.9999999999990905,1.003455936805725,Match,True,False,0.009778720796569192,injected
367739022,1.0,0.02,1.003455936805725,0.9999999999990905,1.003455936805725,Match,True,False,0.019452297530739307,injected
367739022,2.0,0.002,1.9975429975429941,1.999999999998181,1.9975429975429941,Match,True,False,0.002060757731209314,injected
367739022,2.0,0.005,1.9975429975429941,1.999999999998181,1.9975429975429941,Match,True,False,0.004997849148468484,injected
367739022,2.0,0.01,1.9975429975429941,1.999999999998181,1.9975429975429941,Match,True,False,0.009917054120288059,injected
367739022,2.0,0.02,1.9975429975429941,1.999999999998181,1.9975429975429941,Match,True,False,0.019664244479617857,injected
367739022,3.0,0.002,3.0088823094004393,2.9999999999972715,3.0088823094004393,Match,True,False,0.0019029633915852388,injected
367739022,3.0,0.005,3.0088823094004393,2.9999999999972715,3.0088823094004393,Match,True,False,0.004972892663621423,injected
367739022,3.0,0.01,3.0088823094004393,2.9999999999972715,3.0088823094004393,Match,True,False,0.009906125302594576,injected
367739022,3.0,0.02,3.0088823094004393,2.9999999999972715,3.0088823094004393,Match,True,False,0.01975547692451672,injected
367739022,5.0,0.002,5.012330456226873,4.833333333328937,5.012330456226873,Match,True,False,0.001921357539949249,injected
367739022,5.0,0.005,5.012330456226873,4.916666666662195,5.012330456226873,Match,True,False,0.004927361583739359,injected
367739022,5.0,0.01,5.012330456226873,4.9999999999954525,5.012330456226873,Match,True,False,0.010119046732230382,injected
367739022,5.0,0.02,5.012330456226873,4.9999999999954525,5.012330456226873,Match,True,False,0.020222438636460945,injected
367739022,7.0,0.002,6.831932773109235,6.9999999999936335,6.831932773109235,Match,True,False,0.001875588696343316,injected
367739022,7.0,0.005,6.831932773109235,6.9999999999936335,6.831932773109235,Match,True,False,0.004812434169091398,injected
367739022,7.0,0.01,6.831932773109235,6.8333333333271185,6.831932773109235,Match,True,False,0.009611728843566572,injected
367739022,7.0,0.02,6.831932773109235,6.8333333333271185,6.831932773109235,Match,True,False,0.019285368170972626,injected
367739022,10.0,0.002,9.795180722891558,10.749999999990223,9.795180722891558,Match,True,False,0.002040589579359969,injected
367739022,10.0,0.005,9.795180722891558,10.249999999990678,9.795180722891558,Match,True,False,0.005010365823781461,injected
367739022,10.0,0.01,9.795180722891558,10.49999999999045,9.795180722891558,Match,True,False,0.009990440061316282,injected
367739022,10.0,0.02,9.795180722891558,10.49999999999045,9.795180722891558,Match,True,False,0.019667580873518255,injected
367739022,12.0,0.002,11.851311953352765,11.666666666656056,11.851311953352765,Match,True,False,0.0018584032689430764,injected
367739022,12.0,0.005,11.851311953352765,12.083333333322344,11.851311953352765,Match,True,False,0.0049787307068987225,injected
367739022,12.0,0.01,11.851311953352765,12.749999999988404,11.851311953352765,Match,True,False,0.00874498259217593,injected
367739022,12.0,0.02,11.851311953352765,12.083333333322344,11.851311953352765,Match,True,False,0.02091295610265986,injected
367739022,14.0,0.002,15.0,13.166666666654692,15.0,Match,True,False,0.0013554045779574642,injected
367739022,14.0,0.005,13.24104234527687,13.166666666654692,13.24104234527687,Match,True,False,0.004347520061390104,injected
367739022,14.0,0.01,13.24104234527687,13.24999999998795,13.24104234527687,Match,True,False,0.007388372842880521,injected
367739022,14.0,0.02,13.24104234527687,13.083333333321434,13.24104234527687,Match,True,False,0.020069156012318557,injected
20766994,,0.0,6.251840942562581,12.749999999988404,12.749999999988404,Harmonic_Corrected,False,False,0.00019813414161019849,null
20766994,0.5,0.002,0.5020697811945579,1.4999999999986358,0.5020697811945579,Match,True,False,0.001792067040400229,injected
20766994,0.5,0.005,0.5020697811945579,1.4999999999986358,0.5020697811945579,Match,True,False,0.004463695766079767,injected
20766994,0.5,0.01,0.5020697811945579,1.4999999999986358,0.5020697811945579,Match,True,False,0.008920505114373884,injected
20766994,0.5,0.02,0.5020697811945579,1.4999999999986358,0.5020697811945579,Match,True,False,0.017821360013844573,injected
20766994,1.0,0.002,1.0004713646005154,0.9999999999990905,1.0004713646005154,Match,True,False,0.0019735548707194633,injected
20766994,1.0,0.005,1.0004713646005154,0.9999999999990905,1.0004713646005154,Match,True,False,0.00494433739974116,injected
20766994,1.0,0.01,1.0004713646005154,0.9999999999990905,1.0004713646005154,Match,True,False,0.009937881831565224,injected
20766994,1.0,0.02,1.0004713646005154,0.9999999999990905,1.0004713646005154,Match,True,False,0.019871425344277,injected
20766994,2.0,0.002,2.003303445021231,1.999999999998181,2.003303445021231,Match,True,False,0.0019923028966634107,injected
20766994,2.0,0.005,2.003303445021231,1.999999999998181,2.003303445021231,Match,True,False,0.004967594343082371,injected
20766994,2.0,0.01,2.003303445021231,1.999999999998181,2.003303445021231,Match,True,False,0.010027257613210612,injected
20766994,2.0,0.02,2.003303445021231,1.999999999998181,2.003303445021231,Match,True,False,0.019755763230272436,injected
20766994,3.0,0.002,2.9581881533100973,2.9999999999972715,2.9581881533100973,Match,True,False,0.0019384676235933208,injected
20766994,3.0,0.005,3.03431022158684,2.9999999999972715,3.03431022158684,Match,True,False,0.004950164075330288,injected
20766994,3.0,0.01,3.03431022158684,2.9999999999972715,3.03431022158684,Match,True,False,0.009808538719690308,injected
20766994,3.0,0.02,3.03431022158684,2.9999999999972715,3.03431022158684,Match,True,False,0.019632409812288188,injected
20766994,5.0,0.002,4.941792782304995,4.9999999999954525,4.941792782304995,Match,True,False,0.0019966793275073254,injected
20766994,5.0,0.005,4.941792782304995,4.916666666662195,4.941792782304995,Match,True,False,0.004996770217228173,injected
20766994,5.0,0.01,4.941792782304995,4.916666666662195,4.941792782304995,Match,True,False,0.010024941259419974,injected
20766994,5.0,0.02,4.941792782304995,4.916666666662195,4.941792782304995,Match,True,False,0.020082968297177425,injected
20766994,7.0,0.002,6.993410214168028,6.8333333333271185,6.993410214168028,Match,True,False,0.0018492053881877435,injected
20766994,7.0,0.005,6.993410214168028,6.916666666660376,6.993410214168028,Match,True,False,0.005163070706591002,injected
20766994,7.0,0.01,6.993410214168028,6.916666666660376,6.993410214168028,Match,True,False,0.00986005271800345,injected
20766994,7.0,0.02,6.993410214168028,6.9999999999936335,6.993410214168028,Match,True,False,0.019301454288959737,injected
20766994,10.0,0.002,9.941451990632308,9.666666666657875,9.941451990632308,Match,True,False,0.0019997236841913417,injected
20766994,10.0,0.005,9.941451990632308,9.83333333332439,9.941451990632308,Match,True,False,0.0049151764600008415,injected
20766994,10.0,0.01,9.941451990632308,9.83333333332439,9.941451990632308,Match,True,False,0.009912582771316892,injected
20766994,10.0,0.02,9.941451990632308,9.583333333324617,9.941451990632308,Match,True,False,0.019564879514961886,injected
20766994,12.0,0.002,11.957746478873231,12.666666666655146,11.957746478873231,Match,True,False,0.0019115245800911723,injected
20766994,12.0,0.005,11.957746478873231,12.749999999988404,11.957746478873231,Match,True,False,0.004681006827747621,injected
20766994,12.0,0.01,11.957746478873231,12.666666666655146,11.957746478873231,Match,True,False,0.00993201604657178,injected
20766994,12.0,0.02,11.957746478873231,12.083333333322344,11.957746478873231,Match,True,False,0.01959354309284506,injected
20766994,14.0,0.002,15.0,13.58333333332098,15.0,Match,True,False,0.002054535545092061,injected
20766994,14.0,0.005,13.307210031347958,13.58333333332098,13.307210031347958,Match,True,False,0.004657904647974431,injected
20766994,14.0,0.01,13.307210031347958,13.166666666654692,13.307210031347958,Match,True,False,0.009783853764371376,injected
20766994,14.0,0.02,13.307210031347958,13.58333333332098,13.307210031347958,Match,True,False,0.018736152978930876,injected
326201262,,0.0,9.168466522678175,,9.168466522678175,LS_only,False,False,0.0006344248369128386,null
326201262,0.5,0.002,0.5020697811945579,1.4999999999986358,0.5020697811945579,Match,True,False,0.0017008990146001677,injected
326201262,0.5,0.005,0.5020697811945579,1.4999999999986358,0.5020697811945579,Match,True,False,0.00458948359425135,injected
326201262,0.5,0.01,0.5020697811945579,1.4999999999986358,0.5020697811945579,Match,True,False,0.008921121075220721,injected
326201262,0.5,0.02,0.5020697811945579,1.4999999999986358,0.5020697811945579,Match,True,False,0.018095815756735124,injected
326201262,1.0,0.002,1.0004713646005154,0.9999999999990905,1.0004713646005154,Match,True,False,0.0019258131067661232,injected
326201262,1.0,0.005,1.0004713646005154,0.9999999999990905,1.0004713646005154,Match,True,False,0.004953367405104671,injected
326201262,1.0,0.01,1.0004713646005154,0.9999999999990905,1.0004713646005154,Match,True,False,0.009915221477369587,injected
326201262,1.0,0.02,1.0004713646005154,0.9999999999990905,1.0004713646005154,Match,True,False,0.019697669507496296,injected
326201262,2.0,0.002,2.003303445021231,1.999999999998181,2.003303445021231,Match,True,False,0.001877741507040709,injected
326201262,2.0,0.005,2.003303445021231,1.999999999998181,2.003303445021231,Match,True,False,0.005003308159022578,injected
326201262,2.0,0.01,2.003303445021231,1.999999999998181,2.003303445021231,Match,True,False,0.009817477120948168,injected
326201262,2.0,0.02,2.003303445021231,1.999999999998181,2.003303445021231,Match,True,False,0.019703800906860674,injected
326201262,3.0,0.002,3.03431022158684,2.9999999999972715,3.03431022158684,Match,True,False,0.0020904671326628524,injected
326201262,3.0,0.005,2.9581881533100973,2.916666666664014,2.9581881533100973,Match,True,False,0.004862833845878118,injected
326201262,3.0,0.01,3.03431022158684,2.9999999999972715,3.03431022158684,Match,True,False,0.00995381856079569,injected
326201262,3.0,0.02,3.03431022158684,2.9999999999972715,3.03431022158684,Match,True,False,0.019632835828048607,injected
326201262,5.0,0.002,5.157958687727815,4.9999999999954525,5.157958687727815,Match,True,False,0.0016570454972294232,injected
326201262,5.0,0.005,4.941792782304995,4.9999999999954525,4.941792782304995,Match,True,False,0.0046926513207914185,injected
326201262,5.0,0.01,4.941792782304995,4.9999999999954525,4.941792782304995,Match,True,False,0.01004972317863803,injected
326201262,5.0,0.02,4.941792782304995,4.9999999999954525,4.941792782304995,Match,True,False,0.019449455226880137,injected
326201262,7.0,0.002,6.993410214168028,7.083333333326891,6.993410214168028,Match,True,False,0.0014816246542322309,injected
326201262,7.0,0.005,6.993410214168028,6.916666666660376,6.993410214168028,Match,True,False,0.004923447321515941,injected
326201262,7.0,0.01,6.993410214168028,6.9999999999936335,6.993410214168028,Match,True,False,0.009558513099257425,injected
326201262,7.0,0.02,6.993410214168028,6.8333333333271185,6.993410214168028,Match,True,False,0.019930444030991777,injected
326201262,10.0,0.002,9.941451990632308,9.666666666657875,9.941451990632308,Match,True,False,0.0025537450491142036,injected
326201262,10.0,0.005,9.941451990632308,9.666666666657875,9.941451990632308,Match,True,False,0.005408172011482487,injected
326201262,10.0,0.01,9.941451990632308,9.583333333324617,9.941451990632308,Match,True,False,0.010186927988179521,injected
326201262,10.0,0.02,9.941451990632308,9.666666666657875,9.941451990632308,Match,True,False,0.020190124060908168,injected
326201262,12.0,0.002,11.957746478873231,10.16666666665742,11.957746478873231,Match,True,False,0.002080302081228299,injected
326201262,12.0,0.005,11.957746478873231,12.333333333322116,11.957746478873231,Match,True,False,0.005271888269750696,injected
326201262,12.0,0.01,11.957746478873231,10.16666666665742,11.957746478873231,Match,True,False,0.009771325774517413,injected
326201262,12.0,0.02,11.957746478873231,12.583333333321889,11.957746478873231,Match,True,False,0.019821813672755078,injected
326201262,14.0,0.002,13.307210031347958,2.166666666664696,13.307210031347958,Match,True,False,0.001993466627015135,injected
326201262,14.0,0.005,13.307210031347958,12.999999999988177,13.307210031347958,Match,True,False,0.004235323519940025,injected
326201262,14.0,0.01,13.307210031347958,13.499999999987722,13.307210031347958,Match,True,False,0.010053323783432907,injected
326201262,14.0,0.02,13.307210031347958,12.999999999988177,13.307210031347958,Match,True,False,0.016787174438109852,injected
285179624,,0.0,11.949152542372873,0.6666666666660603,11.949152542372873,Match,False,False,0.00034847962560385193,null
285179624,0.5,0.002,0.500354861603973,1.4999999999986358,0.500354861603973,Match,True,False,0.0019010866877065401,injected
285179624,0.5,0.005,0.500354861603973,1.4999999999986358,0.500354861603973,Match,True,False,0.004787535893858002,injected
285179624,0.5,0.01,0.500354861603973,1.4999999999986358,0.500354861603973,Match,True,False,0.009599459144918302,injected
285179624,0.5,0.02,0.500354861603973,1.4999999999986358,0.500354861603973,Match,True,False,0.019235573445178733,injected
285179624,1.0,0.002,0.9971711456859943,0.9999999999990905,0.9971711456859943,Match,True,False,0.0020055288603135937,injected
285179624,1.0,0.005,0.9971711456859943,0.9999999999990905,0.9971711456859943,Match,True,False,0.004933572166953235,injected
285179624,1.0,0.01,0.9971711456859943,0.9999999999990905,0.9971711456859943,Match,True,False,0.009901917635241548,injected
285179624,1.0,0.02,0.9971711456859943,0.9999999999990905,0.9971711456859943,Match,True,False,0.019714581386277876,injected
285179624,2.0,0.002,1.9971671388101928,1.999999999998181,1.9971671388101928,Match,True,False,0.0020664806891359465,injected
285179624,2.0,0.005,1.9971671388101928,1.999999999998181,1.9971671388101928,Match,True,False,0.004953551388945696,injected
285179624,2.0,0.01,1.9971671388101928,1.999999999998181,1.9971671388101928,Match,True,False,0.009946979880987417,injected
285179624,2.0,0.02,1.9971671388101928,1.999999999998181,1.9971671388101928,Match,True,False,0.019952839814355704,injected
285179624,3.0,0.002,3.025751072961366,2.9999999999972715,3.025751072961366,Match,True,False,0.0019857394349077563,injected
285179624,3.0,0.005,3.025751072961366,2.9999999999972715,3.025751072961366,Match,True,False,0.0049855443245618025,injected
285179624,3.0,0.01,3.025751072961366,2.9999999999972715,3.025751072961366,Match,True,False,0.009953220605774526,injected
285179624,3.0,0.02,3.025751072961366,2.9999999999972715,3.025751072961366,Match,True,False,0.019648082087366427,injected
285179624,5.0,0.002,4.93006993006992,4.916666666662195,4.93006993006992,Match,True,False,0.00196573087943644,injected
285179624,5.0,0.005,4.93006993006992,4.9999999999954525,4.93006993006992,Match,True,False,0.004753656538731895,injected
285179624,5.0,0.01,4.93006993006992,4.916666666662195,4.93006993006992,Match,True,False,0.009927598575644951,injected
285179624,5.0,0.02,4.93006993006992,4.916666666662195,4.93006993006992,Match,True,False,0.020089548144385582,injected
285179624,7.0,0.002,6.980198019801969,7.083333333326891,6.980198019801969,Match,True,False,0.0018298507662166934,injected
285179624,7.0,0.005,6.980198019801969,6.916666666660376,6.980198019801969,Match,True,False,0.004975325916487157,injected
285179624,7.0,0.01,6.980198019801969,6.916666666660376,6.980198019801969,Match,True,False,0.009750163926649232,injected
285179624,7.0,0.02,6.980198019801969,6.8333333333271185,6.980198019801969,Match,True,False,0.019862989501399368,injected
285179624,10.0,0.002,9.929577464788721,9.83333333332439,9.929577464788721,Match,True,False,0.0022198138533491506,injected
285179624,10.0,0.005,9.929577464788721,9.749999999991132,9.929577464788721,Match,True,False,0.005126836043832342,injected
285179624,10.0,0.01,9.929577464788721,9.916666666657648,9.929577464788721,Match,True,False,0.00990416084416766,injected
285179624,10.0,0.02,9.929577464788721,9.83333333332439,9.929577464788721,Match,True,False,0.020199081542756566,injected
285179624,12.0,0.002,11.949152542372873,12.749999999988404,11.949152542372873,Match,True,False,0.0023931966596581877,injected
285179624,12.0,0.005,11.949152542372873,12.583333333321889,11.949152542372873,Match,True,False,0.005467191578084208,injected
285179624,12.0,0.01,11.949152542372873,12.333333333322116,11.949152542372873,Match,True,False,0.010079709710764531,injected
285179624,12.0,0.02,11.949152542372873,12.749999999988404,11.949152542372873,Match,True,False,0.01879222694182423,injected
285179624,14.0,0.002,15.0,13.666666666654237,15.0,Match,True,False,0.0019389154610273429,injected
285179624,14.0,0.005,13.301886792452827,13.333333333321207,13.301886792452827,Match,True,False,0.0052174295437936394,injected
285179624,14.0,0.01,13.301886792452827,13.499999999987722,13.301886792452827,Match,True,False,0.008202196065411902,injected
285179624,14.0,0.02,13.301886792452827,13.499999999987722,13.301886792452827,Match,True,False,0.015529686701291383,injected
233680140,,0.0,2.3012318029115297,2.333333333331211,2.3012318029115297,Match,False,False,0.001557381064610568,null
233680140,0.5,0.002,0.5015865267268722,1.4999999999986358,0.5015865267268722,Match,True,False,0.0018729706864055,injected
233680140,0.5,0.005,0.5015865267268722,1.999999999998181,0.5015865267268722,Match,True,False,0.004612141072679048,injected
233680140,0.5,0.01,0.5015865267268722,1.4999999999986358,0.5015865267268722,Match,True,False,0.009289480664511527,injected
233680140,0.5,0.02,0.5015865267268722,1.4999999999986358,0.5015865267268722,Match,True,False,0.018442437652082366,injected
233680140,1.0,0.002,0.9961221522055237,1.999999999998181,1.999999999998181,Harmonic_Corrected,False,True,0.0019451206760150279,injected
233680140,1.0,0.005,0.9961221522055237,0.9999999999990905,0.9961221522055237,Match,True,False,0.00492984352390866,injected
233680140,1.0,0.01,1.0048899755501202,0.9999999999990905,1.0048899755501202,Match,True,False,0.009593084634032559,injected
233680140,1.0,0.02,0.9961221522055237,0.9999999999990905,0.9961221522055237,Match,True,False,0.019722365304225723,injected
233680140,2.0,0.002,2.016683022571144,1.999999999998181,2.016683022571144,Match,True,False,0.0021299798603236064,injected
233680140,2.0,0.005,2.016683022571144,1.999999999998181,2.016683022571144,Match,True,False,0.004659653343599234,injected
233680140,2.0,0.01,1.9816779170684629,1.999999999998181,1.9816779170684629,Match,True,False,0.009995107194607186,injected
233680140,2.0,0.02,2.016683022571144,1.999999999998181,2.016683022571144,Match,True,False,0.019429446985260626,injected
233680140,3.0,0.002,2.9568345323740957,2.583333333330984,2.9568345323740957,Match,True,False,0.0019426352839394074,injected
233680140,3.0,0.005,2.9568345323740957,2.8333333333307564,2.9568345323740957,Match,True,False,0.004821456498641215,injected
233680140,3.0,0.01,3.035450516986701,2.9999999999972715,3.035450516986701,Match,True,False,0.009984632427455516,injected
233680140,3.0,0.02,3.035450516986701,2.9999999999972715,3.035450516986701,Match,True,False,0.019543268359443217,injected
233680140,5.0,0.002,5.049140049140043,4.833333333328937,5.049140049140043,Match,True,False,0.002320397261334302,injected
233680140,5.0,0.005,5.049140049140043,4.916666666662195,5.049140049140043,Match,True,False,0.004729336100128709,injected
233680140,5.0,0.01,5.049140049140043,4.9999999999954525,5.049140049140043,Match,True,False,0.010718436747523116,injected
233680140,5.0,0.02,5.049140049140043,4.916666666662195,5.049140049140043,Match,True,False,0.019534310514928988,injected
233680140,7.0,0.002,7.313167259786469,6.8333333333271185,7.313167259786469,Match,True,False,0.0023940538654175425,injected
233680140,7.0,0.005,7.313167259786469,13.999999999987267,13.999999999987267,Harmonic_Corrected,False,True,0.005046836155735947,injected
233680140,7.0,0.01,6.872909698996647,6.8333333333271185,6.872909698996647,Match,True,False,0.010149808656682236,injected
233680140,7.0,0.02,6.872909698996647,6.916666666660376,6.872909698996647,Match,True,False,0.01983764739494821,injected
233680140,10.0,0.002,9.832535885167456,2.333333333331211,9.832535885167456,Match,True,False,0.00206760048997941,injected
233680140,10.0,0.005,9.832535885167456,9.416666666658102,9.832535885167456,Match,True,False,0.004809951608544896,injected
233680140,10.0,0.01,9.832535885167456,9.333333333324845,9.832535885167456,Match,True,False,0.009777267450797992,injected
233680140,10.0,0.02,9.832535885167456,9.583333333324617,9.832535885167456,Match,True,False,0.01988481222413437,injected
233680140,12.0,0.002,11.878612716763,2.333333333331211,11.878612716763,Match,True,False,0.0018699322634511894,injected
233680140,12.0,0.005,11.878612716763,11.749999999989313,11.878612716763,Match,True,False,0.004406738063745645,injected
233680140,12.0,0.01,11.878612716763,12.083333333322344,11.878612716763,Match,True,False,0.009048205172370748,injected
233680140,12.0,0.02,11.878612716763,12.749999999988404,11.878612716763,Match,True,False,0.01762125538245748,injected
233680140,14.0,0.002,13.258064516129028,2.333333333331211,13.258064516129028,Match,True,False,0.002115227330840404,injected
233680140,14.0,0.005,13.258064516129028,13.749999999987494,13.258064516129028,Match,True,False,0.004039407134041847,injected
233680140,14.0,0.01,13.258064516129028,13.333333333321207,13.258064516129028,Match,True,False,0.008246624443271747,injected
233680140,14.0,0.02,13.258064516129028,13.333333333321207,13.258064516129028,Match,True,False,0.01981041969632474,injected
21096512,,0.0,10.8673469387755,0.8333333333325754,10.8673469387755,Match,False,False,0.0017320723475768704,null
21096512,0.5,0.002,0.5016486104568989,0.9999999999990905,0.9999999999990905,Harmonic_Corrected,False,True,0.0019029156214950954,injected
21096512,0.5,0.005,0.5016486104568989,1.4999999999986358,0.5016486104568989,Match,True,False,0.004870105586634319,injected
21096512,0.5,0.01,0.5016486104568989,1.4999999999986358,0.5016486104568989,Match,True,False,0.00894175364156148,injected
21096512,0.5,0.02,0.5016486104568989,1.4999999999986358,0.5016486104568989,Match,True,False,0.018485217594654203,injected
21096512,1.0,0.002,1.0037700282752087,0.916666666665833,1.0037700282752087,Match,True,False,0.002187294246900763,injected
21096512,1.0,0.005,1.0037700282752087,0.9999999999990905,1.0037700282752087,Match,True,False,0.004804623547293301,injected
21096512,1.0,0.01,1.0037700282752087,0.9999999999990905,1.0037700282752087,Match,True,False,0.009726257771158348,injected
21096512,1.0,0.02,1.0037700282752087,0.9999999999990905,1.0037700282752087,Match,True,False,0.01977764029347786,injected
21096512,2.0,0.002,10.8673469387755,,10.8673469387755,LS_only,False,False,0.0017230553077538457,injected
21096512,2.0,0.005,2.009433962264145,1.999999999998181,2.009433962264145,Match,True,False,0.004598303240584927,injected
21096512,2.0,0.01,2.009433962264145,1.999999999998181,2.009433962264145,Match,True,False,0.010586099132671337,injected
21096512,2.0,0.02,2.009433962264145,1.999999999998181,2.009433962264145,Match,True,False,0.02036482082627534,injected
21096512,3.0,0.002,3.0428571428571343,,3.0428571428571343,LS_only,True,False,0.002326174948660683,injected
21096512,3.0,0.005,3.0428571428571343,3.083333333330529,3.0428571428571343,Match,True,False,0.005301798672789267,injected
21096512,3.0,0.01,2.9665738161559805,2.916666666664014,2.9665738161559805,Match,True,False,0.009670071787963985,injected
21096512,3.0,0.02,2.9665738161559805,2.9999999999972715,2.9665738161559805,Match,True,False,0.019997503297911966,injected
21096512,5.0,0.002,5.169902912621348,0.8333333333325754,5.169902912621348,Match,True,False,0.002249681614354614,injected
21096512,5.0,0.005,4.953488372093012,4.74999999999568,4.953488372093012,Match,True,False,0.005323027001158316,injected
21096512,5.0,0.01,4.953488372093012,4.74999999999568,4.953488372093012,Match,True,False,0.009933689896467493,injected
21096512,5.0,0.02,4.953488372093012,4.916666666662195,4.953488372093012,Match,True,False,0.0196270138080796,injected
21096512,7.0,0.002,10.8673469387755,0.8333333333325754,10.8673469387755,Match,False,False,0.0017706150963449562,injected
21096512,7.0,0.005,7.006578947368408,0.7499999999993179,7.006578947368408,Match,True,False,0.005767304791671557,injected
21096512,7.0,0.01,7.006578947368408,6.583333333327346,7.006578947368408,Match,True,False,0.008606447248384639,injected
21096512,7.0,0.02,7.006578947368408,7.083333333326891,7.006578947368408,Match,True,False,0.021096513584614878,injected
21096512,10.0,0.002,10.8673469387755,0.8333333333325754,10.8673469387755,Match,True,False,0.003279544898716072,injected
21096512,10.0,0.005,9.95327102803737,0.8333333333325754,9.95327102803737,Match,True,False,0.00612424907531573,injected
21096512,10.0,0.01,9.95327102803737,9.666666666657875,9.95327102803737,Match,True,False,0.01068776854272411,injected
21096512,10.0,0.02,9.95327102803737,9.666666666657875,9.95327102803737,Match,True,False,0.021364884393745218,injected
21096512,12.0,0.002,11.966292134831452,0.8333333333325754,11.966292134831452,Match,True,False,0.0020923057070038747,injected
21096512,12.0,0.005,11.966292134831452,0.8333333333325754,11.966292134831452,Match,True,False,0.006624897453745625,injected
21096512,12.0,0.01,11.966292134831452,12.416666666655374,11.966292134831452,Match,True,False,0.011611537863685227,injected
21096512,12.0,0.02,11.966292134831452,12.749999999988404,11.966292134831452,Match,True,False,0.020413460156035033,injected
21096512,14.0,0.002,13.312499999999995,0.8333333333325754,13.312499999999995,Match,True,False,0.002612657566577863,injected
21096512,14.0,0.005,15.0,0.8333333333325754,15.0,Match,True,False,0.004917192346829658,injected
21096512,14.0,0.01,13.312499999999995,13.58333333332098,13.312499999999995,Match,True,False,0.009218739964569568,injected
21096512,14.0,0.02,13.312499999999995,13.333333333321207,13.312499999999995,Match,True,False,0.021382447057211477,injected
367069981,,0.0,10.85677749360613,,10.85677749360613,LS_only,False,False,0.0004088226408374446,null
367069981,0.5,0.002,0.5020697811945579,1.4999999999986358,0.5020697811945579,Match,True,False,0.0017545355467305707,injected
367069981,0.5,0.005,0.5020697811945579,1.4999999999986358,0.5020697811945579,Match,True,False,0.004494328629981566,injected
367069981,0.5,0.01,0.5020697811945579,1.4999999999986358,0.5020697811945579,Match,True,False,0.008989816151024836,injected
367069981,0.5,0.02,0.5020697811945579,1.4999999999986358,0.5020697811945579,Match,True,False,0.01795536314949183,injected
367069981,1.0,0.002,1.0004713646005154,0.9999999999990905,1.0004713646005154,Match,True,False,0.0019051604283242866,injected
367069981,1.0,0.005,1.0004713646005154,0.9999999999990905,1.0004713646005154,Match,True,False,0.0049632142744592605,injected
367069981,1.0,0.01,1.0004713646005154,0.9999999999990905,1.0004713646005154,Match,True,False,0.009811013419394197,injected
367069981,1.0,0.02,1.0004713646005154,0.9999999999990905,1.0004713646005154,Match,True,False,0.019957810104661064,injected
367069981,2.0,0.002,2.003303445021231,1.999999999998181,2.003303445021231,Match,True,False,0.0021395188833324722,injected
367069981,2.0,0.005,2.003303445021231,1.999999999998181,2.003303445021231,Match,True,False,0.004755093426614376,injected
367069981,2.0,0.01,2.003303445021231,1.999999999998181,2.003303445021231,Match,True,False,0.010119965199613471,injected
367069981,2.0,0.02,2.003303445021231,1.999999999998181,2.003303445021231,Match,True,False,0.01972080428776762,injected
367069981,3.0,0.002,2.9581881533100973,2.916666666664014,2.9581881533100973,Match,True,False,0.0019169816688542484,injected
367069981,3.0,0.005,3.03431022158684,2.9999999999972715,3.03431022158684,Match,True,False,0.00473722180767401,injected
367069981,3.0,0.01,3.03431022158684,2.9999999999972715,3.03431022158684,Match,True,False,0.00987185688759091,injected
367069981,3.0,0.02,3.03431022158684,2.9999999999972715,3.03431022158684,Match,True,False,0.019711755614562065,injected
367069981,5.0,0.002,4.941792782304995,4.74999999999568,4.941792782304995,Match,True,False,0.0018349602361312906,injected
367069981,5.0,0.005,4.941792782304995,4.9999999999954525,4.941792782304995,Match,True,False,0.005100978360338499,injected
367069981,5.0,0.01,4.941792782304995,4.916666666662195,4.941792782304995,Match,True,False,0.00957627660480858,injected
367069981,5.0,0.02,4.941792782304995,4.9999999999954525,4.941792782304995,Match,True,False,0.020238947876343907,injected
367069981,7.0,0.002,6.993410214168028,7.083333333326891,6.993410214168028,Match,True,False,0.0020359474774202585,injected
367069981,7.0,0.005,6.993410214168028,6.9999999999936335,6.993410214168028,Match,True,False,0.004998266279824214,injected
367069981,7.0,0.01,6.993410214168028,6.9999999999936335,6.993410214168028,Match,True,False,0.00992226595630747,injected
367069981,7.0,0.02,6.993410214168028,6.916666666660376,6.993410214168028,Match,True,False,0.020223835253205067,injected
367069981,10.0,0.002,9.941451990632308,1.2499999999988631,9.941451990632308,Match,True,False,0.0016979291975665759,injected
367069981,10.0,0.005,9.941451990632308,9.666666666657875,9.941451990632308,Match,True,False,0.004663756842729846,injected
367069981,10.0,0.01,9.941451990632308,10.16666666665742,9.941451990632308,Match,True,False,0.009898309056267087,injected
367069981,10.0,0.02,9.941451990632308,9.666666666657875,9.941451990632308,Match,True,False,0.020473974326859334,injected
367069981,12.0,0.002,11.957746478873231,1.2499999999988631,11.957746478873231,Match,True,False,0.002003532189474799,injected
367069981,12.0,0.005,11.957746478873231,10.583333333323708,11.957746478873231,Match,True,False,0.004837441651109781,injected
367069981,12.0,0.01,11.957746478873231,10.16666666665742,11.957746478873231,Match,True,False,0.009657395913841016,injected
367069981,12.0,0.02,11.957746478873231,12.083333333322344,11.957746478873231,Match,True,False,0.0199746575972029,injected
367069981,14.0,0.002,15.0,0.7499999999993179,15.0,Match,True,False,0.001955998861988251,injected
367069981,14.0,0.005,13.307210031347958,13.166666666654692,13.307210031347958,Match,True,False,0.004340509708301528,injected
367069981,14.0,0.01,13.307210031347958,13.333333333321207,13.307210031347958,Match,True,False,0.010884132561236938,injected
367069981,14.0,0.02,13.307210031347958,13.24999999998795,13.307210031347958,Match,True,False,0.019911888682039774,injected
359495300,,0.0,3.2242990654205554,,3.2242990654205554,LS_only,False,False,0.00014650751921102578,null
359495300,0.5,0.002,0.5007256894049337,1.4999999999986358,0.5007256894049337,Match,True,False,0.001943851261967395,injected
359495300,0.5,0.005,0.5007256894049337,1.4999999999986358,0.5007256894049337,Match,True,False,0.004719827378012578,injected
359495300,0.5,0.01,0.5007256894049337,1.4999999999986358,0.5007256894049337,Match,True,False,0.009443920328667036,injected
359495300,0.5,0.02,0.5007256894049337,1.4999999999986358,0.5007256894049337,Match,True,False,0.019023037211897038,injected
359495300,1.0,0.002,1.002906976744184,0.9999999999990905,1.002906976744184,Match,True,False,0.0019706969856894854,injected
359495300,1.0,0.005,1.002906976744184,0.9999999999990905,1.002906976744184,Match,True,False,0.004954228175697663,injected
359495300,1.0,0.01,1.002906976744184,0.9999999999990905,1.002906976744184,Match,True,False,0.009883513053186315,injected
359495300,1.0,0.02,1.002906976744184,0.9999999999990905,1.002906976744184,Match,True,False,0.01948370348050756,injected
359495300,2.0,0.002,1.9942196531791871,1.999999999998181,1.9942196531791871,Match,True,False,0.0020150847523434023,injected
359495300,2.0,0.005,1.9942196531791871,1.999999999998181,1.9942196531791871,Match,True,False,0.005042768841866946,injected
359495300,2.0,0.01,1.9942196531791871,1.999999999998181,1.9942196531791871,Match,True,False,0.009864900503378531,injected
359495300,2.0,0.02,1.9942196531791871,1.999999999998181,1.9942196531791871,Match,True,False,0.019661169535580076,injected
359495300,3.0,0.002,2.9741379310344773,2.9999999999972715,2.9741379310344773,Match,True,False,0.0019154782465501939,injected
359495300,3.0,0.005,2.9741379310344773,2.9999999999972715,2.9741379310344773,Match,True,False,0.004874178517309029,injected
359495300,3.0,0.01,2.9741379310344773,2.9999999999972715,2.9741379310344773,Match,True,False,0.009831702632619427,injected
359495300,3.0,0.02,2.9741379310344773,2.9999999999972715,2.9741379310344773,Match,True,False,0.019737205847024274,injected
359495300,5.0,0.002,5.0735294117646985,4.916666666662195,5.0735294117646985,Match,True,False,0.001989057740224542,injected
359495300,5.0,0.005,5.0735294117646985,4.9999999999954525,5.0735294117646985,Match,True,False,0.005041076837555545,injected
359495300,5.0,0.01,5.0735294117646985,4.9999999999954525,5.0735294117646985,Match,True,False,0.00995637414077845,injected
359495300,5.0,0.02,5.0735294117646985,4.916666666662195,5.0735294117646985,Match,True,False,0.01994729057907768,injected
359495300,7.0,0.002,6.8999999999999915,6.8333333333271185,6.8999999999999915,Match,True,False,0.0019732348151274707,injected
359495300,7.0,0.005,6.8999999999999915,6.916666666660376,6.8999999999999915,Match,True,False,0.0049212121113906505,injected
359495300,7.0,0.01,6.8999999999999915,6.916666666660376,6.8999999999999915,Match,True,False,0.009853757464170778,injected
359495300,7.0,0.02,6.8999999999999915,6.916666666660376,6.8999999999999915,Match,True,False,0.019398228283588826,injected
359495300,10.0,0.002,9.85714285714285,9.583333333324617,9.85714285714285,Match,True,False,0.0019907033047433286,injected
359495300,10.0,0.005,9.85714285714285,9.666666666657875,9.85714285714285,Match,True,False,0.0051199565539213465,injected
359495300,10.0,0.01,9.85714285714285,9.666666666657875,9.85714285714285,Match,True,False,0.009960070082876733,injected
359495300,10.0,0.02,9.85714285714285,9.666666666657875,9.85714285714285,Match,True,False,0.019747679341065617,injected
359495300,12.0,0.002,11.896551724137925,12.749999999988404,11.896551724137925,Match,True,False,0.0019532476973914965,injected
359495300,12.0,0.005,11.896551724137925,12.749999999988404,11.896551724137925,Match,True,False,0.0045997371334219935,injected
359495300,12.0,0.01,11.896551724137925,12.749999999988404,11.896551724137925,Match,True,False,0.00901578303140847,injected
359495300,12.0,0.02,11.896551724137925,12.083333333322344,11.896551724137925,Match,True,False,0.020966233863001185,injected
359495300,14.0,0.002,13.269230769230766,12.999999999988177,13.269230769230766,Match,True,False,0.001688983348061188,injected
359495300,14.0,0.005,13.269230769230766,13.083333333321434,13.269230769230766,Match,True,False,0.0050743241017175466,injected
359495300,14.0,0.01,13.269230769230766,13.166666666654692,13.269230769230766,Match,True,False,0.009426932151232,injected
359495300,14.0,0.02,13.269230769230766,13.166666666654692,13.269230769230766,Match,True,False,0.017107775506470968,injected
12736655,,0.0,4.548387096774183,9.16666666665833,9.16666666665833,Harmonic_Corrected,False,False,0.0035875102646219267,null
12736655,0.5,0.002,4.548387096774183,8.999999999991815,8.999999999991815,Harmonic_Corrected,False,False,0.003607313049751278,injected
12736655,0.5,0.005,0.500354861603973,1.999999999998181,0.500354861603973,Match,True,False,0.004608320624337417,injected
12736655,0.5,0.01,0.500354861603973,1.999999999998181,0.500354861603973,Match,True,False,0.00971863451258779,injected
12736655,0.5,0.02,0.500354861603973,1.4999999999986358,0.500354861603973,Match,True,False,0.01917084081227893,injected
12736655,1.0,0.002,4.548387096774183,9.083333333325072,9.083333333325072,Harmonic_Corrected,False,False,0.0035453571960121035,injected
12736655,1.0,0.005,1.0057061340941482,0.9999999999990905,1.0057061340941482,Match,True,False,0.005098319030419864,injected
12736655,1.0,0.01,0.9971711456859943,0.9999999999990905,0.9971711456859943,Match,True,False,0.010236512741487866,injected
12736655,1.0,0.02,0.9971711456859943,0.9999999999990905,0.9971711456859943,Match,True,False,0.019095876135229638,injected
12736655,2.0,0.002,4.548387096774183,,4.548387096774183,LS_only,False,False,0.0035188392113851183,injected
12736655,2.0,0.005,1.9971671388101928,,1.9971671388101928,LS_only,True,False,0.003997049679587548,injected
12736655,2.0,0.01,1.9971671388101928,1.999999999998181,1.9971671388101928,Match,True,False,0.010476279595641822,injected
12736655,2.0,0.02,1.9971671388101928,1.999999999998181,1.9971671388101928,Match,True,False,0.021909268600334264,injected
12736655,3.0,0.002,4.548387096774183,9.16666666665833,9.16666666665833,Harmonic_Corrected,False,False,0.003535426315558694,injected
12736655,3.0,0.005,3.1057268722466884,9.16666666665833,3.1057268722466884,Match,True,False,0.004334548698210954,injected
12736655,3.0,0.01,3.025751072961366,2.9999999999972715,3.025751072961366,Match,True,False,0.010917284325503077,injected
12736655,3.0,0.02,3.025751072961366,2.9999999999972715,3.025751072961366,Match,True,False,0.01911259248910944,injected
12736655,5.0,0.002,4.731543624161064,9.16666666665833,9.16666666665833,Harmonic_Corrected,False,True,0.0048762574259246655,injected
12736655,5.0,0.005,4.93006993006992,4.833333333328937,4.93006993006992,Match,True,False,0.0061349832377303945,injected
12736655,5.0,0.01,5.145985401459844,4.833333333328937,5.145985401459844,Match,True,False,0.007771898302656752,injected
12736655,5.0,0.02,4.93006993006992,4.916666666662195,4.93006993006992,Match,True,False,0.021917180183875555,injected
12736655,7.0,0.002,4.548387096774183,9.16666666665833,9.16666666665833,Harmonic_Corrected,False,False,0.003631721200547271,injected
12736655,7.0,0.005,6.980198019801969,13.999999999987267,13.999999999987267,Harmonic_Corrected,False,True,0.005907435313810342,injected
12736655,7.0,0.01,6.980198019801969,6.916666666660376,6.980198019801969,Match,True,False,0.008336145894688073,injected
12736655,7.0,0.02,6.980198019801969,6.8333333333271185,6.980198019801969,Match,True,False,0.02179800589562795,injected
12736655,10.0,0.002,4.548387096774183,9.16666666665833,9.16666666665833,Harmonic_Corrected,True,False,0.003496073510977069,injected
12736655,10.0,0.005,9.929577464788721,9.16666666665833,9.929577464788721,Match,True,False,0.007363506152578017,injected
12736655,10.0,0.01,9.929577464788721,9.16666666665833,9.929577464788721,Match,True,False,0.011606181375181688,injected
12736655,10.0,0.02,9.929577464788721,9.333333333324845,9.929577464788721,Match,True,False,0.018848360519961267,injected
12736655,12.0,0.002,10.846153846153838,9.16666666665833,10.846153846153838,Match,True,False,0.004189227474552336,injected
12736655,12.0,0.005,11.949152542372873,,11.949152542372873,LS_only,True,False,0.00418970846725028,injected
12736655,12.0,0.01,11.949152542372873,13.833333333320752,11.949152542372873,Match,True,False,0.007410844022561727,injected
12736655,12.0,0.02,11.949152542372873,12.166666666655601,11.949152542372873,Match,True,False,0.01956993825855253,injected
12736655,14.0,0.002,4.548387096774183,9.083333333325072,9.083333333325072,Harmonic_Corrected,False,False,0.0032551410507075163,injected
12736655,14.0,0.005,13.301886792452827,,13.301886792452827,LS_only,True,False,0.004931658136711607,injected
12736655,14.0,0.01,15.0,13.833333333320752,15.0,Match,True,False,0.007171050216921417,injected
12736655,14.0,0.02,13.301886792452827,13.499999999987722,13.301886792452827,Match,True,False,0.0226075179335335,injected
400196350,,0.0,1.398429833169771,,1.398429833169771,LS_only,False,False,0.0061391472682362355,null
400196350,0.5,0.002,1.398429833169771,,1.398429833169771,LS_only,False,False,0.006156886010384042,injected
400196350,0.5,0.005,0.5012310939148774,,0.5012310939148774,LS_only,True,False,0.0070658498026859055,injected
400196350,0.5,0.01,0.5012310939148774,1.4999999999986358,0.5012310939148774,Match,True,False,0.012012632607804082,injected
400196350,0.5,0.02,0.5012310939148774,1.4999999999986358,0.5012310939148774,Match,True,False,0.021785092387363484,injected
400196350,1.0,0.002,1.4150943396226383,,1.4150943396226383,LS_only,False,False,0.006180409886957641,injected
400196350,1.0,0.005,1.398429833169771,,1.398429833169771,LS_only,False,False,0.006083117547256641,injected
400196350,1.0,0.01,0.9902710215427357,,0.9902710215427357,LS_only,True,False,0.008629212078171997,injected
400196350,1.0,0.02,0.9985984583041322,0.9999999999990905,0.9985984583041322,Match,True,False,0.017785352356184995,injected
400196350,2.0,0.002,1.4150943396226383,,1.4150943396226383,LS_only,False,False,0.006078486379333504,injected
400196350,2.0,0.005,1.398429833169771,,1.398429833169771,LS_only,False,False,0.006571605393606183,injected
400196350,2.0,0.01,2.0155586987270113,2.0833333333314386,2.0155586987270113,Match,True,False,0.013429803228260418,injected
400196350,2.0,0.02,1.9819193324061155,1.999999999998181,1.9819193324061155,Match,True,False,0.02032903307427165,injected
400196350,3.0,0.002,1.398429833169771,,1.398429833169771,LS_only,False,True,0.006227403418034818,injected
400196350,3.0,0.005,1.4150943396226383,,1.4150943396226383,LS_only,False,True,0.005986684499173985,injected
400196350,3.0,0.01,3.0513918629550267,,3.0513918629550267,LS_only,True,False,0.010309275694650205,injected
400196350,3.0,0.02,2.9749478079331886,2.916666666664014,2.9749478079331886,Match,True,False,0.021767204975395266,injected
400196350,5.0,0.002,1.398429833169771,,1.398429833169771,LS_only,False,False,0.006136448846524814,injected
400196350,5.0,0.005,1.398429833169771,,1.398429833169771,LS_only,False,False,0.0061573321219145745,injected
400196350,5.0,0.01,4.965156794425079,,4.965156794425079,LS_only,True,False,0.010483777304093484,injected
400196350,5.0,0.02,4.965156794425079,4.499999999995907,4.965156794425079,Match,True,False,0.01923291731334998,injected
400196350,7.0,0.002,1.398429833169771,,1.398429833169771,LS_only,False,False,0.006135669128981193,injected
400196350,7.0,0.005,7.019704433497528,,7.019704433497528,LS_only,True,False,0.007043840492953866,injected
400196350,7.0,0.01,7.019704433497528,,7.019704433497528,LS_only,True,False,0.012153281566016692,injected
400196350,7.0,0.02,7.019704433497528,6.9999999999936335,7.019704433497528,Match,True,False,0.021469507863141286,injected
400196350,10.0,0.002,1.398429833169771,,1.398429833169771,LS_only,False,False,0.006155565912487326,injected
400196350,10.0,0.005,10.87786259541984,,10.87786259541984,LS_only,True,False,0.00641052922691643,injected
400196350,10.0,0.01,9.193548387096765,,9.193548387096765,LS_only,True,False,0.009426380890073737,injected
400196350,10.0,0.02,9.965034965034956,1.2499999999988631,9.965034965034956,Match,True,False,0.019257430244532282,injected
400196350,12.0,0.002,1.398429833169771,,1.398429833169771,LS_only,False,False,0.006121165520302582,injected
400196350,12.0,0.005,13.31775700934579,,13.31775700934579,LS_only,False,False,0.007589392022185627,injected
400196350,12.0,0.01,11.974789915966381,,11.974789915966381,LS_only,True,False,0.009049232325711042,injected
400196350,12.0,0.02,11.974789915966381,1.2499999999988631,11.974789915966381,Match,True,False,0.023299191165174815,injected
400196350,14.0,0.002,1.398429833169771,,1.398429833169771,LS_only,False,False,0.0061382358018292425,injected
400196350,14.0,0.005,1.4150943396226383,,1.4150943396226383,LS_only,False,False,0.006247672319184956,injected
400196350,14.0,0.01,13.31775700934579,1.4166666666653782,13.31775700934579,Match,True,False,0.013501152473399676,injected
400196350,14.0,0.02,13.31775700934579,1.2499999999988631,13.31775700934579,Match,True,False,0.017694139644243927,injected
53713778,,0.0,0.7790782735918043,,0.7790782735918043,LS_only,False,False,0.3259852020598858,null
53713778,0.5,0.002,0.7790782735918043,,0.7790782735918043,LS_only,False,False,0.3266350072103388,injected
53713778,0.5,0.005,0.7790782735918043,,0.7790782735918043,LS_only,False,False,0.32720259760292997,injected
53713778,0.5,0.01,0.7790782735918043,,0.7790782735918043,LS_only,False,False,0.3278751384934908,injected
53713778,0.5,0.02,0.7790782735918043,,0.7790782735918043,LS_only,False,False,0.3251488999728201,injected
53713778,1.0,0.002,0.7790782735918043,,0.7790782735918043,LS_only,False,False,0.3264271593258229,injected
53713778,1.0,0.005,0.7790782735918043,,0.7790782735918043,LS_only,False,False,0.32658603219233434,injected
53713778,1.0,0.01,0.7790782735918043,,0.7790782735918043,LS_only,False,False,0.3257426711036847,injected
53713778,1.0,0.02,0.7790782735918043,,0.7790782735918043,LS_only,False,False,0.32815053619189233,injected
53713778,2.0,0.002,0.7790782735918043,,0.7790782735918043,LS_only,False,False,0.32612302743216376,injected
53713778,2.0,0.005,0.7790782735918043,,0.7790782735918043,LS_only,False,False,0.32681163534129765,injected
53713778,2.0,0.01,0.7790782735918043,,0.7790782735918043,LS_only,False,False,0.3273434279705217,injected
53713778,2.0,0.02,0.7790782735918043,,0.7790782735918043,LS_only,False,False,0.3269251111447535,injected
53713778,3.0,0.002,0.7790782735918043,,0.7790782735918043,LS_only,False,False,0.3262905208157636,injected
53713778,3.0,0.005,0.7790782735918043,,0.7790782735918043,LS_only,False,False,0.32613525649630115,injected
53713778,3.0,0.01,0.7790782735918043,,0.7790782735918043,LS_only,False,False,0.3270511168796177,injected
53713778,3.0,0.02,0.7790782735918043,,0.7790782735918043,LS_only,False,False,0.3272930911925393,injected
53713778,5.0,0.002,0.7790782735918043,,0.7790782735918043,LS_only,False,False,0.3263176375184107,injected
53713778,5.0,0.005,0.7790782735918043,,0.7790782735918043,LS_only,False,False,0.3269468541846386,injected
53713778,5.0,0.01,0.7790782735918043,,0.7790782735918043,LS_only,False,False,0.32791665134086817,injected
53713778,5.0,0.02,0.7790782735918043,,0.7790782735918043,LS_only,False,False,0.32693623464909943,injected
53713778,7.0,0.002,0.7790782735918043,,0.7790782735918043,LS_only,False,False,0.32649891215576216,injected
53713778,7.0,0.005,0.7790782735918043,,0.7790782735918043,LS_only,False,False,0.3256516689425252,injected
53713778,7.0,0.01,0.7790782735918043,,0.7790782735918043,LS_only,False,False,0.32429368392197944,injected
53713778,7.0,0.02,0.7790782735918043,,0.7790782735918043,LS_only,False,False,0.3238648108003479,injected
53713778,10.0,0.002,0.7790782735918043,,0.7790782735918043,LS_only,False,False,0.3259483578942423,injected
53713778,10.0,0.005,0.7790782735918043,,0.7790782735918043,LS_only,False,False,0.32735577008346284,injected
53713778,10.0,0.01,0.7790782735918043,,0.7790782735918043,LS_only,False,False,0.32731027400637197,injected
53713778,10.0,0.02,0.7790782735918043,,0.7790782735918043,LS_only,False,False,0.3223835794453369,injected
53713778,12.0,0.002,0.7790782735918043,,0.7790782735918043,LS_only,False,False,0.3259342809886715,injected
53713778,12.0,0.005,0.7790782735918043,,0.7790782735918043,LS_only,False,False,0.3249554245203594,injected
53713778,12.0,0.01,0.7790782735918043,,0.7790782735918043,LS_only,False,False,0.3250302688868174,injected
53713778,12.0,0.02,0.7790782735918043,,0.7790782735918043,LS_only,False,False,0.3306938912545516,injected
53713778,14.0,0.002,0.7790782735918043,,0.7790782735918043,LS_only,False,False,0.32595111261866205,injected
53713778,14.0,0.005,0.7790782735918043,,0.7790782735918043,LS_only,False,False,0.3254657679290608,injected
53713778,14.0,0.01,0.7790782735918043,,0.7790782735918043,LS_only,False,False,0.3287500374262815,injected
53713778,14.0,0.02,0.7790782735918043,,0.7790782735918043,LS_only,False,False,0.32956590908089195,injected
427955370,,0.0,10.8673469387755,,10.8673469387755,LS_only,False,False,0.0006844290131765962,null
427955370,0.5,0.002,0.5016486104568989,1.4999999999986358,0.5016486104568989,Match,True,False,0.0016376628668226144,injected
427955370,0.5,0.005,0.5016486104568989,1.4999999999986358,0.5016486104568989,Match,True,False,0.004397982157938423,injected
427955370,0.5,0.01,0.5016486104568989,1.4999999999986358,0.5016486104568989,Match,True,False,0.00929142058372053,injected
427955370,0.5,0.02,0.5016486104568989,1.4999999999986358,0.5016486104568989,Match,True,False,0.018553428788474872,injected
427955370,1.0,0.002,1.0037700282752087,0.9999999999990905,1.0037700282752087,Match,True,False,0.0018566221472428278,injected
427955370,1.0,0.005,1.0037700282752087,0.9999999999990905,1.0037700282752087,Match,True,False,0.00499661307205602,injected
427955370,1.0,0.01,1.0037700282752087,0.9999999999990905,1.0037700282752087,Match,True,False,0.009663477330162195,injected
427955370,1.0,0.02,1.0037700282752087,0.9999999999990905,1.0037700282752087,Match,True,False,0.019427989204288825,injected
427955370,2.0,0.002,1.975881261595541,1.999999999998181,1.975881261595541,Match,True,False,0.0019960619708889924,injected
427955370,2.0,0.005,2.009433962264145,1.999999999998181,2.009433962264145,Match,True,False,0.004940953430218933,injected
427955370,2.0,0.01,2.009433962264145,1.999999999998181,2.009433962264145,Match,True,False,0.00999518657328968,injected
427955370,2.0,0.02,2.009433962264145,1.999999999998181,2.009433962264145,Match,True,False,0.019915847645664418,injected
427955370,3.0,0.002,2.9665738161559805,3.083333333330529,2.9665738161559805,Match,True,False,0.0018599796071012825,injected
427955370,3.0,0.005,3.0428571428571343,3.083333333330529,3.0428571428571343,Match,True,False,0.004979318164751166,injected
427955370,3.0,0.01,3.0428571428571343,2.9999999999972715,3.0428571428571343,Match,True,False,0.009776585456323206,injected
427955370,3.0,0.02,2.9665738161559805,2.9999999999972715,2.9665738161559805,Match,True,False,0.019783527759791034,injected
427955370,5.0,0.002,4.953488372093012,5.08333333332871,4.953488372093012,Match,True,False,0.0020554821236884614,injected
427955370,5.0,0.005,4.953488372093012,4.9999999999954525,4.953488372093012,Match,True,False,0.004604886698027936,injected
427955370,5.0,0.01,4.953488372093012,4.916666666662195,4.953488372093012,Match,True,False,0.010217920025263566,injected
427955370,5.0,0.02,4.953488372093012,4.9999999999954525,4.953488372093012,Match,True,False,0.020002123515217688,injected
427955370,7.0,0.002,7.006578947368408,0.5833333333328028,7.006578947368408,Match,True,False,0.0018770665482260513,injected
427955370,7.0,0.005,7.006578947368408,6.916666666660376,7.006578947368408,Match,True,False,0.004704233162707415,injected
427955370,7.0,0.01,7.006578947368408,6.9999999999936335,7.006578947368408,Match,True,False,0.009502993372659987,injected
427955370,7.0,0.02,7.006578947368408,6.8333333333271185,7.006578947368408,Match,True,False,0.020477408787916818,injected
427955370,10.0,0.002,9.95327102803737,0.5833333333328028,9.95327102803737,Match,True,False,0.0023148410895310577,injected
427955370,10.0,0.005,9.95327102803737,8.749999999992042,9.95327102803737,Match,True,False,0.005236641401979897,injected
427955370,10.0,0.01,9.95327102803737,10.249999999990678,9.95327102803737,Match,True,False,0.009396989156685855,injected
427955370,10.0,0.02,9.95327102803737,9.83333333332439,9.95327102803737,Match,True,False,0.019139932949299936,injected
427955370,12.0,0.002,11.966292134831452,0.7499999999993179,11.966292134831452,Match,True,False,0.0016043366341504342,injected
427955370,12.0,0.005,11.966292134831452,11.916666666655829,11.966292134831452,Match,True,False,0.004254890224222664,injected
427955370,12.0,0.01,11.966292134831452,11.916666666655829,11.966292134831452,Match,True,False,0.010214320716383247,injected
427955370,12.0,0.02,11.966292134831452,12.249999999988859,11.966292134831452,Match,True,False,0.020726283829892625,injected
427955370,14.0,0.002,13.312499999999995,0.5833333333328028,13.312499999999995,Match,True,False,0.002435480404883671,injected
427955370,14.0,0.005,15.0,0.7499999999993179,15.0,Match,True,False,0.004904465156766532,injected
427955370,14.0,0.01,13.312499999999995,12.083333333322344,13.312499999999995,Match,True,False,0.01093284551168619,injected
427955370,14.0,0.02,13.312499999999995,13.24999999998795,13.312499999999995,Match,True,False,0.02020602685741541,injected
366070267,,0.0,10.8673469387755,,10.8673469387755,LS_only,False,False,0.0002982860471127628,null
366070267,0.5,0.002,0.5016486104568989,0.9999999999990905,0.9999999999990905,Harmonic_Corrected,False,True,0.0018658286251742357,injected
366070267,0.5,0.005,0.5016486104568989,1.4999999999986358,0.5016486104568989,Match,True,False,0.004651767086110796,injected
366070267,0.5,0.01,0.5016486104568989,1.4999999999986358,0.5016486104568989,Match,True,False,0.009247542345114887,injected
366070267,0.5,0.02,0.5016486104568989,1.4999999999986358,0.5016486104568989,Match,True,False,0.01835863926465065,injected
366070267,1.0,0.002,1.0037700282752087,0.9999999999990905,1.0037700282752087,Match,True,False,0.001880768464711316,injected
366070267,1.0,0.005,1.0037700282752087,0.9999999999990905,1.0037700282752087,Match,True,False,0.005030195574869785,injected
366070267,1.0,0.01,1.0037700282752087,0.9999999999990905,1.0037700282752087,Match,True,False,0.009898752539434518,injected
366070267,1.0,0.02,1.0037700282752087,0.9999999999990905,1.0037700282752087,Match,True,False,0.019393881850689056,injected
366070267,2.0,0.002,2.009433962264145,1.999999999998181,2.009433962264145,Match,True,False,0.0019910163853031123,injected
366070267,2.0,0.005,2.009433962264145,1.999999999998181,2.009433962264145,Match,True,False,0.004942402641089242,injected
366070267,2.0,0.01,2.009433962264145,1.999999999998181,2.009433962264145,Match,True,False,0.009928988537911715,injected
366070267,2.0,0.02,2.009433962264145,1.999999999998181,2.009433962264145,Match,True,False,0.01977023863790904,injected
366070267,3.0,0.002,2.9665738161559805,2.916666666664014,2.9665738161559805,Match,True,False,0.0019478113113924095,injected
366070267,3.0,0.005,2.9665738161559805,2.9999999999972715,2.9665738161559805,Match,True,False,0.004883904628695134,injected
366070267,3.0,0.01,2.9665738161559805,2.9999999999972715,2.9665738161559805,Match,True,False,0.00977872608947631,injected
366070267,3.0,0.02,2.9665738161559805,2.9999999999972715,2.9665738161559805,Match,True,False,0.019689960851581242,injected
366070267,5.0,0.002,4.953488372093012,4.916666666662195,4.953488372093012,Match,True,False,0.0017981465358863195,injected
366070267,5.0,0.005,4.953488372093012,4.916666666662195,4.953488372093012,Match,True,False,0.004949904010958909,injected
366070267,5.0,0.01,4.953488372093012,4.916666666662195,4.953488372093012,Match,True,False,0.00963678938023482,injected
366070267,5.0,0.02,4.953488372093012,4.916666666662195,4.953488372093012,Match,True,False,0.020668233834167268,injected
366070267,7.0,0.002,7.006578947368408,6.8333333333271185,7.006578947368408,Match,True,False,0.002066716494558553,injected
366070267,7.0,0.005,7.006578947368408,6.916666666660376,7.006578947368408,Match,True,False,0.0051507685111357795,injected
366070267,7.0,0.01,7.006578947368408,6.916666666660376,7.006578947368408,Match,True,False,0.009598393445572088,injected
366070267,7.0,0.02,7.006578947368408,6.916666666660376,7.006578947368408,Match,True,False,0.01939987891505709,injected
366070267,10.0,0.002,9.95327102803737,0.6666666666660603,9.95327102803737,Match,True,False,0.0020517461033493765,injected
366070267,10.0,0.005,9.95327102803737,9.583333333324617,9.95327102803737,Match,True,False,0.004720984415420844,injected
366070267,10.0,0.01,9.95327102803737,9.749999999991132,9.95327102803737,Match,True,False,0.010289965883511488,injected
366070267,10.0,0.02,9.95327102803737,9.749999999991132,9.95327102803737,Match,True,False,0.020006631409956194,injected
366070267,12.0,0.002,11.966292134831452,0.6666666666660603,11.966292134831452,Match,True,False,0.0021600061288524096,injected
366070267,12.0,0.005,11.966292134831452,10.416666666657193,11.966292134831452,Match,True,False,0.0045609586022303805,injected
366070267,12.0,0.01,11.966292134831452,12.416666666655374,11.966292134831452,Match,True,False,0.010122185390219533,injected
366070267,12.0,0.02,11.966292134831452,12.499999999988631,11.966292134831452,Match,True,False,0.019834737068040294,injected
366070267,14.0,0.002,13.312499999999995,0.6666666666660603,13.312499999999995,Match,True,False,0.0020579184932394664,injected
366070267,14.0,0.005,15.0,13.24999999998795,15.0,Match,True,False,0.004004070447490867,injected
366070267,14.0,0.01,13.312499999999995,13.499999999987722,13.312499999999995,Match,True,False,0.010718632017390962,injected
366070267,14.0,0.02,13.312499999999995,12.999999999988177,13.312499999999995,Match,True,False,0.016550044036190585,injected
235929668,,0.0,7.881355932203382,,7.881355932203382,LS_only,False,False,0.0005450614932488314,null
235929668,0.5,0.002,0.5016181229773453,1.4999999999986358,0.5016181229773453,Match,True,False,0.0017450297646929476,injected
235929668,0.5,0.005,0.5016181229773453,1.4999999999986358,0.5016181229773453,Match,True,False,0.0047046773051542656,injected
235929668,0.5,0.01,0.5016181229773453,1.4999999999986358,0.5016181229773453,Match,True,False,0.00930119768531307,injected
235929668,0.5,0.02,0.5016181229773453,1.4999999999986358,0.5016181229773453,Match,True,False,0.018400432736342804,injected
235929668,1.0,0.002,0.9957173447537455,0.9999999999990905,0.9957173447537455,Match,True,False,0.0019968703264942452,injected
235929668,1.0,0.005,0.9957173447537455,0.9999999999990905,0.9957173447537455,Match,True,False,0.004808021067814142,injected
235929668,1.0,0.01,0.9957173447537455,0.9999999999990905,0.9957173447537455,Match,True,False,0.009697159996885897,injected
235929668,1.0,0.02,0.9957173447537455,0.9999999999990905,0.9957173447537455,Match,True,False,0.019456032584290843,injected
235929668,2.0,0.002,2.0129870129870095,1.999999999998181,2.0129870129870095,Match,True,False,0.0019443514905877325,injected
235929668,2.0,0.005,2.0129870129870095,1.999999999998181,2.0129870129870095,Match,True,False,0.005021589747725567,injected
235929668,2.0,0.01,2.0129870129870095,1.999999999998181,2.0129870129870095,Match,True,False,0.00966779874713699,injected
235929668,2.0,0.02,2.0129870129870095,1.999999999998181,2.0129870129870095,Match,True,False,0.019862176488972448,injected
235929668,3.0,0.002,2.999999999999995,2.916666666664014,2.999999999999995,Match,True,False,0.0020566722178693687,injected
235929668,3.0,0.005,2.999999999999995,2.916666666664014,2.999999999999995,Match,True,False,0.004886474116747845,injected
235929668,3.0,0.01,2.999999999999995,2.9999999999972715,2.999999999999995,Match,True,False,0.009874415735676982,injected
235929668,3.0,0.02,2.999999999999995,2.9999999999972715,2.999999999999995,Match,True,False,0.019905048846818207,injected
235929668,5.0,0.002,4.894736842105257,5.08333333332871,4.894736842105257,Match,True,False,0.0021324758993886066,injected
235929668,5.0,0.005,5.109890109890103,4.9999999999954525,5.109890109890103,Match,True,False,0.004901473095957844,injected
235929668,5.0,0.01,4.894736842105257,4.916666666662195,4.894736842105257,Match,True,False,0.009896122439625716,injected
235929668,5.0,0.02,4.894736842105257,4.916666666662195,4.894736842105257,Match,True,False,0.019871466868085597,injected
235929668,7.0,0.002,6.940298507462679,6.666666666660603,6.940298507462679,Match,True,False,0.0020110324324057855,injected
235929668,7.0,0.005,6.940298507462679,6.666666666660603,6.940298507462679,Match,True,False,0.0047830312587517085,injected
235929668,7.0,0.01,6.940298507462679,6.9999999999936335,6.940298507462679,Match,True,False,0.00944070856307485,injected
235929668,7.0,0.02,6.940298507462679,6.8333333333271185,6.940298507462679,Match,True,False,0.019690442427906,injected
235929668,10.0,0.002,10.813953488372087,1.833333333331666,10.813953488372087,Match,True,False,0.0018843520379538238,injected
235929668,10.0,0.005,9.893617021276588,10.083333333324163,9.893617021276588,Match,True,False,0.004839755011587101,injected
235929668,10.0,0.01,9.893617021276588,9.583333333324617,9.893617021276588,Match,True,False,0.01017278314749343,injected
235929668,10.0,0.02,9.893617021276588,9.583333333324617,9.893617021276588,Match,True,False,0.020343491483164357,injected
235929668,12.0,0.002,11.923076923076918,1.833333333331666,11.923076923076918,Match,True,False,0.0021702461334407825,injected
235929668,12.0,0.005,11.923076923076918,12.749999999988404,11.923076923076918,Match,True,False,0.005506457700121148,injected
235929668,12.0,0.01,11.923076923076918,12.333333333322116,11.923076923076918,Match,True,False,0.00986579383126125,injected
235929668,12.0,0.02,11.923076923076918,12.416666666655374,11.923076923076918,Match,True,False,0.019894444084404557,injected
235929668,14.0,0.002,13.285714285714283,1.833333333331666,13.285714285714283,Match,True,False,0.0017276708328196847,injected
235929668,14.0,0.005,13.285714285714283,13.24999999998795,13.285714285714283,Match,True,False,0.004373896641837269,injected
235929668,14.0,0.01,13.285714285714283,13.24999999998795,13.285714285714283,Match,True,False,0.0075582239522251175,injected
235929668,14.0,0.02,13.285714285714283,13.24999999998795,13.285714285714283,Match,True,False,0.020990442860610064,injected
178046478,,0.0,0.8143607705779319,,0.8143607705779319,LS_only,False,False,0.00170599047791166,null
178046478,0.5,0.002,0.5016181229773453,,0.5016181229773453,LS_only,True,False,0.0022233370151472248,injected
178046478,0.5,0.005,0.5016181229773453,0.9999999999990905,0.9999999999990905,Harmonic_Corrected,False,True,0.004948767466247105,injected
178046478,0.5,0.01,0.5016181229773453,1.4999999999986358,0.5016181229773453,Match,True,False,0.009616016811611406,injected
178046478,0.5,0.02,0.5016181229773453,1.4999999999986358,0.5016181229773453,Match,True,False,0.018280130140181757,injected
178046478,1.0,0.002,1.0043196544276438,,1.0043196544276438,LS_only,True,False,0.0024337880313763404,injected
178046478,1.0,0.005,0.9957173447537455,0.9999999999990905,0.9957173447537455,Match,True,False,0.0045183153795803005,injected
178046478,1.0,0.01,0.9957173447537455,0.9999999999990905,0.9957173447537455,Match,True,False,0.00921913557462221,injected
178046478,1.0,0.02,0.9957173447537455,0.9999999999990905,0.9957173447537455,Match,True,False,0.019070833242478998,injected
178046478,2.0,0.002,2.0129870129870095,,2.0129870129870095,LS_only,True,False,0.0022196474163679973,injected
178046478,2.0,0.005,2.0129870129870095,1.9166666666649235,2.0129870129870095,Match,True,False,0.004786764118367113,injected
178046478,2.0,0.01,2.0129870129870095,1.9166666666649235,2.0129870129870095,Match,True,False,0.009888272250256878,injected
178046478,2.0,0.02,2.0129870129870095,1.999999999998181,2.0129870129870095,Match,True,False,0.019964541160069398,injected
178046478,3.0,0.002,3.0794701986754918,,3.0794701986754918,LS_only,True,False,0.0025563827854060343,injected
178046478,3.0,0.005,2.999999999999995,3.1666666666637866,2.999999999999995,Match,True,False,0.004485759303470684,injected
178046478,3.0,0.01,2.999999999999995,2.9999999999972715,2.999999999999995,Match,True,False,0.009900127229294101,injected
178046478,3.0,0.02,2.999999999999995,2.9999999999972715,2.999999999999995,Match,True,False,0.02035500086464361,injected
178046478,5.0,0.002,5.109890109890103,,5.109890109890103,LS_only,True,False,0.0022266406546988756,injected
178046478,5.0,0.005,4.894736842105257,4.916666666662195,4.894736842105257,Match,True,False,0.005304590685690219,injected
178046478,5.0,0.01,5.109890109890103,4.916666666662195,5.109890109890103,Match,True,False,0.0097180576679682,injected
178046478,5.0,0.02,5.109890109890103,4.916666666662195,5.109890109890103,Match,True,False,0.019561049118535012,injected
178046478,7.0,0.002,6.940298507462679,6.416666666660831,6.940298507462679,Match,True,False,0.0032930719948403766,injected
178046478,7.0,0.005,6.940298507462679,6.416666666660831,6.940298507462679,Match,True,False,0.006145552983716208,injected
178046478,7.0,0.01,6.940298507462679,7.083333333326891,6.940298507462679,Match,True,False,0.010309145237234899,injected
178046478,7.0,0.02,6.940298507462679,6.666666666660603,6.940298507462679,Match,True,False,0.020761390711273066,injected
178046478,10.0,0.002,9.893617021276588,,9.893617021276588,LS_only,True,False,0.002989904395059832,injected
178046478,10.0,0.005,9.893617021276588,,9.893617021276588,LS_only,True,False,0.004198679333343686,injected
178046478,10.0,0.01,9.893617021276588,0.6666666666660603,9.893617021276588,Match,True,False,0.010085910577326744,injected
178046478,10.0,0.02,9.893617021276588,0.6666666666660603,9.893617021276588,Match,True,False,0.01894400692326488,injected
178046478,12.0,0.002,7.380952380952374,,7.380952380952374,LS_only,False,False,0.0018002871856241135,injected
178046478,12.0,0.005,11.923076923076918,,11.923076923076918,LS_only,True,False,0.005350551120414728,injected
178046478,12.0,0.01,11.923076923076918,0.7499999999993179,11.923076923076918,Match,True,False,0.008298844983670542,injected
178046478,12.0,0.02,11.923076923076918,0.6666666666660603,11.923076923076918,Match,True,False,0.019087638917571464,injected
178046478,14.0,0.002,15.0,,15.0,LS_only,True,False,0.002129096702471547,injected
178046478,14.0,0.005,15.0,1.4166666666653782,15.0,Match,True,False,0.0051880150906454345,injected
178046478,14.0,0.01,13.285714285714283,0.7499999999993179,13.285714285714283,Match,True,False,0.006871213489114704,injected
178046478,14.0,0.02,13.285714285714283,0.6666666666660603,13.285714285714283,Match,True,False,0.018674635532982205,injected
428077526,,0.0,7.881355932203382,7.9166666666594665,7.881355932203382,Match,False,False,0.0017489255233060928,null
428077526,0.5,0.002,0.5016181229773453,1.4999999999986358,0.5016181229773453,Match,True,False,0.001778778208376822,injected
428077526,0.5,0.005,0.5016181229773453,1.4999999999986358,0.5016181229773453,Match,True,False,0.004699168792065784,injected
428077526,0.5,0.01,0.5016181229773453,1.4999999999986358,0.5016181229773453,Match,True,False,0.009316775824947197,injected
428077526,0.5,0.02,0.5016181229773453,1.4999999999986358,0.5016181229773453,Match,True,False,0.01848565962233124,injected
428077526,1.0,0.002,0.9957173447537455,0.9999999999990905,0.9957173447537455,Match,True,False,0.0017300085299976735,injected
428077526,1.0,0.005,1.0043196544276438,0.9999999999990905,1.0043196544276438,Match,True,False,0.0051132072676958575,injected
428077526,1.0,0.01,0.9957173447537455,0.9999999999990905,0.9957173447537455,Match,True,False,0.009637468929586682,injected
428077526,1.0,0.02,0.9957173447537455,0.9999999999990905,0.9957173447537455,Match,True,False,0.019257663518746405,injected
428077526,2.0,0.002,2.0129870129870095,5.999999999994543,2.0129870129870095,Match,True,False,0.0019762234566851767,injected
428077526,2.0,0.005,1.9787234042553157,1.999999999998181,1.9787234042553157,Match,True,False,0.005031523647218297,injected
428077526,2.0,0.01,2.0129870129870095,1.999999999998181,2.0129870129870095,Match,True,False,0.009610951863379439,injected
428077526,2.0,0.02,2.0129870129870095,1.999999999998181,2.0129870129870095,Match,True,False,0.019320568831617018,injected
428077526,3.0,0.002,7.881355932203382,6.333333333327573,7.881355932203382,Match,False,False,0.0017248795347401225,injected
428077526,3.0,0.005,2.999999999999995,2.916666666664014,2.999999999999995,Match,True,False,0.004781990530645976,injected
428077526,3.0,0.01,2.999999999999995,2.9999999999972715,2.999999999999995,Match,True,False,0.009705768217831683,injected
428077526,3.0,0.02,2.999999999999995,2.9999999999972715,2.999999999999995,Match,True,False,0.019642527561365128,injected
428077526,5.0,0.002,5.109890109890103,5.249999999995225,5.109890109890103,Match,True,False,0.002647118913784504,injected
428077526,5.0,0.005,5.109890109890103,4.9999999999954525,5.109890109890103,Match,True,False,0.005272192653710965,injected
428077526,5.0,0.01,5.109890109890103,5.08333333332871,5.109890109890103,Match,True,False,0.010976878933953426,injected
428077526,5.0,0.02,4.894736842105257,4.916666666662195,4.894736842105257,Match,True,False,0.018325579266105445,injected
428077526,7.0,0.002,7.380952380952374,7.249999999993406,7.380952380952374,Match,True,False,0.002420741229074626,injected
428077526,7.0,0.005,6.940298507462679,6.8333333333271185,6.940298507462679,Match,True,False,0.003911255185310902,injected
428077526,7.0,0.01,6.940298507462679,6.8333333333271185,6.940298507462679,Match,True,False,0.010624517341031378,injected
428077526,7.0,0.02,6.940298507462679,6.916666666660376,6.940298507462679,Match,True,False,0.020064820605978757,injected
428077526,10.0,0.002,8.454545454545448,7.9166666666594665,8.454545454545448,Match,False,False,0.00239244129165053,injected
428077526,10.0,0.005,9.893617021276588,9.416666666658102,9.893617021276588,Match,True,False,0.004744748407307353,injected
428077526,10.0,0.01,9.893617021276588,9.49999999999136,9.893617021276588,Match,True,False,0.010375079920835362,injected
428077526,10.0,0.02,9.893617021276588,9.666666666657875,9.893617021276588,Match,True,False,0.020548116274072454,injected
428077526,12.0,0.002,10.813953488372087,9.083333333325072,10.813953488372087,Match,True,False,0.0020090523674462244,injected
428077526,12.0,0.005,11.923076923076918,13.499999999987722,11.923076923076918,Match,True,False,0.004876087148510437,injected
428077526,12.0,0.01,11.923076923076918,12.083333333322344,11.923076923076918,Match,True,False,0.009260760776997437,injected
428077526,12.0,0.02,11.923076923076918,12.083333333322344,11.923076923076918,Match,True,False,0.019827606716809845,injected
428077526,14.0,0.002,4.894736842105257,,4.894736842105257,LS_only,False,False,0.0014412937301889266,injected
428077526,14.0,0.005,15.0,13.58333333332098,15.0,Match,True,False,0.005283193305140449,injected
428077526,14.0,0.01,13.285714285714283,13.24999999998795,13.285714285714283,Match,True,False,0.007673540742473374,injected
428077526,14.0,0.02,13.285714285714283,13.499999999987722,13.285714285714283,Match,True,False,0.019240726853222773,injected
458874148,,0.0,6.980198019801969,0.6666666666660603,6.980198019801969,Match,False,False,0.0007930621165030456,null
458874148,0.5,0.002,0.500354861603973,1.4999999999986358,0.500354861603973,Match,True,False,0.0017429145129223094,injected
458874148,0.5,0.005,0.500354861603973,1.4999999999986358,0.500354861603973,Match,True,False,0.0048592042414541264,injected
458874148,0.5,0.01,0.500354861603973,1.4999999999986358,0.500354861603973,Match,True,False,0.009428696950729976,injected
458874148,0.5,0.02,0.500354861603973,1.4999999999986358,0.500354861603973,Match,True,False,0.019050033731875856,injected
458874148,1.0,0.002,0.9971711456859943,0.9999999999990905,0.9971711456859943,Match,True,False,0.0021005851257779777,injected
458874148,1.0,0.005,0.9971711456859943,0.9999999999990905,0.9971711456859943,Match,True,False,0.00490528119109204,injected
458874148,1.0,0.01,0.9971711456859943,0.9999999999990905,0.9971711456859943,Match,True,False,0.010048295129719307,injected
458874148,1.0,0.02,0.9971711456859943,0.9999999999990905,0.9971711456859943,Match,True,False,0.019463198372044205,injected
458874148,2.0,0.002,1.9971671388101928,1.999999999998181,1.9971671388101928,Match,True,False,0.0020437202871123167,injected
458874148,2.0,0.005,1.9971671388101928,1.999999999998181,1.9971671388101928,Match,True,False,0.005073104252608236,injected
458874148,2.0,0.01,1.9971671388101928,1.999999999998181,1.9971671388101928,Match,True,False,0.010106149979761404,injected
458874148,2.0,0.02,1.9971671388101928,1.999999999998181,1.9971671388101928,Match,True,False,0.019816808998032526,injected
458874148,3.0,0.002,3.025751072961366,2.9999999999972715,3.025751072961366,Match,True,False,0.0017399447637150831,injected
458874148,3.0,0.005,3.025751072961366,2.9999999999972715,3.025751072961366,Match,True,False,0.005422606084087346,injected
458874148,3.0,0.01,3.025751072961366,2.9999999999972715,3.025751072961366,Match,True,False,0.010116500493990984,injected
458874148,3.0,0.02,3.025751072961366,2.9999999999972715,3.025751072961366,Match,True,False,0.019646001704305232,injected
458874148,5.0,0.002,4.93006993006992,4.9999999999954525,4.93006993006992,Match,True,False,0.0016983016826344754,injected
458874148,5.0,0.005,4.93006993006992,4.9999999999954525,4.93006993006992,Match,True,False,0.005378425742801568,injected
458874148,5.0,0.01,4.93006993006992,4.9999999999954525,4.93006993006992,Match,True,False,0.01045911594251908,injected
458874148,5.0,0.02,4.93006993006992,4.916666666662195,4.93006993006992,Match,True,False,0.01947163658804736,injected
458874148,7.0,0.002,6.58878504672896,6.083333333327801,6.58878504672896,Match,True,False,0.001622652114887523,injected
458874148,7.0,0.005,6.980198019801969,6.8333333333271185,6.980198019801969,Match,True,False,0.005738754011201943,injected
458874148,7.0,0.01,6.980198019801969,6.8333333333271185,6.980198019801969,Match,True,False,0.01065531675347045,injected
458874148,7.0,0.02,6.980198019801969,6.916666666660376,6.980198019801969,Match,True,False,0.018763071989517956,injected
458874148,10.0,0.002,9.155844155844145,1.4166666666653782,9.155844155844145,Match,True,False,0.0019523217676978935,injected
458874148,10.0,0.005,9.929577464788721,9.333333333324845,9.929577464788721,Match,True,False,0.005128932076385696,injected
458874148,10.0,0.01,9.929577464788721,9.999999999990905,9.929577464788721,Match,True,False,0.009787531471473043,injected
458874148,10.0,0.02,9.929577464788721,9.916666666657648,9.929577464788721,Match,True,False,0.02013620397314678,injected
458874148,12.0,0.002,11.949152542372873,12.749999999988404,11.949152542372873,Match,True,False,0.0023817450347035627,injected
458874148,12.0,0.005,11.949152542372873,12.749999999988404,11.949152542372873,Match,True,False,0.005337562233888834,injected
458874148,12.0,0.01,11.949152542372873,12.083333333322344,11.949152542372873,Match,True,False,0.009969311828413725,injected
458874148,12.0,0.02,11.949152542372873,12.749999999988404,11.949152542372873,Match,True,False,0.018970960737375205,injected
458874148,14.0,0.002,13.301886792452827,12.749999999988404,13.301886792452827,Match,True,False,0.0021196478736643805,injected
458874148,14.0,0.005,13.301886792452827,13.58333333332098,13.301886792452827,Match,True,False,0.005026041026256529,injected
458874148,14.0,0.01,13.301886792452827,13.166666666654692,13.301886792452827,Match,True,False,0.010604623627364829,injected
458874148,14.0,0.02,13.301886792452827,13.166666666654692,13.301886792452827,Match,True,False,0.015660742969490805,injected
470817750,,0.0,7.43432574430822,7.499999999993179,7.43432574430822,Match,False,False,0.007808578218322465,null
470817750,0.5,0.002,7.43432574430822,7.499999999993179,7.43432574430822,Match,False,False,0.007810840256637717,injected
470817750,0.5,0.005,7.43432574430822,6.499999999994088,7.43432574430822,Match,False,False,0.007808486745097348,injected
470817750,0.5,0.01,0.5020697811945579,1.4999999999986358,0.5020697811945579,Match,True,False,0.009344985472059988,injected
470817750,0.5,0.02,0.5020697811945579,1.4999999999986358,0.5020697811945579,Match,True,False,0.01752698051310793,injected
470817750,1.0,0.002,7.43432574430822,7.166666666660149,7.43432574430822,Match,False,False,0.007782953630452336,injected
470817750,1.0,0.005,7.43432574430822,0.916666666665833,7.43432574430822,Match,False,False,0.007917525950853547,injected
470817750,1.0,0.01,1.0004713646005154,0.9999999999990905,1.0004713646005154,Match,True,False,0.008961622614372857,injected
470817750,1.0,0.02,1.0004713646005154,0.9999999999990905,1.0004713646005154,Match,True,False,0.020687477677153423,injected
470817750,2.0,0.002,7.43432574430822,7.499999999993179,7.43432574430822,Match,False,False,0.00779140158052877,injected
470817750,2.0,0.005,7.43432574430822,7.833333333326209,7.43432574430822,Match,False,False,0.0078057790400912555,injected
470817750,2.0,0.01,2.003303445021231,1.999999999998181,2.003303445021231,Match,True,False,0.009621465142963278,injected
470817750,2.0,0.02,2.003303445021231,1.999999999998181,2.003303445021231,Match,True,False,0.02008501271961927,injected
470817750,3.0,0.002,7.43432574430822,7.499999999993179,7.43432574430822,Match,False,False,0.007750192914962058,injected
470817750,3.0,0.005,7.43432574430822,,7.43432574430822,LS_only,False,False,0.007708207469355889,injected
470817750,3.0,0.01,2.9581881533100973,2.9999999999972715,2.9581881533100973,Match,True,False,0.011796578168161933,injected
470817750,3.0,0.02,3.03431022158684,2.9999999999972715,3.03431022158684,Match,True,False,0.01788655977666538,injected
470817750,5.0,0.002,7.43432574430822,,7.43432574430822,LS_only,False,False,0.007732971099577428,injected
470817750,5.0,0.005,7.43432574430822,5.08333333332871,7.43432574430822,Match,False,False,0.007702502888126381,injected
470817750,5.0,0.01,4.941792782304995,5.08333333332871,4.941792782304995,Match,True,False,0.01222951760829157,injected
470817750,5.0,0.02,4.941792782304995,4.9999999999954525,4.941792782304995,Match,True,False,0.021645968464724264,injected
470817750,7.0,0.002,7.43432574430822,7.499999999993179,7.43432574430822,Match,True,False,0.009586355770036716,injected
470817750,7.0,0.005,8.507014028056101,,8.507014028056101,LS_only,False,False,0.004180200070118691,injected
470817750,7.0,0.01,7.43432574430822,7.499999999993179,7.43432574430822,Match,True,False,0.010777008023999474,injected
470817750,7.0,0.02,6.993410214168028,6.9999999999936335,6.993410214168028,Match,True,False,0.02662296717657076,injected
470817750,10.0,0.002,7.43432574430822,7.499999999993179,7.43432574430822,Match,False,False,0.007878105369008334,injected
470817750,10.0,0.005,6.993410214168028,,6.993410214168028,LS_only,False,False,0.008126865760153458,injected
470817750,10.0,0.01,10.85677749360613,20.916666666647643,20.916666666647643,Harmonic_Corrected,False,True,0.010272504287690637,injected
470817750,10.0,0.02,9.168466522678175,9.083333333325072,9.168466522678175,Match,True,False,0.020970674687884713,injected
470817750,12.0,0.002,7.43432574430822,7.499999999993179,7.43432574430822,Match,False,False,0.007401101791730133,injected
470817750,12.0,0.005,7.43432574430822,,7.43432574430822,LS_only,False,False,0.008252073073426795,injected
470817750,12.0,0.01,11.957746478873231,,11.957746478873231,LS_only,True,False,0.010805079368094422,injected
470817750,12.0,0.02,11.957746478873231,9.583333333324617,11.957746478873231,Match,True,False,0.01683892817242737,injected
470817750,14.0,0.002,7.43432574430822,7.499999999993179,7.43432574430822,Match,False,True,0.007799275504151812,injected
470817750,14.0,0.005,7.43432574430822,14.499999999986812,14.499999999986812,Harmonic_Corrected,True,False,0.009181704236822122,injected
470817750,14.0,0.01,7.43432574430822,14.166666666653782,14.166666666653782,Harmonic_Corrected,True,False,0.011841103517573776,injected
470817750,14.0,0.02,13.307210031347958,13.416666666654464,13.307210031347958,Match,True,False,0.01923744812443382,injected
470922790,,0.0,4.400826446280981,12.916666666654919,4.400826446280981,Match,False,False,0.001619403013606341,null
470922790,0.5,0.002,4.400826446280981,12.916666666654919,4.400826446280981,Match,False,False,0.0016121747220300322,injected
470922790,0.5,0.005,0.5016486104568989,1.4999999999986358,0.5016486104568989,Match,True,False,0.004463794150943369,injected
470922790,0.5,0.01,0.5016486104568989,1.4999999999986358,0.5016486104568989,Match,True,False,0.008863830941669202,injected
470922790,0.5,0.02,0.5016486104568989,1.4999999999986358,0.5016486104568989,Match,True,False,0.018322421112718045,injected
470922790,1.0,0.002,1.0037700282752087,0.9999999999990905,1.0037700282752087,Match,True,False,0.0026205903343242847,injected
470922790,1.0,0.005,1.0037700282752087,0.9999999999990905,1.0037700282752087,Match,True,False,0.005323944312338357,injected
470922790,1.0,0.01,1.0037700282752087,0.9999999999990905,1.0037700282752087,Match,True,False,0.009641726702002048,injected
470922790,1.0,0.02,1.0037700282752087,0.9999999999990905,1.0037700282752087,Match,True,False,0.02018027115818766,injected
470922790,2.0,0.002,1.975881261595541,3.833333333329847,3.833333333329847,Harmonic_Corrected,False,True,0.001920087936483723,injected
470922790,2.0,0.005,2.009433962264145,1.9166666666649235,2.009433962264145,Match,True,False,0.0049731296323676025,injected
470922790,2.0,0.01,2.009433962264145,1.999999999998181,2.009433962264145,Match,True,False,0.009854977530254933,injected
470922790,2.0,0.02,2.009433962264145,1.999999999998181,2.009433962264145,Match,True,False,0.019807394743545276,injected
470922790,3.0,0.002,3.0428571428571343,3.249999999997044,3.0428571428571343,Match,True,False,0.0025415995878523582,injected
470922790,3.0,0.005,3.0428571428571343,3.083333333330529,3.0428571428571343,Match,True,False,0.005831000189382208,injected
470922790,3.0,0.01,3.0428571428571343,2.9999999999972715,3.0428571428571343,Match,True,False,0.010660084934472354,injected
470922790,3.0,0.02,2.9665738161559805,2.9999999999972715,2.9665738161559805,Match,True,False,0.01879013411391708,injected
470922790,5.0,0.002,5.169902912621348,,5.169902912621348,LS_only,True,False,0.001560724731264585,injected
470922790,5.0,0.005,5.169902912621348,5.08333333332871,5.169902912621348,Match,True,False,0.004831904519680847,injected
470922790,5.0,0.01,4.953488372093012,4.9999999999954525,4.953488372093012,Match,True,False,0.009984908935584416,injected
470922790,5.0,0.02,4.953488372093012,4.9999999999954525,4.953488372093012,Match,True,False,0.018902182479389205,injected
470922790,7.0,0.002,7.006578947368408,12.916666666654919,12.916666666654919,Harmonic_Corrected,False,True,0.0022319709559308594,injected
470922790,7.0,0.005,7.006578947368408,6.9999999999936335,7.006578947368408,Match,True,False,0.004624961703191059,injected
470922790,7.0,0.01,7.006578947368408,6.9999999999936335,7.006578947368408,Match,True,False,0.009939509229648577,injected
470922790,7.0,0.02,7.006578947368408,6.916666666660376,7.006578947368408,Match,True,False,0.019683300998891595,injected
470922790,10.0,0.002,4.400826446280981,9.249999999991587,9.249999999991587,Harmonic_Corrected,True,False,0.0017090870528844774,injected
470922790,10.0,0.005,9.95327102803737,9.249999999991587,9.95327102803737,Match,True,False,0.005479030485265335,injected
470922790,10.0,0.01,9.95327102803737,9.49999999999136,9.95327102803737,Match,True,False,0.010008993814993464,injected
470922790,10.0,0.02,9.95327102803737,9.49999999999136,9.95327102803737,Match,True,False,0.01977194333272581,injected
470922790,12.0,0.002,4.400826446280981,12.916666666654919,4.400826446280981,Match,False,False,0.0019306630111106077,injected
470922790,12.0,0.005,11.966292134831452,1.2499999999988631,11.966292134831452,Match,True,False,0.005131489215981903,injected
470922790,12.0,0.01,11.966292134831452,12.249999999988859,11.966292134831452,Match,True,False,0.010443836997499876,injected
470922790,12.0,0.02,11.966292134831452,12.583333333321889,11.966292134831452,Match,True,False,0.01954895219441705,injected
470922790,14.0,0.002,13.312499999999995,12.916666666654919,13.312499999999995,Match,True,False,0.0018865967964706968,injected
470922790,14.0,0.005,15.0,12.916666666654919,15.0,Match,True,False,0.00394068229348161,injected
470922790,14.0,0.01,15.0,12.916666666654919,15.0,Match,True,False,0.00853139192118225,injected
470922790,14.0,0.02,13.312499999999995,13.166666666654692,13.312499999999995,Match,True,False,0.018718557184011338,injected
436872225,,0.0,6.993410214168028,,6.993410214168028,LS_only,False,False,0.00022391680018256436,null
436872225,0.5,0.002,0.5020697811945579,1.4999999999986358,0.5020697811945579,Match,True,False,0.0017716295253720935,injected
436872225,0.5,0.005,0.5020697811945579,1.4999999999986358,0.5020697811945579,Match,True,False,0.0044380965386576635,injected
436872225,0.5,0.01,0.5020697811945579,1.4999999999986358,0.5020697811945579,Match,True,False,0.008964607892901873,injected
436872225,0.5,0.02,0.5020697811945579,1.4999999999986358,0.5020697811945579,Match,True,False,0.017879518126340786,injected
436872225,1.0,0.002,1.0004713646005154,0.9999999999990905,1.0004713646005154,Match,True,False,0.0019289198285382487,injected
436872225,1.0,0.005,1.0004713646005154,0.9999999999990905,1.0004713646005154,Match,True,False,0.004927989605790134,injected
436872225,1.0,0.01,1.0004713646005154,0.9999999999990905,1.0004713646005154,Match,True,False,0.009803420115741717,injected
436872225,1.0,0.02,1.0004713646005154,0.9999999999990905,1.0004713646005154,Match,True,False,0.01973652007005467,injected
436872225,2.0,0.002,2.003303445021231,1.999999999998181,2.003303445021231,Match,True,False,0.0019160146081607353,injected
436872225,2.0,0.005,2.003303445021231,1.999999999998181,2.003303445021231,Match,True,False,0.005096505712425633,injected
436872225,2.0,0.01,2.003303445021231,1.999999999998181,2.003303445021231,Match,True,False,0.009931260232085598,injected
436872225,2.0,0.02,2.003303445021231,1.999999999998181,2.003303445021231,Match,True,False,0.02018895815835592,injected
436872225,3.0,0.002,2.9581881533100973,2.9999999999972715,2.9581881533100973,Match,True,False,0.002032075608788063,injected
436872225,3.0,0.005,3.03431022158684,2.9999999999972715,3.03431022158684,Match,True,False,0.005034606172571703,injected
436872225,3.0,0.01,3.03431022158684,2.9999999999972715,3.03431022158684,Match,True,False,0.009849564209767537,injected
436872225,3.0,0.02,3.03431022158684,2.9999999999972715,3.03431022158684,Match,True,False,0.01956796324124356,injected
436872225,5.0,0.002,4.941792782304995,4.9999999999954525,4.941792782304995,Match,True,False,0.0021123470647510137,injected
436872225,5.0,0.005,4.941792782304995,4.9999999999954525,4.941792782304995,Match,True,False,0.005124375009332653,injected
436872225,5.0,0.01,4.941792782304995,4.9999999999954525,4.941792782304995,Match,True,False,0.010087725031116447,injected
436872225,5.0,0.02,4.941792782304995,4.916666666662195,4.941792782304995,Match,True,False,0.020165809278792884,injected
436872225,7.0,0.002,6.993410214168028,6.666666666660603,6.993410214168028,Match,True,False,0.0021319446850422605,injected
436872225,7.0,0.005,6.993410214168028,6.916666666660376,6.993410214168028,Match,True,False,0.0050096114176405165,injected
436872225,7.0,0.01,6.993410214168028,6.8333333333271185,6.993410214168028,Match,True,False,0.009937772437772103,injected
436872225,7.0,0.02,6.993410214168028,6.9999999999936335,6.993410214168028,Match,True,False,0.01961339158012195,injected
436872225,10.0,0.002,9.941451990632308,9.249999999991587,9.941451990632308,Match,True,False,0.002000268010182133,injected
436872225,10.0,0.005,9.941451990632308,9.666666666657875,9.941451990632308,Match,True,False,0.005013316116334516,injected
436872225,10.0,0.01,9.941451990632308,9.583333333324617,9.941451990632308,Match,True,False,0.009712829068511904,injected
436872225,10.0,0.02,9.941451990632308,9.749999999991132,9.941451990632308,Match,True,False,0.019573080774676795,injected
436872225,12.0,0.002,11.957746478873231,13.083333333321434,11.957746478873231,Match,True,False,0.0021389368248097046,injected
436872225,12.0,0.005,11.957746478873231,12.666666666655146,11.957746478873231,Match,True,False,0.004580879961713726,injected
436872225,12.0,0.01,11.957746478873231,12.666666666655146,11.957746478873231,Match,True,False,0.009322694413009045,injected
436872225,12.0,0.02,11.957746478873231,12.083333333322344,11.957746478873231,Match,True,False,0.019490205986232606,injected
436872225,14.0,0.002,15.0,13.58333333332098,15.0,Match,True,False,0.001862255071592356,injected
436872225,14.0,0.005,13.307210031347958,13.416666666654464,13.307210031347958,Match,True,False,0.005393542663214141,injected
436872225,14.0,0.01,13.307210031347958,13.24999999998795,13.307210031347958,Match,True,False,0.009710286987456185,injected
436872225,14.0,0.02,13.307210031347958,13.499999999987722,13.307210031347958,Match,True,False,0.017506140496941824,injected
371470115,,0.0,3.969359331476316,,3.969359331476316,LS_only,False,False,0.0005368861865388952,null
371470115,0.5,0.002,0.5012310939148774,1.4999999999986358,0.5012310939148774,Match,True,False,0.0020418767724862965,injected
371470115,0.5,0.005,0.5012310939148774,1.4999999999986358,0.5012310939148774,Match,True,False,0.004769956304075269,injected
371470115,0.5,0.01,0.5012310939148774,1.4999999999986358,0.5012310939148774,Match,True,False,0.009415702381365873,injected
371470115,0.5,0.02,0.5012310939148774,1.4999999999986358,0.5012310939148774,Match,True,False,0.018526138084344234,injected
371470115,1.0,0.002,0.9985984583041322,0.9999999999990905,0.9985984583041322,Match,True,False,0.0021041830463714695,injected
371470115,1.0,0.005,0.9985984583041322,0.9999999999990905,0.9985984583041322,Match,True,False,0.004829170096427096,injected
371470115,1.0,0.01,0.9985984583041322,0.9999999999990905,0.9985984583041322,Match,True,False,0.009973875789977387,injected
371470115,1.0,0.02,0.9985984583041322,0.9999999999990905,0.9985984583041322,Match,True,False,0.019903185413253255,injected
371470115,2.0,0.002,1.9819193324061155,1.999999999998181,1.9819193324061155,Match,True,False,0.0022409493511748226,injected
371470115,2.0,0.005,2.0155586987270113,1.999999999998181,2.0155586987270113,Match,True,False,0.004751319404817706,injected
371470115,2.0,0.01,2.0155586987270113,1.999999999998181,2.0155586987270113,Match,True,False,0.00981564543109937,injected
371470115,2.0,0.02,2.0155586987270113,1.999999999998181,2.0155586987270113,Match,True,False,0.019436000145330437,injected
371470115,3.0,0.002,2.9749478079331886,2.9999999999972715,2.9749478079331886,Match,True,False,0.0020674879987702785,injected
371470115,3.0,0.005,2.9749478079331886,2.9999999999972715,2.9749478079331886,Match,True,False,0.004855221897512114,injected
371470115,3.0,0.01,2.9749478079331886,2.9999999999972715,2.9749478079331886,Match,True,False,0.010044054397168583,injected
371470115,3.0,0.02,2.9749478079331886,2.9999999999972715,2.9749478079331886,Match,True,False,0.020050065224790848,injected
371470115,5.0,0.002,4.965156794425079,4.916666666662195,4.965156794425079,Match,True,False,0.0019683124074054968,injected
371470115,5.0,0.005,4.965156794425079,4.916666666662195,4.965156794425079,Match,True,False,0.004871269766766634,injected
371470115,5.0,0.01,4.965156794425079,4.916666666662195,4.965156794425079,Match,True,False,0.009868450946822248,injected
371470115,5.0,0.02,4.965156794425079,4.9999999999954525,4.965156794425079,Match,True,False,0.0196183163487949,injected
371470115,7.0,0.002,6.627906976744177,6.583333333327346,6.627906976744177,Match,True,False,0.001811779641701748,injected
371470115,7.0,0.005,7.019704433497528,6.749999999993861,7.019704433497528,Match,True,False,0.0049723687499848524,injected
371470115,7.0,0.01,7.019704433497528,6.749999999993861,7.019704433497528,Match,True,False,0.009895176050564645,injected
371470115,7.0,0.02,7.019704433497528,6.8333333333271185,7.019704433497528,Match,True,False,0.020061316549808677,injected
371470115,10.0,0.002,10.87786259541984,0.6666666666660603,10.87786259541984,Match,True,False,0.0020042522771789163,injected
371470115,10.0,0.005,9.965034965034956,9.666666666657875,9.965034965034956,Match,True,False,0.004912868942899535,injected
371470115,10.0,0.01,9.965034965034956,9.583333333324617,9.965034965034956,Match,True,False,0.009936211729752172,injected
371470115,10.0,0.02,9.965034965034956,9.583333333324617,9.965034965034956,Match,True,False,0.020187788138064103,injected
371470115,12.0,0.002,11.974789915966381,0.6666666666660603,11.974789915966381,Match,True,False,0.0020390860109040284,injected
371470115,12.0,0.005,11.974789915966381,12.499999999988631,11.974789915966381,Match,True,False,0.0052365499944431885,injected
371470115,12.0,0.01,11.974789915966381,10.916666666656738,11.974789915966381,Match,True,False,0.009694845678419486,injected
371470115,12.0,0.02,11.974789915966381,12.749999999988404,11.974789915966381,Match,True,False,0.018501092175592097,injected
371470115,14.0,0.002,13.31775700934579,0.6666666666660603,13.31775700934579,Match,True,False,0.0023071411025769348,injected
371470115,14.0,0.005,13.31775700934579,13.749999999987494,13.31775700934579,Match,True,False,0.004136248953647797,injected
371470115,14.0,0.01,13.31775700934579,13.58333333332098,13.31775700934579,Match,True,False,0.010581501095515576,injected
371470115,14.0,0.02,13.31775700934579,13.333333333321207,13.31775700934579,Match,True,False,0.021334856733210186,injected
289623211,,0.0,11.851311953352765,,11.851311953352765,LS_only,False,False,0.000757278513159852,null
289623211,0.5,0.002,0.500677423327995,1.4999999999986358,0.500677423327995,Match,True,False,0.001940230195623968,injected
289623211,0.5,0.005,0.500677423327995,1.4999999999986358,0.500677423327995,Match,True,False,0.004796763152243379,injected
289623211,0.5,0.01,0.500677423327995,1.4999999999986358,0.500677423327995,Match,True,False,0.009533924080850336,injected
289623211,0.5,0.02,0.500677423327995,1.4999999999986358,0.500677423327995,Match,True,False,0.018933836899703398,injected
289623211,1.0,0.002,1.003455936805725,0.9999999999990905,1.003455936805725,Match,True,False,0.0020042080245452096,injected
289623211,1.0,0.005,1.003455936805725,0.9999999999990905,1.003455936805725,Match,True,False,0.0049633557687045965,injected
289623211,1.0,0.01,1.003455936805725,0.9999999999990905,1.003455936805725,Match,True,False,0.009754250777543976,injected
289623211,1.0,0.02,1.003455936805725,0.9999999999990905,1.003455936805725,Match,True,False,0.019485792110727623,injected
289623211,2.0,0.002,1.9975429975429941,1.999999999998181,1.9975429975429941,Match,True,False,0.001912695969467525,injected
289623211,2.0,0.005,1.9975429975429941,1.999999999998181,1.9975429975429941,Match,True,False,0.004987332444766046,injected
289623211,2.0,0.01,1.9975429975429941,1.999999999998181,1.9975429975429941,Match,True,False,0.010114502234657837,injected
289623211,2.0,0.02,1.9975429975429941,1.999999999998181,1.9975429975429941,Match,True,False,0.019934044979772133,injected
289623211,3.0,0.002,3.0088823094004393,2.916666666664014,3.0088823094004393,Match,True,False,0.0020391956020362327,injected
289623211,3.0,0.005,3.0088823094004393,2.916666666664014,3.0088823094004393,Match,True,False,0.004749835073707893,injected
289623211,3.0,0.01,3.0088823094004393,2.9999999999972715,3.0088823094004393,Match,True,False,0.01035861705148208,injected
289623211,3.0,0.02,3.0088823094004393,2.9999999999972715,3.0088823094004393,Match,True,False,0.019717396911390246,injected
289623211,5.0,0.002,5.012330456226873,5.166666666661968,5.012330456226873,Match,True,False,0.001958071184493073,injected
289623211,5.0,0.005,5.012330456226873,4.916666666662195,5.012330456226873,Match,True,False,0.004909295044671472,injected
289623211,5.0,0.01,5.012330456226873,4.916666666662195,5.012330456226873,Match,True,False,0.009792402877748053,injected
289623211,5.0,0.02,5.012330456226873,4.916666666662195,5.012330456226873,Match,True,False,0.019640123283170795,injected
289623211,7.0,0.002,6.831932773109235,13.666666666654237,13.666666666654237,Harmonic_Corrected,False,True,0.0022449673657564022,injected
289623211,7.0,0.005,6.831932773109235,6.916666666660376,6.831932773109235,Match,True,False,0.00504684488756701,injected
289623211,7.0,0.01,6.831932773109235,6.916666666660376,6.831932773109235,Match,True,False,0.00946991220184752,injected
289623211,7.0,0.02,6.831932773109235,6.916666666660376,6.831932773109235,Match,True,False,0.01918547252078894,injected
289623211,10.0,0.002,9.013303769401324,1.083333333332348,9.013303769401324,Match,True,False,0.001539996479621061,injected
289623211,10.0,0.005,9.795180722891558,9.249999999991587,9.795180722891558,Match,True,False,0.004594865748728585,injected
289623211,10.0,0.01,9.795180722891558,9.249999999991587,9.795180722891558,Match,True,False,0.009935114266917938,injected
289623211,10.0,0.02,9.795180722891558,9.333333333324845,9.795180722891558,Match,True,False,0.02045098397211657,injected
289623211,12.0,0.002,11.851311953352765,10.583333333323708,11.851311953352765,Match,True,False,0.00261479917482498,injected
289623211,12.0,0.005,11.851311953352765,12.583333333321889,11.851311953352765,Match,True,False,0.005161435920724935,injected
289623211,12.0,0.01,11.851311953352765,12.083333333322344,11.851311953352765,Match,True,False,0.008357920686694092,injected
289623211,12.0,0.02,11.851311953352765,12.749999999988404,11.851311953352765,Match,True,False,0.018268624176572032,injected
289623211,14.0,0.002,13.24104234527687,12.749999999988404,13.24104234527687,Match,True,False,0.002541900173756097,injected
289623211,14.0,0.005,13.24104234527687,13.24999999998795,13.24104234527687,Match,True,False,0.0041599934152026586,injected
289623211,14.0,0.01,15.0,13.416666666654464,15.0,Match,True,False,0.009425897331206096,injected
289623211,14.0,0.02,13.24104234527687,13.24999999998795,13.24104234527687,Match,True,False,0.016320266830221655,injected
233068870,,0.0,2.991391678622662,0.8333333333325754,2.991391678622662,Match,False,False,0.0005158931059450593,null
233068870,0.5,0.002,0.5020467132193581,0.5833333333328028,0.5020467132193581,Match,True,False,0.0019263695644241173,injected
233068870,0.5,0.005,0.5020467132193581,1.4999999999986358,0.5020467132193581,Match,True,False,0.004626870027357943,injected
233068870,0.5,0.01,0.5020467132193581,1.999999999998181,0.5020467132193581,Match,True,False,0.008761899310492543,injected
233068870,0.5,0.02,0.5020467132193581,1.4999999999986358,0.5020467132193581,Match,True,False,0.017919802468707016,injected
233068870,1.0,0.002,1.0009601536245774,1.083333333332348,1.0009601536245774,Match,True,False,0.0022751835279905945,injected
233068870,1.0,0.005,1.0009601536245774,1.083333333332348,1.0009601536245774,Match,True,False,0.004706559880258878,injected
233068870,1.0,0.01,1.0009601536245774,0.9999999999990905,1.0009601536245774,Match,True,False,0.009765284400721013,injected
233068870,1.0,0.02,1.0009601536245774,0.9999999999990905,1.0009601536245774,Match,True,False,0.019536450758915667,injected
233068870,2.0,0.002,2.0067372473532195,1.999999999998181,2.0067372473532195,Match,True,False,0.0020753053675306703,injected
233068870,2.0,0.005,2.0067372473532195,1.999999999998181,2.0067372473532195,Match,True,False,0.0047429007390511,injected
233068870,2.0,0.01,2.0067372473532195,1.999999999998181,2.0067372473532195,Match,True,False,0.009893243066153056,injected
233068870,2.0,0.02,2.0067372473532195,1.999999999998181,2.0067372473532195,Match,True,False,0.019491332849243252,injected
233068870,3.0,0.002,2.991391678622662,2.2499999999979536,2.991391678622662,Match,True,False,0.0019491892318708889,injected
233068870,3.0,0.005,2.991391678622662,3.083333333330529,2.991391678622662,Match,True,False,0.004965779022688462,injected
233068870,3.0,0.01,2.991391678622662,3.083333333330529,2.991391678622662,Match,True,False,0.00974514826479155,injected
233068870,3.0,0.02,2.991391678622662,2.9999999999972715,2.991391678622662,Match,True,False,0.01933570963325251,injected
233068870,5.0,0.002,4.882903981264628,1.083333333332348,4.882903981264628,Match,True,False,0.0019287871421377067,injected
233068870,5.0,0.005,4.882903981264628,1.083333333332348,4.882903981264628,Match,True,False,0.004834737772910771,injected
233068870,5.0,0.01,5.097799511002436,4.9999999999954525,5.097799511002436,Match,True,False,0.009820823317646702,injected
233068870,5.0,0.02,5.097799511002436,4.9999999999954525,5.097799511002436,Match,True,False,0.019878604084019546,injected
233068870,7.0,0.002,6.926910299003312,1.4166666666653782,6.926910299003312,Match,True,False,0.0020227917874536283,injected
233068870,7.0,0.005,6.926910299003312,1.083333333332348,6.926910299003312,Match,True,False,0.004984782101883143,injected
233068870,7.0,0.01,6.926910299003312,1.083333333332348,6.926910299003312,Match,True,False,0.010042055074702523,injected
233068870,7.0,0.02,6.926910299003312,6.9999999999936335,6.926910299003312,Match,True,False,0.01990527142510013,injected
233068870,10.0,0.002,9.881516587677716,1.4166666666653782,9.881516587677716,Match,True,False,0.0020138886167412363,injected
233068870,10.0,0.005,9.881516587677716,1.083333333332348,9.881516587677716,Match,True,False,0.005133802321520562,injected
233068870,10.0,0.01,9.881516587677716,1.083333333332348,9.881516587677716,Match,True,False,0.009960219423237777,injected
233068870,10.0,0.02,9.881516587677716,9.583333333324617,9.881516587677716,Match,True,False,0.01991357936270998,injected
233068870,12.0,0.002,11.914285714285707,1.4166666666653782,11.914285714285707,Match,True,False,0.0018587805787280438,injected
233068870,12.0,0.005,11.914285714285707,1.083333333332348,11.914285714285707,Match,True,False,0.005272355748611487,injected
233068870,12.0,0.01,11.914285714285707,1.083333333332348,11.914285714285707,Match,True,False,0.010381633096278741,injected
233068870,12.0,0.02,11.914285714285707,12.583333333321889,11.914285714285707,Match,True,False,0.018492559572632874,injected
233068870,14.0,0.002,13.28025477707006,1.4166666666653782,13.28025477707006,Match,True,False,0.0022020647291012396,injected
233068870,14.0,0.005,13.28025477707006,1.083333333332348,13.28025477707006,Match,True,False,0.005276886541573484,injected
233068870,14.0,0.01,13.28025477707006,1.083333333332348,13.28025477707006,Match,True,False,0.010488352921116701,injected
233068870,14.0,0.02,13.28025477707006,13.166666666654692,13.28025477707006,Match,True,False,0.01864460191158706,injected
274845152,,0.0,6.562499999999992,12.916666666654919,12.916666666654919,Harmonic_Corrected,False,False,0.0006105548681059459,null
274845152,0.5,0.002,0.5011933174224332,1.4999999999986358,0.5011933174224332,Match,True,False,0.0017150601025706347,injected
274845152,0.5,0.005,0.5011933174224332,1.4999999999986358,0.5011933174224332,Match,True,False,0.004552656703248711,injected
274845152,0.5,0.01,0.5011933174224332,1.4999999999986358,0.5011933174224332,Match,True,False,0.00949698543095692,injected
274845152,0.5,0.02,0.5011933174224332,1.4999999999986358,0.5011933174224332,Match,True,False,0.018917694000003326,injected
274845152,1.0,0.002,0.9990485252140797,0.9999999999990905,0.9990485252140797,Match,True,False,0.002054871172808621,injected
274845152,1.0,0.005,0.9990485252140797,0.9999999999990905,0.9990485252140797,Match,True,False,0.0050434759982758625,injected
274845152,1.0,0.01,0.9990485252140797,0.9999999999990905,0.9990485252140797,Match,True,False,0.009863738807671439,injected
274845152,1.0,0.02,0.9990485252140797,0.9999999999990905,0.9990485252140797,Match,True,False,0.019972137456123352,injected
274845152,2.0,0.002,2.019230769230765,1.999999999998181,2.019230769230765,Match,True,False,0.002008740287368839,injected
274845152,2.0,0.005,1.9848771266540604,1.999999999998181,1.9848771266540604,Match,True,False,0.004816102354254696,injected
274845152,2.0,0.01,1.9848771266540604,1.999999999998181,1.9848771266540604,Match,True,False,0.009718000957031056,injected
274845152,2.0,0.02,1.9848771266540604,1.999999999998181,1.9848771266540604,Match,True,False,0.01980453802775334,injected
274845152,3.0,0.002,3.0085959885386764,2.9999999999972715,3.0085959885386764,Match,True,False,0.0021416632337502204,injected
274845152,3.0,0.005,3.0085959885386764,2.9999999999972715,3.0085959885386764,Match,True,False,0.004888461270482904,injected
274845152,3.0,0.01,3.0085959885386764,2.9999999999972715,3.0085959885386764,Match,True,False,0.01008219039052632,injected
274845152,3.0,0.02,3.0085959885386764,2.9999999999972715,3.0085959885386764,Match,True,False,0.020043883529346006,injected
274845152,5.0,0.002,4.906542056074759,5.08333333332871,4.906542056074759,Match,True,False,0.002055515549811509,injected
274845152,5.0,0.005,5.121951219512187,4.9999999999954525,5.121951219512187,Match,True,False,0.00502022426495436,injected
274845152,5.0,0.01,4.906542056074759,4.9999999999954525,4.906542056074759,Match,True,False,0.009961613244195797,injected
274845152,5.0,0.02,4.906542056074759,4.9999999999954525,4.906542056074759,Match,True,False,0.019443670778857208,injected
274845152,7.0,0.002,7.394366197183091,6.583333333327346,7.394366197183091,Match,True,False,0.001540387024760589,injected
274845152,7.0,0.005,6.953642384105951,6.9999999999936335,6.953642384105951,Match,True,False,0.0046333617572156295,injected
274845152,7.0,0.01,6.953642384105951,6.916666666660376,6.953642384105951,Match,True,False,0.009479259966984462,injected
274845152,7.0,0.02,6.953642384105951,6.916666666660376,6.953642384105951,Match,True,False,0.019538591221410443,injected
274845152,10.0,0.002,9.905660377358483,,9.905660377358483,LS_only,True,False,0.0017416199505067174,injected
274845152,10.0,0.005,9.905660377358483,10.333333333323935,9.905660377358483,Match,True,False,0.004678783623795076,injected
274845152,10.0,0.01,9.905660377358483,9.83333333332439,9.905660377358483,Match,True,False,0.009643137104126967,injected
274845152,10.0,0.02,9.905660377358483,9.749999999991132,9.905660377358483,Match,True,False,0.020585766164256728,injected
274845152,12.0,0.002,13.291139240506325,2.333333333331211,13.291139240506325,Match,False,False,0.002068282558564671,injected
274845152,12.0,0.005,11.931818181818176,11.999999999989086,11.931818181818176,Match,True,False,0.004835599706920287,injected
274845152,12.0,0.01,11.931818181818176,12.083333333322344,11.931818181818176,Match,True,False,0.010581559043142381,injected
274845152,12.0,0.02,11.931818181818176,12.083333333322344,11.931818181818176,Match,True,False,0.02098064949344331,injected
274845152,14.0,0.002,15.0,13.333333333321207,15.0,Match,True,False,0.0013187385525894617,injected
274845152,14.0,0.005,15.0,13.083333333321434,15.0,Match,True,False,0.0054596664900081445,injected
274845152,14.0,0.01,15.0,13.166666666654692,15.0,Match,True,False,0.010524357392759512,injected
274845152,14.0,0.02,13.291139240506325,13.333333333321207,13.291139240506325,Match,True,False,0.01854829031311975,injected
255803944,,0.0,4.400826446280981,,4.400826446280981,LS_only,False,False,0.0011461162360761916,null
255803944,0.5,0.002,0.5016486104568989,12.999999999988177,0.5016486104568989,Match,True,False,0.0014004354172582297,injected
255803944,0.5,0.005,0.5016486104568989,1.4999999999986358,0.5016486104568989,Match,True,False,0.004846923991708877,injected
255803944,0.5,0.01,0.5016486104568989,1.4999999999986358,0.5016486104568989,Match,True,False,0.00908435242815154,injected
255803944,0.5,0.02,0.5016486104568989,1.4999999999986358,0.5016486104568989,Match,True,False,0.017905820627982894,injected
255803944,1.0,0.002,1.0037700282752087,1.083333333332348,1.0037700282752087,Match,True,False,0.0021524453295966774,injected
255803944,1.0,0.005,0.9953271028037349,0.9999999999990905,0.9953271028037349,Match,True,False,0.0048855834694661515,injected
255803944,1.0,0.01,1.0037700282752087,0.9999999999990905,1.0037700282752087,Match,True,False,0.009709793195834001,injected
255803944,1.0,0.02,1.0037700282752087,0.9999999999990905,1.0037700282752087,Match,True,False,0.019648254639369433,injected
255803944,2.0,0.002,1.975881261595541,2.166666666664696,1.975881261595541,Match,True,False,0.0023796262944123276,injected
255803944,2.0,0.005,2.009433962264145,1.999999999998181,2.009433962264145,Match,True,False,0.005368767157205093,injected
255803944,2.0,0.01,2.009433962264145,1.999999999998181,2.009433962264145,Match,True,False,0.009637866994598798,injected
255803944,2.0,0.02,2.009433962264145,1.999999999998181,2.009433962264145,Match,True,False,0.019544379248321767,injected
255803944,3.0,0.002,2.9665738161559805,,2.9665738161559805,LS_only,True,False,0.0017908031015013083,injected
255803944,3.0,0.005,2.9665738161559805,3.083333333330529,2.9665738161559805,Match,True,False,0.004959933934116174,injected
255803944,3.0,0.01,2.9665738161559805,2.9999999999972715,2.9665738161559805,Match,True,False,0.009973795811458117,injected
255803944,3.0,0.02,2.9665738161559805,2.9999999999972715,2.9665738161559805,Match,True,False,0.019684446749490964,injected
255803944,5.0,0.002,5.406091370558363,,5.406091370558363,LS_only,True,False,0.0020014415997301658,injected
255803944,5.0,0.005,5.169902912621348,4.9999999999954525,5.169902912621348,Match,True,False,0.004722577260065364,injected
255803944,5.0,0.01,5.169902912621348,4.9999999999954525,5.169902912621348,Match,True,False,0.00952582380159863,injected
255803944,5.0,0.02,4.953488372093012,4.9999999999954525,4.953488372093012,Match,True,False,0.019775154503760738,injected
255803944,7.0,0.002,6.614906832298122,0.916666666665833,6.614906832298122,Match,True,False,0.002354536566123507,injected
255803944,7.0,0.005,7.006578947368408,6.8333333333271185,7.006578947368408,Match,True,False,0.005227357828916374,injected
255803944,7.0,0.01,7.006578947368408,6.8333333333271185,7.006578947368408,Match,True,False,0.009664157679166766,injected
255803944,7.0,0.02,7.006578947368408,6.8333333333271185,7.006578947368408,Match,True,False,0.020225520805146203,injected
255803944,10.0,0.002,9.95327102803737,0.916666666665833,9.95327102803737,Match,True,False,0.0023863596331604123,injected
255803944,10.0,0.005,9.95327102803737,0.916666666665833,9.95327102803737,Match,True,False,0.004299933067046381,injected
255803944,10.0,0.01,9.95327102803737,9.916666666657648,9.95327102803737,Match,True,False,0.010173398573261038,injected
255803944,10.0,0.02,9.95327102803737,9.749999999991132,9.95327102803737,Match,True,False,0.020899556961251255,injected
255803944,12.0,0.002,11.966292134831452,0.6666666666660603,11.966292134831452,Match,True,False,0.0030285710973545136,injected
255803944,12.0,0.005,11.966292134831452,10.666666666656965,11.966292134831452,Match,True,False,0.006006897612499606,injected
255803944,12.0,0.01,11.966292134831452,10.666666666656965,11.966292134831452,Match,True,False,0.011090067140547671,injected
255803944,12.0,0.02,11.966292134831452,10.583333333323708,11.966292134831452,Match,True,False,0.02029175640428429,injected
255803944,14.0,0.002,13.312499999999995,0.7499999999993179,13.312499999999995,Match,True,False,0.0028099075702770226,injected
255803944,14.0,0.005,13.312499999999995,0.6666666666660603,13.312499999999995,Match,True,False,0.005574388981853041,injected
255803944,14.0,0.01,13.312499999999995,12.999999999988177,13.312499999999995,Match,True,False,0.010511479180269118,injected
255803944,14.0,0.02,15.0,13.416666666654464,15.0,Match,True,False,0.01577299898939262,injected
103948521,,0.0,4.345794392523358,13.24999999998795,4.345794392523358,Match,False,False,0.0010479597674060176,null
103948521,0.5,0.002,0.5016181229773453,2.4999999999977263,0.5016181229773453,Match,True,False,0.0017115462025458173,injected
103948521,0.5,0.005,0.5016181229773453,1.4999999999986358,0.5016181229773453,Match,True,False,0.004598617393163488,injected
103948521,0.5,0.01,0.5016181229773453,1.4999999999986358,0.5016181229773453,Match,True,False,0.009105916530406119,injected
103948521,0.5,0.02,0.5016181229773453,1.4999999999986358,0.5016181229773453,Match,True,False,0.0184033609872024,injected
103948521,1.0,0.002,1.0043196544276438,0.9999999999990905,1.0043196544276438,Match,True,False,0.0019521812282231295,injected
103948521,1.0,0.005,0.9957173447537455,0.9999999999990905,0.9957173447537455,Match,True,False,0.004870127895347611,injected
103948521,1.0,0.01,0.9957173447537455,0.9999999999990905,0.9957173447537455,Match,True,False,0.009729336292493023,injected
103948521,1.0,0.02,1.0043196544276438,0.9999999999990905,1.0043196544276438,Match,True,False,0.019399115978994998,injected
103948521,2.0,0.002,1.9787234042553157,2.0833333333314386,1.9787234042553157,Match,True,False,0.0020807731493317464,injected
103948521,2.0,0.005,1.9787234042553157,1.999999999998181,1.9787234042553157,Match,True,False,0.005242559344766266,injected
103948521,2.0,0.01,2.0129870129870095,1.999999999998181,2.0129870129870095,Match,True,False,0.009793547608933296,injected
103948521,2.0,0.02,2.0129870129870095,1.999999999998181,2.0129870129870095,Match,True,False,0.01948824193440941,injected
103948521,3.0,0.002,2.924528301886788,3.083333333330529,2.924528301886788,Match,True,False,0.002027018533400108,injected
103948521,3.0,0.005,2.999999999999995,3.083333333330529,2.999999999999995,Match,True,False,0.0049560611348049965,injected
103948521,3.0,0.01,2.999999999999995,2.9999999999972715,2.999999999999995,Match,True,False,0.009982819511451599,injected
103948521,3.0,0.02,2.999999999999995,2.9999999999972715,2.999999999999995,Match,True,False,0.019876995622572405,injected
103948521,5.0,0.002,5.109890109890103,4.833333333328937,5.109890109890103,Match,True,False,0.0019399634819235916,injected
103948521,5.0,0.005,5.109890109890103,4.833333333328937,5.109890109890103,Match,True,False,0.005115211517344581,injected
103948521,5.0,0.01,5.109890109890103,4.833333333328937,5.109890109890103,Match,True,False,0.00976187695090834,injected
103948521,5.0,0.02,4.894736842105257,4.9999999999954525,4.894736842105257,Match,True,False,0.019865504687587375,injected
103948521,7.0,0.002,6.940298507462679,7.499999999993179,6.940298507462679,Match,True,False,0.0018976047797965682,injected
103948521,7.0,0.005,6.940298507462679,7.083333333326891,6.940298507462679,Match,True,False,0.004873920486241377,injected
103948521,7.0,0.01,6.940298507462679,7.083333333326891,6.940298507462679,Match,True,False,0.009712988681150501,injected
103948521,7.0,0.02,6.940298507462679,6.8333333333271185,6.940298507462679,Match,True,False,0.02007829621950982,injected
103948521,10.0,0.002,9.893617021276588,1.3333333333321207,9.893617021276588,Match,True,False,0.0024592270457269396,injected
103948521,10.0,0.005,9.893617021276588,8.999999999991815,9.893617021276588,Match,True,False,0.0052395561584790895,injected
103948521,10.0,0.01,9.893617021276588,9.916666666657648,9.893617021276588,Match,True,False,0.010105135935726726,injected
103948521,10.0,0.02,9.893617021276588,9.916666666657648,9.893617021276588,Match,True,False,0.01996756996740422,injected
103948521,12.0,0.002,11.923076923076918,13.24999999998795,11.923076923076918,Match,True,False,0.0015528365251479303,injected
103948521,12.0,0.005,11.923076923076918,11.749999999989313,11.923076923076918,Match,True,False,0.004694143873040019,injected
103948521,12.0,0.01,11.923076923076918,12.666666666655146,11.923076923076918,Match,True,False,0.010071832703527392,injected
103948521,12.0,0.02,11.923076923076918,12.749999999988404,11.923076923076918,Match,True,False,0.01923995632671309,injected
103948521,14.0,0.002,15.0,13.24999999998795,15.0,Match,True,False,0.0015458235657344493,injected
103948521,14.0,0.005,15.0,0.5833333333328028,15.0,Match,True,False,0.004466111311452134,injected
103948521,14.0,0.01,13.285714285714283,13.24999999998795,13.285714285714283,Match,True,False,0.009087322770265725,injected
103948521,14.0,0.02,13.285714285714283,13.24999999998795,13.285714285714283,Match,True,False,0.01760294407481677,injected
403117709,,0.0,6.940298507462679,0.6666666666660603,6.940298507462679,Match,False,False,0.0014878953238524927,null
403117709,0.5,0.002,0.5016181229773453,1.4999999999986358,0.5016181229773453,Match,True,False,0.0019323193917916471,injected
403117709,0.5,0.005,0.5016181229773453,1.4999999999986358,0.5016181229773453,Match,True,False,0.004537798034055473,injected
403117709,0.5,0.01,0.5016181229773453,1.4999999999986358,0.5016181229773453,Match,True,False,0.009210768439169827,injected
403117709,0.5,0.02,0.5016181229773453,1.4999999999986358,0.5016181229773453,Match,True,False,0.01854012552098922,injected
403117709,1.0,0.002,0.9957173447537455,0.916666666665833,0.9957173447537455,Match,True,False,0.0017082523973876653,injected
403117709,1.0,0.005,1.0043196544276438,0.9999999999990905,1.0043196544276438,Match,True,False,0.004952207515725738,injected
403117709,1.0,0.01,1.0043196544276438,0.9999999999990905,1.0043196544276438,Match,True,False,0.009691319414392269,injected
403117709,1.0,0.02,0.9957173447537455,0.9999999999990905,0.9957173447537455,Match,True,False,0.019739367888821347,injected
403117709,2.0,0.002,1.9787234042553157,3.999999999996362,3.999999999996362,Harmonic_Corrected,False,True,0.0021776086315245624,injected
403117709,2.0,0.005,2.0129870129870095,1.999999999998181,2.0129870129870095,Match,True,False,0.004652725675987041,injected
403117709,2.0,0.01,2.0129870129870095,1.999999999998181,2.0129870129870095,Match,True,False,0.009820887484590795,injected
403117709,2.0,0.02,2.0129870129870095,1.999999999998181,2.0129870129870095,Match,True,False,0.020011227347266236,injected
403117709,3.0,0.002,2.999999999999995,5.9166666666612855,5.9166666666612855,Harmonic_Corrected,False,True,0.0019714936192678396,injected
403117709,3.0,0.005,2.999999999999995,3.083333333330529,2.999999999999995,Match,True,False,0.004876492010532149,injected
403117709,3.0,0.01,2.999999999999995,2.9999999999972715,2.999999999999995,Match,True,False,0.00988413297242529,injected
403117709,3.0,0.02,2.999999999999995,2.9999999999972715,2.999999999999995,Match,True,False,0.019892979903261533,injected
403117709,5.0,0.002,4.894736842105257,5.08333333332871,4.894736842105257,Match,True,False,0.002666899882193765,injected
403117709,5.0,0.005,5.109890109890103,4.9999999999954525,5.109890109890103,Match,True,False,0.004420686236687567,injected
403117709,5.0,0.01,5.109890109890103,4.916666666662195,5.109890109890103,Match,True,False,0.009383803954935635,injected
403117709,5.0,0.02,5.109890109890103,4.9999999999954525,5.109890109890103,Match,True,False,0.019221068957240524,injected
403117709,7.0,0.002,6.940298507462679,6.749999999993861,6.940298507462679,Match,True,False,0.0029067323157949973,injected
403117709,7.0,0.005,6.940298507462679,6.749999999993861,6.940298507462679,Match,True,False,0.004699710351794788,injected
403117709,7.0,0.01,6.940298507462679,6.749999999993861,6.940298507462679,Match,True,False,0.00927716661644889,injected
403117709,7.0,0.02,6.940298507462679,6.916666666660376,6.940298507462679,Match,True,False,0.0182271315360906,injected
403117709,10.0,0.002,9.117647058823522,0.6666666666660603,9.117647058823522,Match,True,False,0.002142427740989596,injected
403117709,10.0,0.005,9.893617021276588,19.66666666664878,19.66666666664878,Harmonic_Corrected,False,True,0.004798057804730506,injected
403117709,10.0,0.01,9.893617021276588,9.83333333332439,9.893617021276588,Match,True,False,0.009863643905698294,injected
403117709,10.0,0.02,9.893617021276588,9.83333333332439,9.893617021276588,Match,True,False,0.019876910711805897,injected
403117709,12.0,0.002,11.923076923076918,1.1666666666656056,11.923076923076918,Match,True,False,0.0019975134089342665,injected
403117709,12.0,0.005,11.923076923076918,12.916666666654919,11.923076923076918,Match,True,False,0.004484826696649439,injected
403117709,12.0,0.01,11.923076923076918,12.083333333322344,11.923076923076918,Match,True,False,0.010531785106555462,injected
403117709,12.0,0.02,11.923076923076918,12.749999999988404,11.923076923076918,Match,True,False,0.018221899417452104,injected
403117709,14.0,0.002,7.380952380952374,0.6666666666660603,7.380952380952374,Match,False,True,0.002066123702211771,injected
403117709,14.0,0.005,13.285714285714283,13.24999999998795,13.285714285714283,Match,True,False,0.003884821123047541,injected
403117709,14.0,0.01,13.285714285714283,13.58333333332098,13.285714285714283,Match,True,False,0.00973151221846281,injected
403117709,14.0,0.02,13.285714285714283,13.083333333321434,13.285714285714283,Match,True,False,0.021702695334131748,injected
11154973,,0.0,10.846153846153838,1.5833333333318933,10.846153846153838,Match,False,False,0.00559392651028914,null
11154973,0.5,0.002,10.846153846153838,1.5833333333318933,10.846153846153838,Match,False,False,0.005624599529221245,injected
11154973,0.5,0.005,10.846153846153838,1.5833333333318933,10.846153846153838,Match,False,False,0.00549088120416857,injected
11154973,0.5,0.01,0.500354861603973,1.5833333333318933,0.500354861603973,Match,True,False,0.009478653407107981,injected
11154973,0.5,0.02,0.500354861603973,1.999999999998181,0.500354861603973,Match,True,False,0.017172729218931426,injected
11154973,1.0,0.002,10.846153846153838,1.5833333333318933,10.846153846153838,Match,False,False,0.005593047473441586,injected
11154973,1.0,0.005,1.0057061340941482,1.999999999998181,1.999999999998181,Harmonic_Corrected,False,True,0.006051433880683969,injected
11154973,1.0,0.01,1.0057061340941482,0.8333333333325754,1.0057061340941482,Match,True,False,0.010688894466630634,injected
11154973,1.0,0.02,0.9971711456859943,1.1666666666656056,0.9971711456859943,Match,True,False,0.021112786243761936,injected
11154973,2.0,0.002,10.846153846153838,1.5833333333318933,10.846153846153838,Match,False,False,0.0056931542619250595,injected
11154973,2.0,0.005,10.846153846153838,1.5833333333318933,10.846153846153838,Match,False,False,0.00587825431490241,injected
11154973,2.0,0.01,2.0317002881844326,1.999999999998181,2.0317002881844326,Match,True,False,0.010479835461515739,injected
11154973,2.0,0.02,1.9971671388101928,1.999999999998181,1.9971671388101928,Match,True,False,0.020016033588013325,injected
11154973,3.0,0.002,3.1057268722466884,1.5833333333318933,1.5833333333318933,Subharmonic_Corrected,False,True,0.006864571274491937,injected
11154973,3.0,0.005,3.1057268722466884,1.5833333333318933,1.5833333333318933,Subharmonic_Corrected,False,True,0.009469659634677857,injected
11154973,3.0,0.01,3.025751072961366,2.8333333333307564,3.025751072961366,Match,True,False,0.013489076086589913,injected
11154973,3.0,0.02,3.025751072961366,2.8333333333307564,3.025751072961366,Match,True,False,0.018936776606495433,injected
11154973,5.0,0.002,10.846153846153838,1.5833333333318933,10.846153846153838,Match,False,True,0.005518822142963077,injected
11154973,5.0,0.005,5.381679389312966,1.5833333333318933,5.381679389312966,Match,True,False,0.0060616020721531595,injected
11154973,5.0,0.01,4.731543624161064,1.5833333333318933,4.731543624161064,Match,True,False,0.010173019119376344,injected
11154973,5.0,0.02,5.145985401459844,4.41666666666265,5.145985401459844,Match,True,False,0.0182909783593919,injected
11154973,7.0,0.002,11.949152542372873,1.5833333333318933,11.949152542372873,Match,False,False,0.0061718252506362545,injected
11154973,7.0,0.005,3.190045248868771,1.5833333333318933,1.5833333333318933,Subharmonic_Corrected,False,False,0.005353395963067117,injected
11154973,7.0,0.01,7.421052631578936,1.5833333333318933,7.421052631578936,Match,True,False,0.012444633366029825,injected
11154973,7.0,0.02,6.980198019801969,1.5833333333318933,6.980198019801969,Match,True,False,0.01743853969326,injected
11154973,10.0,0.002,10.846153846153838,1.5833333333318933,10.846153846153838,Match,True,False,0.005969335435033904,injected
11154973,10.0,0.005,10.846153846153838,1.5833333333318933,10.846153846153838,Match,True,False,0.008440894371313483,injected
11154973,10.0,0.01,9.929577464788721,1.5833333333318933,9.929577464788721,Match,True,False,0.015370764567430792,injected
11154973,10.0,0.02,9.929577464788721,1.5833333333318933,9.929577464788721,Match,True,False,0.017233801260829393,injected
11154973,12.0,0.002,10.846153846153838,1.5833333333318933,10.846153846153838,Match,True,False,0.0070155395691258796,injected
11154973,12.0,0.005,3.190045248868771,1.5833333333318933,1.5833333333318933,Subharmonic_Corrected,False,False,0.004671525390173321,injected
11154973,12.0,0.01,13.301886792452827,1.5833333333318933,13.301886792452827,Match,False,False,0.009851422841533453,injected
11154973,12.0,0.02,11.949152542372873,1.5833333333318933,11.949152542372873,Match,True,False,0.025052392338811805,injected
11154973,14.0,0.002,10.846153846153838,1.5833333333318933,10.846153846153838,Match,False,False,0.0064377102898797245,injected
11154973,14.0,0.005,11.949152542372873,1.5833333333318933,11.949152542372873,Match,False,False,0.009104444266603772,injected
11154973,14.0,0.01,15.0,1.5833333333318933,15.0,Match,True,False,0.010763806500531044,injected
11154973,14.0,0.02,13.301886792452827,1.5833333333318933,13.301886792452827,Match,True,False,0.020615612355914588,injected
230395147,,0.0,11.887608069164258,,11.887608069164258,LS_only,False,False,0.0008414689739077247,null
230395147,0.5,0.002,0.5011541732474778,1.4999999999986358,0.5011541732474778,Match,True,False,0.0020054510263474786,injected
230395147,0.5,0.005,0.5011541732474778,1.4999999999986358,0.5011541732474778,Match,True,False,0.00467361266650501,injected
230395147,0.5,0.01,0.5011541732474778,1.4999999999986358,0.5011541732474778,Match,True,False,0.009275803534367083,injected
230395147,0.5,0.02,0.5011541732474778,1.4999999999986358,0.5011541732474778,Match,True,False,0.01893123308342938,injected
230395147,1.0,0.002,0.9995153864792803,0.9999999999990905,0.9995153864792803,Match,True,False,0.00193021323366363,injected
230395147,1.0,0.005,0.9995153864792803,0.9999999999990905,0.9995153864792803,Match,True,False,0.005010586407752983,injected
230395147,1.0,0.01,0.9995153864792803,0.9999999999990905,0.9995153864792803,Match,True,False,0.009779847001786735,injected
230395147,1.0,0.02,0.9995153864792803,0.9999999999990905,0.9995153864792803,Match,True,False,0.02003792583435343,injected
230395147,2.0,0.002,1.9879518072289113,1.999999999998181,1.9879518072289113,Match,True,False,0.0019913781703831345,injected
230395147,2.0,0.005,1.9879518072289113,1.999999999998181,1.9879518072289113,Match,True,False,0.004743374426676261,injected
230395147,2.0,0.01,1.9879518072289113,1.999999999998181,1.9879518072289113,Match,True,False,0.009583575103954628,injected
230395147,2.0,0.02,1.9879518072289113,1.999999999998181,1.9879518072289113,Match,True,False,0.01992932512286066,injected
230395147,3.0,0.002,3.0442804428044217,2.9999999999972715,3.0442804428044217,Match,True,False,0.0021090771323702506,injected
230395147,3.0,0.005,2.9654924514737537,2.9999999999972715,2.9654924514737537,Match,True,False,0.0050175338415932615,injected
230395147,3.0,0.01,2.9654924514737537,2.9999999999972715,2.9654924514737537,Match,True,False,0.01002817636401035,injected
230395147,3.0,0.02,2.9654924514737537,2.9999999999972715,2.9654924514737537,Match,True,False,0.019753478913987623,injected
230395147,5.0,0.002,5.061349693251525,4.833333333328937,5.061349693251525,Match,True,False,0.0019498833764558655,injected
230395147,5.0,0.005,5.061349693251525,5.08333333332871,5.061349693251525,Match,True,False,0.005053412310669802,injected
230395147,5.0,0.01,5.061349693251525,4.916666666662195,5.061349693251525,Match,True,False,0.009841479980218474,injected
230395147,5.0,0.02,5.061349693251525,4.916666666662195,5.061349693251525,Match,True,False,0.019813996595437193,injected
230395147,7.0,0.002,6.886477462437386,6.8333333333271185,6.886477462437386,Match,True,False,0.002147319131875696,injected
230395147,7.0,0.005,6.886477462437386,6.9999999999936335,6.886477462437386,Match,True,False,0.004870650059901148,injected
230395147,7.0,0.01,6.886477462437386,6.9999999999936335,6.886477462437386,Match,True,False,0.010001057579946135,injected
230395147,7.0,0.02,6.886477462437386,6.916666666660376,6.886477462437386,Match,True,False,0.020115983251664367,injected
230395147,10.0,0.002,9.844868735083523,9.16666666665833,9.844868735083523,Match,True,False,0.002252350722702125,injected
230395147,10.0,0.005,10.770234986945162,10.416666666657193,10.770234986945162,Match,True,False,0.005007041845291915,injected
230395147,10.0,0.01,9.844868735083523,9.49999999999136,9.844868735083523,Match,True,False,0.010127493344481254,injected
230395147,10.0,0.02,9.844868735083523,10.416666666657193,9.844868735083523,Match,True,False,0.019844887782133693,injected
230395147,12.0,0.002,13.263665594855302,11.749999999989313,13.263665594855302,Match,False,False,0.0013106511321004529,injected
230395147,12.0,0.005,11.887608069164258,12.666666666655146,11.887608069164258,Match,True,False,0.005651324987617912,injected
230395147,12.0,0.01,11.887608069164258,12.083333333322344,11.887608069164258,Match,True,False,0.009587779969919894,injected
230395147,12.0,0.02,11.887608069164258,12.749999999988404,11.887608069164258,Match,True,False,0.018210157083006467,injected
230395147,14.0,0.002,13.263665594855302,13.24999999998795,13.263665594855302,Match,True,False,0.0020663120158682753,injected
230395147,14.0,0.005,13.263665594855302,13.083333333321434,13.263665594855302,Match,True,False,0.004865092529785482,injected
230395147,14.0,0.01,13.263665594855302,13.416666666654464,13.263665594855302,Match,True,False,0.011255499708726998,injected
230395147,14.0,0.02,13.263665594855302,13.166666666654692,13.263665594855302,Match,True,False,0.020521634089342156,injected
399859280,,0.0,13.263665594855302,0.6666666666660603,13.263665594855302,Match,False,False,0.03595702537333243,null
399859280,0.5,0.002,13.263665594855302,0.6666666666660603,13.263665594855302,Match,False,False,0.03592506978326201,injected
399859280,0.5,0.005,13.263665594855302,0.6666666666660603,13.263665594855302,Match,False,False,0.035905966406152824,injected
399859280,0.5,0.01,13.263665594855302,0.6666666666660603,13.263665594855302,Match,False,False,0.035793923511529324,injected
399859280,0.5,0.02,13.263665594855302,,13.263665594855302,LS_only,False,False,0.036055820152632874,injected
399859280,1.0,0.002,13.263665594855302,0.6666666666660603,13.263665594855302,Match,False,False,0.0359418030120065,injected
399859280,1.0,0.005,13.263665594855302,0.6666666666660603,13.263665594855302,Match,False,False,0.035746679051398215,injected
399859280,1.0,0.01,13.263665594855302,0.6666666666660603,13.263665594855302,Match,False,False,0.035905908097145736,injected
399859280,1.0,0.02,13.263665594855302,0.6666666666660603,13.263665594855302,Match,False,False,0.0353682740866923,injected
399859280,2.0,0.002,13.263665594855302,0.6666666666660603,13.263665594855302,Match,False,False,0.03591182214610622,injected
399859280,2.0,0.005,13.263665594855302,0.6666666666660603,13.263665594855302,Match,False,False,0.03592509628432221,injected
399859280,2.0,0.01,13.263665594855302,,13.263665594855302,LS_only,False,False,0.03586955843057288,injected
399859280,2.0,0.02,13.263665594855302,0.6666666666660603,13.263665594855302,Match,False,False,0.03644727977612699,injected
399859280,3.0,0.002,13.263665594855302,0.6666666666660603,13.263665594855302,Match,False,False,0.03582082421897426,injected
399859280,3.0,0.005,13.263665594855302,0.6666666666660603,13.263665594855302,Match,False,False,0.03565964815237397,injected
399859280,3.0,0.01,13.263665594855302,0.6666666666660603,13.263665594855302,Match,False,False,0.035210410902245456,injected
399859280,3.0,0.02,8.40122199592667,0.6666666666660603,8.40122199592667,Match,False,False,0.03551096913849441,injected
399859280,5.0,0.002,13.263665594855302,0.6666666666660603,13.263665594855302,Match,False,False,0.03594766136737055,injected
399859280,5.0,0.005,13.263665594855302,0.6666666666660603,13.263665594855302,Match,False,False,0.035814929004401384,injected
399859280,5.0,0.01,13.263665594855302,0.6666666666660603,13.263665594855302,Match,False,False,0.03630558766616407,injected
399859280,5.0,0.02,4.650507328072146,,4.650507328072146,LS_only,True,False,0.04622073108431125,injected
399859280,7.0,0.002,13.263665594855302,0.6666666666660603,13.263665594855302,Match,False,True,0.03626462576233923,injected
399859280,7.0,0.005,13.263665594855302,0.6666666666660603,13.263665594855302,Match,False,True,0.037471312302823405,injected
399859280,7.0,0.01,13.263665594855302,0.6666666666660603,13.263665594855302,Match,False,True,0.036248185166102974,injected
399859280,7.0,0.02,13.263665594855302,0.6666666666660603,13.263665594855302,Match,False,True,0.04320188134238465,injected
399859280,10.0,0.002,13.263665594855302,0.6666666666660603,13.263665594855302,Match,False,False,0.036895635208137725,injected
399859280,10.0,0.005,13.263665594855302,0.6666666666660603,13.263665594855302,Match,False,False,0.03604970466131444,injected
399859280,10.0,0.01,8.40122199592667,0.6666666666660603,8.40122199592667,Match,False,False,0.04056627737940939,injected
399859280,10.0,0.02,9.065934065934057,0.6666666666660603,9.065934065934057,Match,True,False,0.04819611534074077,injected
399859280,12.0,0.002,13.263665594855302,0.6666666666660603,13.263665594855302,Match,False,False,0.03502274440474238,injected
399859280,12.0,0.005,13.263665594855302,0.6666666666660603,13.263665594855302,Match,False,False,0.036807790166884735,injected
399859280,12.0,0.01,13.263665594855302,0.6666666666660603,13.263665594855302,Match,False,False,0.03605690576486,injected
399859280,12.0,0.02,9.065934065934057,0.6666666666660603,9.065934065934057,Match,False,False,0.03972131231789808,injected
399859280,14.0,0.002,13.263665594855302,0.6666666666660603,13.263665594855302,Match,True,False,0.037315050861163115,injected
399859280,14.0,0.005,4.301355578727834,0.6666666666660603,4.301355578727834,Match,False,False,0.03480770772751503,injected
399859280,14.0,0.01,13.263665594855302,0.6666666666660603,13.263665594855302,Match,True,False,0.0371264411548152,injected
399859280,14.0,0.02,4.469122426868898,,4.469122426868898,LS_only,False,False,0.03846914180312729,injected
229953261,,0.0,3.611599297012296,13.999999999987267,3.611599297012296,Match,False,False,0.001180049991461886,null
229953261,0.5,0.002,0.5015865267268722,1.4999999999986358,0.5015865267268722,Match,True,False,0.001770077322760248,injected
229953261,0.5,0.005,0.5015865267268722,1.4999999999986358,0.5015865267268722,Match,True,False,0.004587038263960488,injected
229953261,0.5,0.01,0.5015865267268722,1.4999999999986358,0.5015865267268722,Match,True,False,0.009127576246450187,injected
229953261,0.5,0.02,0.5015865267268722,1.4999999999986358,0.5015865267268722,Match,True,False,0.01844558401593124,injected
229953261,1.0,0.002,0.9961221522055237,0.9999999999990905,0.9961221522055237,Match,True,False,0.002001978262292748,injected
229953261,1.0,0.005,0.9961221522055237,0.9999999999990905,0.9961221522055237,Match,True,False,0.005001333300751854,injected
229953261,1.0,0.01,0.9961221522055237,0.9999999999990905,0.9961221522055237,Match,True,False,0.009637239195139641,injected
229953261,1.0,0.02,0.9961221522055237,0.9999999999990905,0.9961221522055237,Match,True,False,0.019364001702009456,injected
229953261,2.0,0.002,2.016683022571144,1.999999999998181,2.016683022571144,Match,True,False,0.0014043420381444753,injected
229953261,2.0,0.005,2.016683022571144,1.999999999998181,2.016683022571144,Match,True,False,0.005485150932607745,injected
229953261,2.0,0.01,2.016683022571144,1.999999999998181,2.016683022571144,Match,True,False,0.009782569962720178,injected
229953261,2.0,0.02,2.016683022571144,1.999999999998181,2.016683022571144,Match,True,False,0.02004377731583227,injected
229953261,3.0,0.002,2.9568345323740957,2.916666666664014,2.9568345323740957,Match,True,False,0.0022923825351522475,injected
229953261,3.0,0.005,3.035450516986701,2.9999999999972715,3.035450516986701,Match,True,False,0.0053569169135086105,injected
229953261,3.0,0.01,2.9568345323740957,2.9999999999972715,2.9568345323740957,Match,True,False,0.00964630741889728,injected
229953261,3.0,0.02,3.035450516986701,2.9999999999972715,3.035450516986701,Match,True,False,0.020061765464312042,injected
229953261,5.0,0.002,4.835294117647051,4.08333333332962,4.835294117647051,Match,True,False,0.0021143158406744015,injected
229953261,5.0,0.005,4.835294117647051,4.74999999999568,4.835294117647051,Match,True,False,0.005082047446042599,injected
229953261,5.0,0.01,5.049140049140043,4.9999999999954525,5.049140049140043,Match,True,False,0.009979488945982674,injected
229953261,5.0,0.02,5.049140049140043,4.9999999999954525,5.049140049140043,Match,True,False,0.019934082173496872,injected
229953261,7.0,0.002,7.313167259786469,13.999999999987267,13.999999999987267,Harmonic_Corrected,False,True,0.0025503644663565023,injected
229953261,7.0,0.005,6.872909698996647,6.8333333333271185,6.872909698996647,Match,True,False,0.005057777015373959,injected
229953261,7.0,0.01,6.872909698996647,6.916666666660376,6.872909698996647,Match,True,False,0.010469434011330174,injected
229953261,7.0,0.02,6.872909698996647,6.916666666660376,6.872909698996647,Match,True,False,0.020211901397311233,injected
229953261,10.0,0.002,8.387755102040808,7.999999999992724,8.387755102040808,Match,False,False,0.0019216960945113752,injected
229953261,10.0,0.005,9.832535885167456,9.416666666658102,9.832535885167456,Match,True,False,0.0047498765699629355,injected
229953261,10.0,0.01,9.832535885167456,10.16666666665742,9.832535885167456,Match,True,False,0.009523908974776514,injected
229953261,10.0,0.02,9.832535885167456,9.666666666657875,9.832535885167456,Match,True,False,0.020477976286379245,injected
229953261,12.0,0.002,13.258064516129028,11.583333333322798,13.258064516129028,Match,False,False,0.00274945188064656,injected
229953261,12.0,0.005,11.878612716763,12.916666666654919,11.878612716763,Match,True,False,0.0051979388159056695,injected
229953261,12.0,0.01,11.878612716763,12.749999999988404,11.878612716763,Match,True,False,0.009860020307860259,injected
229953261,12.0,0.02,11.878612716763,12.749999999988404,11.878612716763,Match,True,False,0.01939980036010017,injected
229953261,14.0,0.002,15.0,3.4999999999968168,15.0,Match,True,False,0.0015432311651949772,injected
229953261,14.0,0.005,15.0,13.666666666654237,15.0,Match,True,False,0.006086347218650291,injected
229953261,14.0,0.01,15.0,12.749999999988404,15.0,Match,True,False,0.008015943867119105,injected
229953261,14.0,0.02,13.258064516129028,13.333333333321207,13.258064516129028,Match,True,False,0.021105823422966512,injected
389763019,,0.0,1.346396965865988,,1.346396965865988,LS_only,False,False,0.00023211831451022054,null
389763019,0.5,0.002,0.5016486104568989,1.4999999999986358,0.5016486104568989,Match,True,False,0.001877505182280218,injected
389763019,0.5,0.005,0.5016486104568989,1.4999999999986358,0.5016486104568989,Match,True,False,0.004543407632183839,injected
389763019,0.5,0.01,0.5016486104568989,1.4999999999986358,0.5016486104568989,Match,True,False,0.009263779216024939,injected
389763019,0.5,0.02,0.5016486104568989,1.4999999999986358,0.5016486104568989,Match,True,False,0.01839155208486345,injected
389763019,1.0,0.002,0.9953271028037349,0.9999999999990905,0.9953271028037349,Match,True,False,0.002093515091211248,injected
389763019,1.0,0.005,0.9953271028037349,0.9999999999990905,0.9953271028037349,Match,True,False,0.004896384207235198,injected
389763019,1.0,0.01,1.0037700282752087,0.9999999999990905,1.0037700282752087,Match,True,False,0.009654218901846685,injected
389763019,1.0,0.02,1.0037700282752087,0.9999999999990905,1.0037700282752087,Match,True,False,0.019611487217472526,injected
389763019,2.0,0.002,2.009433962264145,1.999999999998181,2.009433962264145,Match,True,False,0.0019218593971284817,injected
389763019,2.0,0.005,2.009433962264145,1.999999999998181,2.009433962264145,Match,True,False,0.004988506855296892,injected
389763019,2.0,0.01,2.009433962264145,1.999999999998181,2.009433962264145,Match,True,False,0.0100418410579489,injected
389763019,2.0,0.02,2.009433962264145,1.999999999998181,2.009433962264145,Match,True,False,0.019617699640946836,injected
389763019,3.0,0.002,2.9665738161559805,2.9999999999972715,2.9665738161559805,Match,True,False,0.0019563926909915547,injected
389763019,3.0,0.005,2.9665738161559805,2.9999999999972715,2.9665738161559805,Match,True,False,0.005008146612862456,injected
389763019,3.0,0.01,2.9665738161559805,2.9999999999972715,2.9665738161559805,Match,True,False,0.00987118624927598,injected
389763019,3.0,0.02,2.9665738161559805,2.9999999999972715,2.9665738161559805,Match,True,False,0.01966753441931346,injected
389763019,5.0,0.002,4.953488372093012,4.9999999999954525,4.953488372093012,Match,True,False,0.0018522236633942315,injected
389763019,5.0,0.005,4.953488372093012,4.9999999999954525,4.953488372093012,Match,True,False,0.004974323616412051,injected
389763019,5.0,0.01,4.953488372093012,4.9999999999954525,4.953488372093012,Match,True,False,0.010108283919087076,injected
389763019,5.0,0.02,4.953488372093012,4.9999999999954525,4.953488372093012,Match,True,False,0.019433314343947246,injected
389763019,7.0,0.002,7.006578947368408,6.749999999993861,7.006578947368408,Match,True,False,0.002207163833666532,injected
389763019,7.0,0.005,7.006578947368408,6.916666666660376,7.006578947368408,Match,True,False,0.004801846029232543,injected
389763019,7.0,0.01,7.006578947368408,6.916666666660376,7.006578947368408,Match,True,False,0.009879807810584127,injected
389763019,7.0,0.02,7.006578947368408,6.916666666660376,7.006578947368408,Match,True,False,0.019171435012080025,injected
389763019,10.0,0.002,9.95327102803737,8.999999999991815,9.95327102803737,Match,True,False,0.002013432199960342,injected
389763019,10.0,0.005,9.95327102803737,9.749999999991132,9.95327102803737,Match,True,False,0.005022640327537495,injected
389763019,10.0,0.01,9.95327102803737,9.666666666657875,9.95327102803737,Match,True,False,0.009910158163832299,injected
389763019,10.0,0.02,9.95327102803737,9.83333333332439,9.95327102803737,Match,True,False,0.01977526227195955,injected
389763019,12.0,0.002,11.966292134831452,11.49999999998954,11.966292134831452,Match,True,False,0.002241927366397811,injected
389763019,12.0,0.005,11.966292134831452,12.749999999988404,11.966292134831452,Match,True,False,0.004731712664027863,injected
389763019,12.0,0.01,11.966292134831452,12.083333333322344,11.966292134831452,Match,True,False,0.010449442849957725,injected
389763019,12.0,0.02,11.966292134831452,12.749999999988404,11.966292134831452,Match,True,False,0.01954021662726441,injected
389763019,14.0,0.002,13.312499999999995,13.58333333332098,13.312499999999995,Match,True,False,0.001928524181551434,injected
389763019,14.0,0.005,13.312499999999995,13.166666666654692,13.312499999999995,Match,True,False,0.005188228188831078,injected
389763019,14.0,0.01,13.312499999999995,13.083333333321434,13.312499999999995,Match,True,False,0.008152339757886894,injected
389763019,14.0,0.02,13.312499999999995,13.333333333321207,13.312499999999995,Match,True,False,0.02155282018431521,injected
397281519,,0.0,6.549295774647879,12.916666666654919,12.916666666654919,Harmonic_Corrected,False,False,0.0026850362792699843,null
397281519,0.5,0.002,6.549295774647879,6.499999999994088,6.549295774647879,Match,False,False,0.002631279143016768,injected
397281519,0.5,0.005,0.5016181229773453,1.4999999999986358,0.5016181229773453,Match,True,False,0.004866425631535142,injected
397281519,0.5,0.01,0.5016181229773453,1.4999999999986358,0.5016181229773453,Match,True,False,0.009235637157770697,injected
397281519,0.5,0.02,0.5016181229773453,1.4999999999986358,0.5016181229773453,Match,True,False,0.018725786186349742,injected
397281519,1.0,0.002,6.549295774647879,6.9999999999936335,6.549295774647879,Match,False,False,0.0026569880779570005,injected
397281519,1.0,0.005,1.0043196544276438,0.9999999999990905,1.0043196544276438,Match,True,False,0.0049036192444468,injected
397281519,1.0,0.01,0.9957173447537455,0.9999999999990905,0.9957173447537455,Match,True,False,0.009960329401611446,injected
397281519,1.0,0.02,0.9957173447537455,0.9999999999990905,0.9957173447537455,Match,True,False,0.01926392677619846,injected
397281519,2.0,0.002,6.549295774647879,,6.549295774647879,LS_only,False,False,0.0026847738156635065,injected
397281519,2.0,0.005,2.0129870129870095,1.999999999998181,2.0129870129870095,Match,True,False,0.004964238579488797,injected
397281519,2.0,0.01,2.0129870129870095,1.999999999998181,2.0129870129870095,Match,True,False,0.010094765166575703,injected
397281519,2.0,0.02,2.0129870129870095,1.999999999998181,2.0129870129870095,Match,True,False,0.01959500820968159,injected
397281519,3.0,0.002,6.549295774647879,6.249999999994316,6.549295774647879,Match,False,True,0.0027498033146013045,injected
397281519,3.0,0.005,2.924528301886788,2.8333333333307564,2.924528301886788,Match,True,False,0.004721640736713137,injected
397281519,3.0,0.01,2.999999999999995,2.916666666664014,2.999999999999995,Match,True,False,0.010153940188727398,injected
397281519,3.0,0.02,2.999999999999995,2.9999999999972715,2.999999999999995,Match,True,False,0.019834427105405956,injected
397281519,5.0,0.002,6.549295774647879,,6.549295774647879,LS_only,False,False,0.0026705414741052284,injected
397281519,5.0,0.005,5.109890109890103,5.166666666661968,5.109890109890103,Match,True,False,0.005076617201194106,injected
397281519,5.0,0.01,4.894736842105257,4.916666666662195,4.894736842105257,Match,True,False,0.00959334519635732,injected
397281519,5.0,0.02,5.109890109890103,4.916666666662195,5.109890109890103,Match,True,False,0.020136135477189267,injected
397281519,7.0,0.002,6.549295774647879,6.9999999999936335,6.549295774647879,Match,True,False,0.003708774782735885,injected
397281519,7.0,0.005,13.285714285714283,13.083333333321434,13.285714285714283,Match,False,True,0.003846509372561952,injected
397281519,7.0,0.01,6.940298507462679,6.749999999993861,6.940298507462679,Match,True,False,0.012333966493006792,injected
397281519,7.0,0.02,6.940298507462679,6.9999999999936335,6.940298507462679,Match,True,False,0.017222691998730624,injected
397281519,10.0,0.002,9.893617021276588,,9.893617021276588,LS_only,True,False,0.0025480473430377743,injected
397281519,10.0,0.005,9.893617021276588,1.1666666666656056,9.893617021276588,Match,True,False,0.0056327249568986085,injected
397281519,10.0,0.01,9.893617021276588,9.83333333332439,9.893617021276588,Match,True,False,0.010166754710806017,injected
397281519,10.0,0.02,9.893617021276588,9.83333333332439,9.893617021276588,Match,True,False,0.020628827242434863,injected
397281519,12.0,0.002,6.549295774647879,12.916666666654919,12.916666666654919,Harmonic_Corrected,True,False,0.0027962528507577797,injected
397281519,12.0,0.005,11.923076923076918,1.4999999999986358,11.923076923076918,Match,True,False,0.005808054376886692,injected
397281519,12.0,0.01,11.923076923076918,11.916666666655829,11.923076923076918,Match,True,False,0.008510800826775996,injected
397281519,12.0,0.02,11.923076923076918,12.666666666655146,11.923076923076918,Match,True,False,0.018740012288969116,injected
397281519,14.0,0.002,6.940298507462679,13.083333333321434,13.083333333321434,Harmonic_Corrected,True,False,0.0028145795005336703,injected
397281519,14.0,0.005,15.0,1.4999999999986358,15.0,Match,True,False,0.006104436782568743,injected
397281519,14.0,0.01,13.285714285714283,13.083333333321434,13.285714285714283,Match,True,False,0.008936809356858304,injected
397281519,14.0,0.02,13.285714285714283,13.58333333332098,13.285714285714283,Match,True,False,0.0155838213900441,injected
251436443,,0.0,1.1461238148354689,1.1666666666656056,1.1461238148354689,Match,False,False,0.003878306204816408,null
251436443,0.5,0.002,1.1461238148354689,1.083333333332348,1.1461238148354689,Match,False,False,0.0038845476618928547,injected
251436443,0.5,0.005,0.5015865267268722,0.9999999999990905,0.9999999999990905,Harmonic_Corrected,False,True,0.005052682986918196,injected
251436443,0.5,0.01,0.5015865267268722,0.9999999999990905,0.9999999999990905,Harmonic_Corrected,False,True,0.009607233835368413,injected
251436443,0.5,0.02,0.5015865267268722,0.9999999999990905,0.9999999999990905,Harmonic_Corrected,False,True,0.018348546678027964,injected
251436443,1.0,0.002,1.157746478873237,1.083333333332348,1.157746478873237,Match,False,False,0.004000883855992832,injected
251436443,1.0,0.005,1.0048899755501202,1.083333333332348,1.0048899755501202,Match,True,False,0.004906212898059649,injected
251436443,1.0,0.01,0.9961221522055237,0.9999999999990905,0.9961221522055237,Match,True,False,0.009842958837895967,injected
251436443,1.0,0.02,1.0048899755501202,0.9999999999990905,1.0048899755501202,Match,True,False,0.019492063949907098,injected
251436443,2.0,0.002,1.1461238148354689,1.1666666666656056,1.1461238148354689,Match,False,False,0.0038399521967571165,injected
251436443,2.0,0.005,2.016683022571144,2.2499999999979536,2.016683022571144,Match,True,False,0.005082989385541867,injected
251436443,2.0,0.01,1.9816779170684629,1.999999999998181,1.9816779170684629,Match,True,False,0.010131035866354087,injected
251436443,2.0,0.02,1.9816779170684629,1.999999999998181,1.9816779170684629,Match,True,False,0.019447987294298384,injected
251436443,3.0,0.002,1.1461238148354689,1.1666666666656056,1.1461238148354689,Match,False,False,0.0037641821007890074,injected
251436443,3.0,0.005,2.9568345323740957,2.333333333331211,2.9568345323740957,Match,True,False,0.004781602774391446,injected
251436443,3.0,0.01,3.035450516986701,3.1666666666637866,3.035450516986701,Match,True,False,0.01028381211124146,injected
251436443,3.0,0.02,3.035450516986701,2.9999999999972715,3.035450516986701,Match,True,False,0.01998685887365057,injected
251436443,5.0,0.002,1.1461238148354689,1.1666666666656056,1.1461238148354689,Match,False,False,0.00383192917739378,injected
251436443,5.0,0.005,5.049140049140043,1.083333333332348,5.049140049140043,Match,True,False,0.004907502913895155,injected
251436443,5.0,0.01,5.049140049140043,4.666666666662422,5.049140049140043,Match,True,False,0.011126016171376606,injected
251436443,5.0,0.02,5.049140049140043,4.74999999999568,5.049140049140043,Match,True,False,0.018727414756818727,injected
251436443,7.0,0.002,1.1461238148354689,1.1666666666656056,1.1461238148354689,Match,False,False,0.00392221540907913,injected
251436443,7.0,0.005,6.872909698996647,1.083333333332348,6.872909698996647,Match,True,False,0.006272623274300671,injected
251436443,7.0,0.01,6.872909698996647,6.916666666660376,6.872909698996647,Match,True,False,0.010817953704098233,injected
251436443,7.0,0.02,6.872909698996647,6.916666666660376,6.872909698996647,Match,True,False,0.018256231520454583,injected
251436443,10.0,0.002,1.1461238148354689,1.1666666666656056,1.1461238148354689,Match,False,False,0.0039336419701517435,injected
251436443,10.0,0.005,9.832535885167456,1.083333333332348,9.832535885167456,Match,True,False,0.004508151234529882,injected
251436443,10.0,0.01,9.832535885167456,1.083333333332348,9.832535885167456,Match,True,False,0.010296096122051257,injected
251436443,10.0,0.02,9.832535885167456,9.416666666658102,9.832535885167456,Match,True,False,0.020275805722775982,injected
251436443,12.0,0.002,1.1461238148354689,1.1666666666656056,1.1461238148354689,Match,False,False,0.003928139387644297,injected
251436443,12.0,0.005,11.878612716763,1.083333333332348,11.878612716763,Match,True,False,0.004030086691819343,injected
251436443,12.0,0.01,11.878612716763,1.083333333332348,11.878612716763,Match,True,False,0.009908701861306301,injected
251436443,12.0,0.02,11.878612716763,12.583333333321889,11.878612716763,Match,True,False,0.0209615819809165,injected
251436443,14.0,0.002,1.1461238148354689,1.1666666666656056,1.1461238148354689,Match,False,False,0.0038008557442602764,injected
251436443,14.0,0.005,13.258064516129028,1.1666666666656056,13.258064516129028,Match,True,False,0.005631067391691408,injected
251436443,14.0,0.01,13.258064516129028,1.083333333332348,13.258064516129028,Match,True,False,0.010502761103774379,injected
251436443,14.0,0.02,13.258064516129028,13.749999999987494,13.258064516129028,Match,True,False,0.021452967055237915,injected
422984871,,0.0,6.980198019801969,13.166666666654692,13.166666666654692,Harmonic_Corrected,False,False,0.0047383038412195195,null
422984871,0.5,0.002,6.980198019801969,13.166666666654692,13.166666666654692,Harmonic_Corrected,False,False,0.004731147340438836,injected
422984871,0.5,0.005,0.500354861603973,6.9999999999936335,0.500354861603973,Match,True,False,0.005173700459262282,injected
422984871,0.5,0.01,0.500354861603973,1.999999999998181,0.500354861603973,Match,True,False,0.009373944885130957,injected
422984871,0.5,0.02,0.500354861603973,1.999999999998181,0.500354861603973,Match,True,False,0.01882274823819992,injected
422984871,1.0,0.002,6.980198019801969,13.166666666654692,13.166666666654692,Harmonic_Corrected,False,False,0.004746399578278019,injected
422984871,1.0,0.005,1.0057061340941482,5.999999999994543,1.0057061340941482,Match,True,False,0.005730346236649894,injected
422984871,1.0,0.01,0.9971711456859943,0.9999999999990905,0.9971711456859943,Match,True,False,0.010578263241471842,injected
422984871,1.0,0.02,0.9971711456859943,0.9999999999990905,0.9971711456859943,Match,True,False,0.020134132799297544,injected
422984871,2.0,0.002,6.980198019801969,13.166666666654692,13.166666666654692,Harmonic_Corrected,False,False,0.004722256669318528,injected
422984871,2.0,0.005,6.980198019801969,,6.980198019801969,LS_only,False,False,0.004718455338482313,injected
422984871,2.0,0.01,1.9971671388101928,1.999999999998181,1.9971671388101928,Match,True,False,0.01077570273935178,injected
422984871,2.0,0.02,1.9971671388101928,1.999999999998181,1.9971671388101928,Match,True,False,0.02085819765867444,injected
422984871,3.0,0.002,6.980198019801969,13.166666666654692,13.166666666654692,Harmonic_Corrected,False,False,0.004762188586977779,injected
422984871,3.0,0.005,2.9497907949790725,,2.9497907949790725,LS_only,True,False,0.005619596186605112,injected
422984871,3.0,0.01,3.1057268722466884,3.249999999997044,3.1057268722466884,Match,True,False,0.010181182434086573,injected
422984871,3.0,0.02,2.9497907949790725,2.9999999999972715,2.9497907949790725,Match,True,False,0.020280251493297995,injected
422984871,5.0,0.002,6.58878504672896,13.166666666654692,13.166666666654692,Harmonic_Corrected,False,False,0.0042839054588626425,injected
422984871,5.0,0.005,6.980198019801969,,6.980198019801969,LS_only,False,False,0.006560715310572922,injected
422984871,5.0,0.01,4.93006993006992,5.166666666661968,4.93006993006992,Match,True,False,0.009220400866995096,injected
422984871,5.0,0.02,4.93006993006992,4.9999999999954525,4.93006993006992,Match,True,False,0.021947816671883412,injected
422984871,7.0,0.002,6.980198019801969,13.166666666654692,13.166666666654692,Harmonic_Corrected,False,True,0.006306959622655841,injected
422984871,7.0,0.005,6.980198019801969,6.9999999999936335,6.980198019801969,Match,True,False,0.009455360422868195,injected
422984871,7.0,0.01,6.980198019801969,6.9999999999936335,6.980198019801969,Match,True,False,0.012907515433200907,injected
422984871,7.0,0.02,6.980198019801969,6.9999999999936335,6.980198019801969,Match,True,False,0.02186303643167469,injected
422984871,10.0,0.002,6.980198019801969,13.166666666654692,13.166666666654692,Harmonic_Corrected,False,False,0.004584935191732262,injected
422984871,10.0,0.005,8.493975903614446,13.166666666654692,8.493975903614446,Match,False,False,0.004765496643757728,injected
422984871,10.0,0.01,9.929577464788721,,9.929577464788721,LS_only,True,False,0.007312169292122508,injected
422984871,10.0,0.02,9.929577464788721,9.666666666657875,9.929577464788721,Match,True,False,0.01893608589011016,injected
422984871,12.0,0.002,6.980198019801969,13.166666666654692,13.166666666654692,Harmonic_Corrected,True,False,0.0038535085048934585,injected
422984871,12.0,0.005,6.980198019801969,13.166666666654692,13.166666666654692,Harmonic_Corrected,True,False,0.007038679354533303,injected
422984871,12.0,0.01,11.949152542372873,1.3333333333321207,11.949152542372873,Match,True,False,0.012101106700792922,injected
422984871,12.0,0.02,11.949152542372873,1.9166666666649235,11.949152542372873,Match,True,False,0.016741824756416272,injected
422984871,14.0,0.002,6.980198019801969,13.166666666654692,13.166666666654692,Harmonic_Corrected,True,False,0.00556209356784405,injected
422984871,14.0,0.005,6.980198019801969,13.166666666654692,13.166666666654692,Harmonic_Corrected,True,False,0.006836378442972366,injected
422984871,14.0,0.01,15.0,13.166666666654692,15.0,Match,True,False,0.0077673202435966865,injected
422984871,14.0,0.02,13.301886792452827,13.166666666654692,13.301886792452827,Match,True,False,0.017973967209858527,injected
338071955,,0.0,2.155870445344123,,2.155870445344123,LS_only,False,False,0.000985619669598903,null
338071955,0.5,0.002,0.5016486104568989,,0.5016486104568989,LS_only,True,False,0.0017947255905186082,injected
338071955,0.5,0.005,0.5016486104568989,0.9999999999990905,0.9999999999990905,Harmonic_Corrected,False,True,0.0047683709800369345,injected
338071955,0.5,0.01,0.5016486104568989,1.4999999999986358,0.5016486104568989,Match,True,False,0.009393000786285265,injected
338071955,0.5,0.02,0.5016486104568989,1.4999999999986358,0.5016486104568989,Match,True,False,0.018454105941272777,injected
338071955,1.0,0.002,1.0037700282752087,,1.0037700282752087,LS_only,True,False,0.002369248881973915,injected
338071955,1.0,0.005,1.0037700282752087,0.9999999999990905,1.0037700282752087,Match,True,False,0.005344545550035844,injected
338071955,1.0,0.01,0.9953271028037349,0.9999999999990905,0.9953271028037349,Match,True,False,0.009103764734859859,injected
338071955,1.0,0.02,1.0037700282752087,0.9999999999990905,1.0037700282752087,Match,True,False,0.01917435555309298,injected
338071955,2.0,0.002,2.044145873320531,,2.044145873320531,LS_only,True,False,0.002212231262787707,injected
338071955,2.0,0.005,2.009433962264145,1.999999999998181,2.009433962264145,Match,True,False,0.005038356086183918,injected
338071955,2.0,0.01,2.009433962264145,1.999999999998181,2.009433962264145,Match,True,False,0.009929442081030809,injected
338071955,2.0,0.02,2.009433962264145,1.999999999998181,2.009433962264145,Match,True,False,0.019817244635893586,injected
338071955,3.0,0.002,2.9665738161559805,5.999999999994543,5.999999999994543,Harmonic_Corrected,False,True,0.002597383312589482,injected
338071955,3.0,0.005,2.9665738161559805,2.916666666664014,2.9665738161559805,Match,True,False,0.0049754155697299095,injected
338071955,3.0,0.01,3.0428571428571343,2.9999999999972715,3.0428571428571343,Match,True,False,0.010014629463033565,injected
338071955,3.0,0.02,2.9665738161559805,2.9999999999972715,2.9665738161559805,Match,True,False,0.02030267040016664,injected
338071955,5.0,0.002,5.169902912621348,,5.169902912621348,LS_only,True,False,0.001992822044700558,injected
338071955,5.0,0.005,4.953488372093012,4.916666666662195,4.953488372093012,Match,True,False,0.005160460394975413,injected
338071955,5.0,0.01,4.953488372093012,4.916666666662195,4.953488372093012,Match,True,False,0.00995504423181889,injected
338071955,5.0,0.02,4.953488372093012,4.9999999999954525,4.953488372093012,Match,True,False,0.02034161235258106,injected
338071955,7.0,0.002,7.006578947368408,,7.006578947368408,LS_only,True,False,0.002601319832900754,injected
338071955,7.0,0.005,7.006578947368408,5.999999999994543,7.006578947368408,Match,True,False,0.00556587886554335,injected
338071955,7.0,0.01,7.006578947368408,6.749999999993861,7.006578947368408,Match,True,False,0.009074092187265953,injected
338071955,7.0,0.02,7.006578947368408,6.8333333333271185,7.006578947368408,Match,True,False,0.0191587850108588,injected
338071955,10.0,0.002,10.8673469387755,,10.8673469387755,LS_only,True,False,0.0014068316337986812,injected
338071955,10.0,0.005,9.95327102803737,0.7499999999993179,9.95327102803737,Match,True,False,0.005452638726877828,injected
338071955,10.0,0.01,9.95327102803737,9.249999999991587,9.95327102803737,Match,True,False,0.00957169648746667,injected
338071955,10.0,0.02,9.95327102803737,9.83333333332439,9.95327102803737,Match,True,False,0.019037732869302035,injected
338071955,12.0,0.002,11.966292134831452,,11.966292134831452,LS_only,True,False,0.0024559847119170904,injected
338071955,12.0,0.005,11.966292134831452,0.7499999999993179,11.966292134831452,Match,True,False,0.005507783531339957,injected
338071955,12.0,0.01,11.966292134831452,10.83333333332348,11.966292134831452,Match,True,False,0.010392106182422001,injected
338071955,12.0,0.02,11.966292134831452,12.249999999988859,11.966292134831452,Match,True,False,0.02076424923786614,injected
338071955,14.0,0.002,7.447552447552435,,7.447552447552435,LS_only,False,True,0.001610626391257889,injected
338071955,14.0,0.005,15.0,0.7499999999993179,15.0,Match,True,False,0.004215780933320883,injected
338071955,14.0,0.01,13.312499999999995,0.7499999999993179,13.312499999999995,Match,True,False,0.008743938308013755,injected
338071955,14.0,0.02,13.312499999999995,13.166666666654692,13.312499999999995,Match,True,False,0.020761037866523877,injected
256516370,,0.0,6.549295774647879,,6.549295774647879,LS_only,False,False,0.0007343558593766355,null
256516370,0.5,0.002,0.5016181229773453,1.4999999999986358,0.5016181229773453,Match,True,False,0.0018026446249441986,injected
256516370,0.5,0.005,0.5016181229773453,1.4999999999986358,0.5016181229773453,Match,True,False,0.004527187056110522,injected
256516370,0.5,0.01,0.5016181229773453,1.4999999999986358,0.5016181229773453,Match,True,False,0.009230864089846821,injected
256516370,0.5,0.02,0.5016181229773453,1.4999999999986358,0.5016181229773453,Match,True,False,0.01838306135392319,injected
256516370,1.0,0.002,0.9957173447537455,0.9999999999990905,0.9957173447537455,Match,True,False,0.0018456381729706507,injected
256516370,1.0,0.005,1.0043196544276438,0.9999999999990905,1.0043196544276438,Match,True,False,0.004979915596116492,injected
256516370,1.0,0.01,0.9957173447537455,0.9999999999990905,0.9957173447537455,Match,True,False,0.009750238387672373,injected
256516370,1.0,0.02,0.9957173447537455,0.9999999999990905,0.9957173447537455,Match,True,False,0.019347098569529517,injected
256516370,2.0,0.002,2.0129870129870095,1.9166666666649235,2.0129870129870095,Match,True,False,0.0022369875640149937,injected
256516370,2.0,0.005,2.0129870129870095,1.999999999998181,2.0129870129870095,Match,True,False,0.004986622114194576,injected
256516370,2.0,0.01,2.0129870129870095,1.999999999998181,2.0129870129870095,Match,True,False,0.0097852044690239,injected
256516370,2.0,0.02,2.0129870129870095,1.999999999998181,2.0129870129870095,Match,True,False,0.01983192587400178,injected
256516370,3.0,0.002,2.999999999999995,2.916666666664014,2.999999999999995,Match,True,False,0.002041756012332245,injected
256516370,3.0,0.005,2.999999999999995,2.916666666664014,2.999999999999995,Match,True,False,0.005043131078690142,injected
256516370,3.0,0.01,2.999999999999995,2.9999999999972715,2.999999999999995,Match,True,False,0.00993966643308489,injected
256516370,3.0,0.02,2.999999999999995,2.9999999999972715,2.999999999999995,Match,True,False,0.01997869888258857,injected
256516370,5.0,0.002,5.109890109890103,4.9999999999954525,5.109890109890103,Match,True,False,0.0016494714822576284,injected
256516370,5.0,0.005,4.894736842105257,4.9999999999954525,4.894736842105257,Match,True,False,0.004964276690883489,injected
256516370,5.0,0.01,5.109890109890103,4.916666666662195,5.109890109890103,Match,True,False,0.009519845861653229,injected
256516370,5.0,0.02,5.109890109890103,4.9999999999954525,5.109890109890103,Match,True,False,0.01964885123062543,injected
256516370,7.0,0.002,6.940298507462679,6.916666666660376,6.940298507462679,Match,True,False,0.0020746519228041506,injected
256516370,7.0,0.005,6.940298507462679,6.916666666660376,6.940298507462679,Match,True,False,0.0046179884217115805,injected
256516370,7.0,0.01,6.940298507462679,6.8333333333271185,6.940298507462679,Match,True,False,0.009939068013594713,injected
256516370,7.0,0.02,6.940298507462679,6.916666666660376,6.940298507462679,Match,True,False,0.019786932373627542,injected
256516370,10.0,0.002,9.893617021276588,8.916666666658557,9.893617021276588,Match,True,False,0.0022648024493331863,injected
256516370,10.0,0.005,9.893617021276588,10.583333333323708,9.893617021276588,Match,True,False,0.004597510302773601,injected
256516370,10.0,0.01,9.893617021276588,10.416666666657193,9.893617021276588,Match,True,False,0.009845802259300398,injected
256516370,10.0,0.02,9.893617021276588,9.749999999991132,9.893617021276588,Match,True,False,0.020839125003367886,injected
256516370,12.0,0.002,10.813953488372087,0.9999999999990905,10.813953488372087,Match,True,False,0.002126866123381726,injected
256516370,12.0,0.005,11.923076923076918,10.333333333323935,11.923076923076918,Match,True,False,0.0051720860618533916,injected
256516370,12.0,0.01,11.923076923076918,12.083333333322344,11.923076923076918,Match,True,False,0.010290923138283128,injected
256516370,12.0,0.02,11.923076923076918,12.083333333322344,11.923076923076918,Match,True,False,0.021092405090825033,injected
256516370,14.0,0.002,13.285714285714283,12.416666666655374,13.285714285714283,Match,True,False,0.002109444290822118,injected
256516370,14.0,0.005,13.285714285714283,13.24999999998795,13.285714285714283,Match,True,False,0.004431147489960637,injected
256516370,14.0,0.01,13.285714285714283,13.24999999998795,13.285714285714283,Match,True,False,0.009127995044001427,injected
256516370,14.0,0.02,13.285714285714283,13.24999999998795,13.285714285714283,Match,True,False,0.015923100909245563,injected
367866417,,0.0,2.142857142857137,12.666666666655146,2.142857142857137,Match,False,False,0.0023791779036467574,null
367866417,0.5,0.002,2.142857142857137,,2.142857142857137,LS_only,False,False,0.0023783165172291186,injected
367866417,0.5,0.005,0.500354861603973,1.999999999998181,0.500354861603973,Match,True,False,0.004397240683797036,injected
367866417,0.5,0.01,0.500354861603973,1.999999999998181,0.500354861603973,Match,True,False,0.010148844721239383,injected
367866417,0.5,0.02,0.500354861603973,1.4999999999986358,0.500354861603973,Match,True,False,0.018786831577991717,injected
367866417,1.0,0.002,2.142857142857137,12.666666666655146,2.142857142857137,Match,False,True,0.0023969984632910774,injected
367866417,1.0,0.005,0.9971711456859943,0.9999999999990905,0.9971711456859943,Match,True,False,0.00552392360491088,injected
367866417,1.0,0.01,0.9971711456859943,0.9999999999990905,0.9971711456859943,Match,True,False,0.010263561702677304,injected
367866417,1.0,0.02,0.9971711456859943,0.9999999999990905,0.9971711456859943,Match,True,False,0.020106491082491115,injected
367866417,2.0,0.002,2.1826625386996845,,2.1826625386996845,LS_only,True,False,0.0023994180762092884,injected
367866417,2.0,0.005,1.9971671388101928,1.999999999998181,1.9971671388101928,Match,True,False,0.004827896807324229,injected
367866417,2.0,0.01,1.9971671388101928,1.999999999998181,1.9971671388101928,Match,True,False,0.009542180828183772,injected
367866417,2.0,0.02,1.9971671388101928,1.999999999998181,1.9971671388101928,Match,True,False,0.01946033905434305,injected
367866417,3.0,0.002,2.142857142857137,12.666666666655146,2.142857142857137,Match,False,False,0.002476923348427264,injected
367866417,3.0,0.005,3.025751072961366,2.9999999999972715,3.025751072961366,Match,True,False,0.0061004419440815255,injected
367866417,3.0,0.01,3.025751072961366,2.9999999999972715,3.025751072961366,Match,True,False,0.0110020362396775,injected
367866417,3.0,0.02,3.025751072961366,2.9999999999972715,3.025751072961366,Match,True,False,0.019988394106624265,injected
367866417,5.0,0.002,2.142857142857137,,2.142857142857137,LS_only,False,False,0.0023534346806415936,injected
367866417,5.0,0.005,4.93006993006992,4.833333333328937,4.93006993006992,Match,True,False,0.005021234414209209,injected
367866417,5.0,0.01,4.93006993006992,4.833333333328937,4.93006993006992,Match,True,False,0.00987347371823673,injected
367866417,5.0,0.02,4.93006993006992,4.916666666662195,4.93006993006992,Match,True,False,0.02035739855057304,injected
367866417,7.0,0.002,2.142857142857137,,2.142857142857137,LS_only,False,False,0.002198020838048281,injected
367866417,7.0,0.005,6.980198019801969,6.583333333327346,6.980198019801969,Match,True,False,0.004519878782535972,injected
367866417,7.0,0.01,6.980198019801969,6.583333333327346,6.980198019801969,Match,True,False,0.010432358832586695,injected
367866417,7.0,0.02,6.980198019801969,6.8333333333271185,6.980198019801969,Match,True,False,0.020773862479467158,injected
367866417,10.0,0.002,9.929577464788721,12.666666666655146,9.929577464788721,Match,True,False,0.0029266162307786036,injected
367866417,10.0,0.005,9.929577464788721,,9.929577464788721,LS_only,True,False,0.004519278989635439,injected
367866417,10.0,0.01,9.929577464788721,10.666666666656965,9.929577464788721,Match,True,False,0.008659021513157844,injected
367866417,10.0,0.02,9.929577464788721,9.749999999991132,9.929577464788721,Match,True,False,0.02073115279934507,injected
367866417,12.0,0.002,10.846153846153838,12.666666666655146,10.846153846153838,Match,True,False,0.0024991323759361046,injected
367866417,12.0,0.005,11.949152542372873,0.9999999999990905,11.949152542372873,Match,True,False,0.005938715759606076,injected
367866417,12.0,0.01,11.949152542372873,11.416666666656283,11.949152542372873,Match,True,False,0.008813716743746347,injected
367866417,12.0,0.02,11.949152542372873,10.666666666656965,11.949152542372873,Match,True,False,0.018272000287621583,injected
367866417,14.0,0.002,13.301886792452827,12.666666666655146,13.301886792452827,Match,True,False,0.003326945077771263,injected
367866417,14.0,0.005,6.980198019801969,,6.980198019801969,LS_only,False,True,0.0030842963374353724,injected
367866417,14.0,0.01,13.301886792452827,2.333333333331211,13.301886792452827,Match,True,False,0.011134895624496821,injected
367866417,14.0,0.02,15.0,12.083333333322344,15.0,Match,True,False,0.022138304058087272,injected
359125320,,0.0,4.581993569131825,,4.581993569131825,LS_only,False,False,0.0014929758198908016,null
359125320,0.5,0.002,0.5012310939148774,,0.5012310939148774,LS_only,True,False,0.0024015185946052254,injected
359125320,0.5,0.005,0.5012310939148774,0.9999999999990905,0.9999999999990905,Harmonic_Corrected,False,True,0.0048413793961232035,injected
359125320,0.5,0.01,0.5012310939148774,0.9999999999990905,0.9999999999990905,Harmonic_Corrected,False,True,0.008929902567320151,injected
359125320,0.5,0.02,0.5012310939148774,1.4999999999986358,0.5012310939148774,Match,True,False,0.018957337055330297,injected
359125320,1.0,0.002,0.9985984583041322,,0.9985984583041322,LS_only,True,False,0.0022633999801447147,injected
359125320,1.0,0.005,0.9985984583041322,0.9999999999990905,0.9985984583041322,Match,True,False,0.0042417470169437855,injected
359125320,1.0,0.01,0.9985984583041322,0.9999999999990905,0.9985984583041322,Match,True,False,0.010581739777334523,injected
359125320,1.0,0.02,0.9985984583041322,0.9999999999990905,0.9985984583041322,Match,True,False,0.019619926253976624,injected
359125320,2.0,0.002,2.0155586987270113,,2.0155586987270113,LS_only,True,False,0.0017073183359346846,injected
359125320,2.0,0.005,1.9819193324061155,1.9166666666649235,1.9819193324061155,Match,True,False,0.004642603961284327,injected
359125320,2.0,0.01,1.9819193324061155,1.999999999998181,1.9819193324061155,Match,True,False,0.009728176978547451,injected
359125320,2.0,0.02,2.0155586987270113,1.999999999998181,2.0155586987270113,Match,True,False,0.019642136639537653,injected
359125320,3.0,0.002,3.0513918629550267,,3.0513918629550267,LS_only,True,False,0.0029276707192298066,injected
359125320,3.0,0.005,2.9749478079331886,2.9999999999972715,2.9749478079331886,Match,True,False,0.004402355364627184,injected
359125320,3.0,0.01,2.9749478079331886,2.9999999999972715,2.9749478079331886,Match,True,False,0.01030536010222423,injected
359125320,3.0,0.02,2.9749478079331886,2.9999999999972715,2.9749478079331886,Match,True,False,0.02006804409385932,injected
359125320,5.0,0.002,4.76588628762541,,4.76588628762541,LS_only,True,False,0.002881126404487469,injected
359125320,5.0,0.005,5.181818181818173,0.8333333333325754,5.181818181818173,Match,True,False,0.004445183484904293,injected
359125320,5.0,0.01,4.965156794425079,4.833333333328937,4.965156794425079,Match,True,False,0.00958812271768169,injected
359125320,5.0,0.02,4.965156794425079,4.916666666662195,4.965156794425079,Match,True,False,0.020920393352247484,injected
359125320,7.0,0.002,7.019704433497528,,7.019704433497528,LS_only,True,False,0.0029509596358471037,injected
359125320,7.0,0.005,7.019704433497528,13.416666666654464,13.416666666654464,Harmonic_Corrected,False,True,0.003871399518208791,injected
359125320,7.0,0.01,7.019704433497528,7.083333333326891,7.019704433497528,Match,True,False,0.008586756084663423,injected
359125320,7.0,0.02,7.019704433497528,7.083333333326891,7.019704433497528,Match,True,False,0.018919121443031338,injected
359125320,10.0,0.002,10.87786259541984,,10.87786259541984,LS_only,True,False,0.0016569392722959905,injected
359125320,10.0,0.005,9.965034965034956,0.8333333333325754,9.965034965034956,Match,True,False,0.004629607406898977,injected
359125320,10.0,0.01,9.965034965034956,9.666666666657875,9.965034965034956,Match,True,False,0.010396329378463132,injected
359125320,10.0,0.02,9.965034965034956,10.416666666657193,9.965034965034956,Match,True,False,0.019805087226123775,injected
359125320,12.0,0.002,11.974789915966381,,11.974789915966381,LS_only,True,False,0.002046831529635392,injected
359125320,12.0,0.005,11.974789915966381,0.8333333333325754,11.974789915966381,Match,True,False,0.0057297102480881315,injected
359125320,12.0,0.01,11.974789915966381,0.7499999999993179,11.974789915966381,Match,True,False,0.009320941689695708,injected
359125320,12.0,0.02,11.974789915966381,10.666666666656965,11.974789915966381,Match,True,False,0.01936863082762175,injected
359125320,14.0,0.002,15.0,,15.0,LS_only,True,False,0.0021003928487309718,injected
359125320,14.0,0.005,13.31775700934579,0.8333333333325754,13.31775700934579,Match,True,False,0.0036189320451088572,injected
359125320,14.0,0.01,13.31775700934579,1.3333333333321207,13.31775700934579,Match,True,False,0.010167955155535834,injected
359125320,14.0,0.02,13.31775700934579,13.416666666654464,13.31775700934579,Match,True,False,0.016290195346120116,injected
373150314,,0.0,7.43432574430822,,7.43432574430822,LS_only,False,False,0.00027107623935699205,null
373150314,0.5,0.002,0.5020697811945579,1.4999999999986358,0.5020697811945579,Match,True,False,0.0018165904857226068,injected
373150314,0.5,0.005,0.5020697811945579,1.4999999999986358,0.5020697811945579,Match,True,False,0.004465790931351434,injected
373150314,0.5,0.01,0.5020697811945579,1.4999999999986358,0.5020697811945579,Match,True,False,0.008963536125746357,injected
373150314,0.5,0.02,0.5020697811945579,1.4999999999986358,0.5020697811945579,Match,True,False,0.017924069244249892,injected
373150314,1.0,0.002,1.0004713646005154,0.9999999999990905,1.0004713646005154,Match,True,False,0.0019380667754009448,injected
373150314,1.0,0.005,1.0004713646005154,0.9999999999990905,1.0004713646005154,Match,True,False,0.005009612251170055,injected
373150314,1.0,0.01,1.0004713646005154,0.9999999999990905,1.0004713646005154,Match,True,False,0.009824324329356988,injected
373150314,1.0,0.02,1.0004713646005154,0.9999999999990905,1.0004713646005154,Match,True,False,0.0196761866952455,injected
373150314,2.0,0.002,2.003303445021231,1.999999999998181,2.003303445021231,Match,True,False,0.0019431823246919798,injected
373150314,2.0,0.005,2.003303445021231,1.999999999998181,2.003303445021231,Match,True,False,0.004961612010296105,injected
373150314,2.0,0.01,2.003303445021231,1.999999999998181,2.003303445021231,Match,True,False,0.01010329252861359,injected
373150314,2.0,0.02,2.003303445021231,1.999999999998181,2.003303445021231,Match,True,False,0.019834806301923903,injected
373150314,3.0,0.002,3.03431022158684,2.9999999999972715,3.03431022158684,Match,True,False,0.0019083931753532408,injected
373150314,3.0,0.005,3.03431022158684,2.9999999999972715,3.03431022158684,Match,True,False,0.004949467190104632,injected
373150314,3.0,0.01,3.03431022158684,2.9999999999972715,3.03431022158684,Match,True,False,0.009903889694105899,injected
373150314,3.0,0.02,3.03431022158684,2.9999999999972715,3.03431022158684,Match,True,False,0.019573902626110015,injected
373150314,5.0,0.002,4.941792782304995,4.9999999999954525,4.941792782304995,Match,True,False,0.002035228446650587,injected
373150314,5.0,0.005,4.941792782304995,4.916666666662195,4.941792782304995,Match,True,False,0.004839353342714106,injected
373150314,5.0,0.01,4.941792782304995,4.916666666662195,4.941792782304995,Match,True,False,0.00980087179334492,injected
373150314,5.0,0.02,4.941792782304995,4.916666666662195,4.941792782304995,Match,True,False,0.019350699181342402,injected
373150314,7.0,0.002,6.993410214168028,6.9999999999936335,6.993410214168028,Match,True,False,0.0022302575836786547,injected
373150314,7.0,0.005,6.993410214168028,6.916666666660376,6.993410214168028,Match,True,False,0.005235645244974871,injected
373150314,7.0,0.01,6.993410214168028,6.916666666660376,6.993410214168028,Match,True,False,0.010226905876321805,injected
373150314,7.0,0.02,6.993410214168028,6.916666666660376,6.993410214168028,Match,True,False,0.020034461492451784,injected
373150314,10.0,0.002,9.941451990632308,10.249999999990678,9.941451990632308,Match,True,False,0.002034854874052028,injected
373150314,10.0,0.005,9.941451990632308,9.666666666657875,9.941451990632308,Match,True,False,0.004827607545114058,injected
373150314,10.0,0.01,9.941451990632308,9.83333333332439,9.941451990632308,Match,True,False,0.009706779396174077,injected
373150314,10.0,0.02,9.941451990632308,9.83333333332439,9.941451990632308,Match,True,False,0.01955123013954479,injected
373150314,12.0,0.002,11.957746478873231,10.83333333332348,11.957746478873231,Match,True,False,0.002132961080411386,injected
373150314,12.0,0.005,11.957746478873231,12.083333333322344,11.957746478873231,Match,True,False,0.005154466864384249,injected
373150314,12.0,0.01,11.957746478873231,12.083333333322344,11.957746478873231,Match,True,False,0.009681210480425466,injected
373150314,12.0,0.02,11.957746478873231,12.083333333322344,11.957746478873231,Match,True,False,0.020371090675112623,injected
373150314,14.0,0.002,13.307210031347958,13.499999999987722,13.307210031347958,Match,True,False,0.002202424824716924,injected
373150314,14.0,0.005,15.0,13.083333333321434,15.0,Match,True,False,0.003960134850165935,injected
373150314,14.0,0.01,13.307210031347958,13.416666666654464,13.307210031347958,Match,True,False,0.01023890849972856,injected
373150314,14.0,0.02,13.307210031347958,13.083333333321434,13.307210031347958,Match,True,False,0.01632254334946958,injected
194776967,,0.0,9.769975786924933,,9.769975786924933,LS_only,False,False,0.0007530988485884141,null
194776967,0.5,0.002,0.5015537600994396,1.4999999999986358,0.5015537600994396,Match,True,False,0.001790740524663062,injected
194776967,0.5,0.005,0.5015537600994396,1.4999999999986358,0.5015537600994396,Match,True,False,0.004646667516547397,injected
194776967,0.5,0.01,0.5015537600994396,1.4999999999986358,0.5015537600994396,Match,True,False,0.009201024524116565,injected
194776967,0.5,0.02,0.5015537600994396,1.4999999999986358,0.5015537600994396,Match,True,False,0.01845565466394179,injected
194776967,1.0,0.002,1.0054821829055551,0.9999999999990905,1.0054821829055551,Match,True,False,0.0019529811757604423,injected
194776967,1.0,0.005,0.996542356137316,0.9999999999990905,0.996542356137316,Match,True,False,0.0049172012275041236,injected
194776967,1.0,0.01,0.996542356137316,0.9999999999990905,0.996542356137316,Match,True,False,0.009645592394221364,injected
194776967,1.0,0.02,0.996542356137316,0.9999999999990905,0.996542356137316,Match,True,False,0.01966880362984935,injected
194776967,2.0,0.002,1.9847515986227215,1.999999999998181,1.9847515986227215,Match,True,False,0.001958943552136006,injected
194776967,2.0,0.005,1.9847515986227215,1.999999999998181,1.9847515986227215,Match,True,False,0.0049306026139848795,injected
194776967,2.0,0.01,1.9847515986227215,1.999999999998181,1.9847515986227215,Match,True,False,0.009685205832428502,injected
194776967,2.0,0.02,1.9847515986227215,1.999999999998181,1.9847515986227215,Match,True,False,0.01999761218624985,injected
194776967,3.0,0.002,2.9911045218680457,2.916666666664014,2.9911045218680457,Match,True,False,0.0021117970024276443,injected
194776967,3.0,0.005,2.9911045218680457,2.916666666664014,2.9911045218680457,Match,True,False,0.0048144542735511255,injected
194776967,3.0,0.01,2.9911045218680457,2.916666666664014,2.9911045218680457,Match,True,False,0.010037237071675708,injected
194776967,3.0,0.02,2.9911045218680457,2.9999999999972715,2.9911045218680457,Match,True,False,0.01971514410466427,injected
194776967,5.0,0.002,4.987639060568597,5.249999999995225,4.987639060568597,Match,True,False,0.0020906242162475894,injected
194776967,5.0,0.005,4.987639060568597,4.833333333328937,4.987639060568597,Match,True,False,0.004806793857397288,injected
194776967,5.0,0.01,4.987639060568597,4.9999999999954525,4.987639060568597,Match,True,False,0.010267228833501134,injected
194776967,5.0,0.02,4.987639060568597,4.833333333328937,4.987639060568597,Match,True,False,0.01949336124119255,injected
194776967,7.0,0.002,7.244165170556546,7.249999999993406,7.244165170556546,Match,True,False,0.002276674016371398,injected
194776967,7.0,0.005,7.244165170556546,6.9999999999936335,7.244165170556546,Match,True,False,0.005063380941005933,injected
194776967,7.0,0.01,6.804384485666098,6.8333333333271185,6.804384485666098,Match,True,False,0.009242133288891003,injected
194776967,7.0,0.02,6.804384485666098,6.8333333333271185,6.804384485666098,Match,True,False,0.019096561793398848,injected
194776967,10.0,0.002,9.769975786924933,9.583333333324617,9.769975786924933,Match,True,False,0.0026349628201192653,injected
194776967,10.0,0.005,9.769975786924933,10.333333333323935,9.769975786924933,Match,True,False,0.00493030570880623,injected
194776967,10.0,0.01,9.769975786924933,9.49999999999136,9.769975786924933,Match,True,False,0.010795283533306443,injected
194776967,10.0,0.02,9.769975786924933,10.249999999990678,9.769975786924933,Match,True,False,0.01943950628258776,injected
194776967,12.0,0.002,11.832844574780054,12.166666666655601,11.832844574780054,Match,True,False,0.002051602878973188,injected
194776967,12.0,0.005,11.832844574780054,12.749999999988404,11.832844574780054,Match,True,False,0.003937341072639088,injected
194776967,12.0,0.01,11.832844574780054,12.499999999988631,11.832844574780054,Match,True,False,0.01036795393182905,injected
194776967,12.0,0.02,11.832844574780054,12.749999999988404,11.832844574780054,Match,True,False,0.018089754618312442,injected
194776967,14.0,0.002,13.229508196721309,12.749999999988404,13.229508196721309,Match,True,False,0.0020105746732618727,injected
194776967,14.0,0.005,13.229508196721309,13.166666666654692,13.229508196721309,Match,True,False,0.005276293666048894,injected
194776967,14.0,0.01,13.229508196721309,13.166666666654692,13.229508196721309,Match,True,False,0.010688003253746975,injected
194776967,14.0,0.02,13.229508196721309,13.166666666654692,13.229508196721309,Match,True,False,0.018766491689536396,injected
329172918,,0.0,15.0,,15.0,LS_only,False,False,0.0004490928497780872,null
329172918,0.5,0.002,0.50030102347983,1.4999999999986358,0.50030102347983,Match,True,False,0.0017881819464781257,injected
329172918,0.5,0.005,0.50030102347983,1.4999999999986358,0.50030102347983,Match,True,False,0.004626696588776922,injected
329172918,0.5,0.01,0.50030102347983,1.4999999999986358,0.50030102347983,Match,True,False,0.009447231249350834,injected
329172918,0.5,0.02,0.50030102347983,1.4999999999986358,0.50030102347983,Match,True,False,0.01905836587070105,injected
329172918,1.0,0.002,1.0062969241947175,0.9999999999990905,1.0062969241947175,Match,True,False,0.0018924733491041733,injected
329172918,1.0,0.005,0.9975990396158435,0.9999999999990905,0.9975990396158435,Match,True,False,0.004958641718315527,injected
329172918,1.0,0.01,0.9975990396158435,0.9999999999990905,0.9975990396158435,Match,True,False,0.009733417890643602,injected
329172918,1.0,0.02,0.9975990396158435,0.9999999999990905,0.9975990396158435,Match,True,False,0.019844551132607368,injected
329172918,2.0,0.002,2.0004814636494896,1.999999999998181,2.0004814636494896,Match,True,False,0.002201876658787532,injected
329172918,2.0,0.005,2.0004814636494896,1.999999999998181,2.0004814636494896,Match,True,False,0.005253851246731401,injected
329172918,2.0,0.01,2.0004814636494896,1.999999999998181,2.0004814636494896,Match,True,False,0.00971507704149867,injected
329172918,2.0,0.02,2.0004814636494896,1.999999999998181,2.0004814636494896,Match,True,False,0.01997723606883534,injected
329172918,3.0,0.002,2.9827709978463677,2.916666666664014,2.9827709978463677,Match,True,False,0.0020665375633669215,injected
329172918,3.0,0.005,2.9827709978463677,2.9999999999972715,2.9827709978463677,Match,True,False,0.0048163563924255096,injected
329172918,3.0,0.01,2.9827709978463677,2.9999999999972715,2.9827709978463677,Match,True,False,0.009875919199948135,injected
329172918,3.0,0.02,2.9827709978463677,2.9999999999972715,2.9827709978463677,Match,True,False,0.019893309771281013,injected
329172918,5.0,0.002,5.085679314565473,4.916666666662195,5.085679314565473,Match,True,False,0.0023079033989790738,injected
329172918,5.0,0.005,5.085679314565473,4.833333333328937,5.085679314565473,Match,True,False,0.005333794636915787,injected
329172918,5.0,0.01,5.085679314565473,4.9999999999954525,5.085679314565473,Match,True,False,0.009809616816192081,injected
329172918,5.0,0.02,5.085679314565473,4.916666666662195,5.085679314565473,Match,True,False,0.020285495064924986,injected
329172918,7.0,0.002,6.9134775374375925,6.666666666660603,6.9134775374375925,Match,True,False,0.0021201484003775446,injected
329172918,7.0,0.005,6.9134775374375925,6.9999999999936335,6.9134775374375925,Match,True,False,0.004829906624537608,injected
329172918,7.0,0.01,6.9134775374375925,6.8333333333271185,6.9134775374375925,Match,True,False,0.009954212648351963,injected
329172918,7.0,0.02,6.9134775374375925,6.916666666660376,6.9134775374375925,Match,True,False,0.019530465438486435,injected
329172918,10.0,0.002,9.86935866983372,1.3333333333321207,9.86935866983372,Match,True,False,0.0019209117278345597,injected
329172918,10.0,0.005,9.86935866983372,10.16666666665742,9.86935866983372,Match,True,False,0.004736025667927901,injected
329172918,10.0,0.01,9.86935866983372,10.16666666665742,9.86935866983372,Match,True,False,0.009674829186555647,injected
329172918,10.0,0.02,9.86935866983372,9.666666666657875,9.86935866983372,Match,True,False,0.019960710492173555,injected
329172918,12.0,0.002,13.274760383386576,12.833333333321661,13.274760383386576,Match,False,False,0.002360453124331929,injected
329172918,12.0,0.005,11.90544412607449,12.083333333322344,11.90544412607449,Match,True,False,0.0050619041461556795,injected
329172918,12.0,0.01,11.90544412607449,12.749999999988404,11.90544412607449,Match,True,False,0.0092956792708355,injected
329172918,12.0,0.02,11.90544412607449,12.083333333322344,11.90544412607449,Match,True,False,0.02107851360070991,injected
329172918,14.0,0.002,13.274760383386576,0.7499999999993179,13.274760383386576,Match,True,False,0.0017363575701518765,injected
329172918,14.0,0.005,13.274760383386576,12.833333333321661,13.274760383386576,Match,True,False,0.004981197950191744,injected
329172918,14.0,0.01,13.274760383386576,12.999999999988177,13.274760383386576,Match,True,False,0.008002389075629546,injected
329172918,14.0,0.02,13.274760383386576,13.333333333321207,13.274760383386576,Match,True,False,0.021447326083965042,injected
280074932,,0.0,11.923076923076918,,11.923076923076918,LS_only,False,False,0.0006472316508130817,null
280074932,0.5,0.002,0.5016181229773453,1.4999999999986358,0.5016181229773453,Match,True,False,0.001864254946770766,injected
280074932,0.5,0.005,0.5016181229773453,1.4999999999986358,0.5016181229773453,Match,True,False,0.0045820305031053716,injected
280074932,0.5,0.01,0.5016181229773453,1.4999999999986358,0.5016181229773453,Match,True,False,0.009130057875014547,injected
280074932,0.5,0.02,0.5016181229773453,1.4999999999986358,0.5016181229773453,Match,True,False,0.018344254802166827,injected
280074932,1.0,0.002,1.0043196544276438,0.9999999999990905,1.0043196544276438,Match,True,False,0.0018329611145815332,injected
280074932,1.0,0.005,1.0043196544276438,0.9999999999990905,1.0043196544276438,Match,True,False,0.004794582767512351,injected
280074932,1.0,0.01,1.0043196544276438,0.9999999999990905,1.0043196544276438,Match,True,False,0.00984343492965303,injected
280074932,1.0,0.02,1.0043196544276438,0.9999999999990905,1.0043196544276438,Match,True,False,0.019461494841863356,injected
280074932,2.0,0.002,2.0129870129870095,1.999999999998181,2.0129870129870095,Match,True,False,0.0017223995427510252,injected
280074932,2.0,0.005,2.0129870129870095,1.999999999998181,2.0129870129870095,Match,True,False,0.005234455397820702,injected
280074932,2.0,0.01,2.0129870129870095,1.999999999998181,2.0129870129870095,Match,True,False,0.010075750547844958,injected
280074932,2.0,0.02,2.0129870129870095,1.999999999998181,2.0129870129870095,Match,True,False,0.020305396487392175,injected
280074932,3.0,0.002,2.999999999999995,2.9999999999972715,2.999999999999995,Match,True,False,0.002079303141914116,injected
280074932,3.0,0.005,2.999999999999995,2.9999999999972715,2.999999999999995,Match,True,False,0.005079033178714783,injected
280074932,3.0,0.01,2.999999999999995,2.9999999999972715,2.999999999999995,Match,True,False,0.010114786773381419,injected
280074932,3.0,0.02,2.999999999999995,2.9999999999972715,2.999999999999995,Match,True,False,0.01970339389761105,injected
280074932,5.0,0.002,4.894736842105257,4.916666666662195,4.894736842105257,Match,True,False,0.001984600166067808,injected
280074932,5.0,0.005,4.894736842105257,4.916666666662195,4.894736842105257,Match,True,False,0.004901529105633277,injected
280074932,5.0,0.01,4.894736842105257,4.916666666662195,4.894736842105257,Match,True,False,0.009724914727441445,injected
280074932,5.0,0.02,5.109890109890103,4.916666666662195,5.109890109890103,Match,True,False,0.019708688642753176,injected
280074932,7.0,0.002,6.940298507462679,13.749999999987494,13.749999999987494,Harmonic_Corrected,False,True,0.0022600180872607307,injected
280074932,7.0,0.005,6.940298507462679,6.916666666660376,6.940298507462679,Match,True,False,0.005298434926851605,injected
280074932,7.0,0.01,6.940298507462679,6.9999999999936335,6.940298507462679,Match,True,False,0.009964380885912913,injected
280074932,7.0,0.02,6.940298507462679,6.9999999999936335,6.940298507462679,Match,True,False,0.01971586179512143,injected
280074932,10.0,0.002,9.893617021276588,8.666666666658784,9.893617021276588,Match,True,False,0.001726807853536018,injected
280074932,10.0,0.005,9.893617021276588,9.916666666657648,9.893617021276588,Match,True,False,0.005350763629702556,injected
280074932,10.0,0.01,9.893617021276588,9.749999999991132,9.893617021276588,Match,True,False,0.009399367260592699,injected
280074932,10.0,0.02,9.893617021276588,9.83333333332439,9.893617021276588,Match,True,False,0.02056352918070496,injected
280074932,12.0,0.002,11.923076923076918,11.999999999989086,11.923076923076918,Match,True,False,0.002415980210259897,injected
280074932,12.0,0.005,11.923076923076918,12.749999999988404,11.923076923076918,Match,True,False,0.005358561472907413,injected
280074932,12.0,0.01,11.923076923076918,12.083333333322344,11.923076923076918,Match,True,False,0.01079867982056523,injected
280074932,12.0,0.02,11.923076923076918,12.749999999988404,11.923076923076918,Match,True,False,0.018935602960862115,injected
280074932,14.0,0.002,15.0,0.8333333333325754,15.0,Match,True,False,0.002213633265245544,injected
280074932,14.0,0.005,13.285714285714283,12.083333333322344,13.285714285714283,Match,True,False,0.004817677036428582,injected
280074932,14.0,0.01,15.0,13.416666666654464,15.0,Match,True,False,0.008499818051733863,injected
280074932,14.0,0.02,13.285714285714283,13.333333333321207,13.285714285714283,Match,True,False,0.02107764970870493,injected
229472112,,0.0,6.509433962264143,12.583333333321889,12.583333333321889,Harmonic_Corrected,False,False,0.0038485762039816205,null
229472112,0.5,0.002,6.509433962264143,12.499999999988631,12.499999999988631,Harmonic_Corrected,False,False,0.0038796332612442354,injected
229472112,0.5,0.005,0.5007256894049337,1.4999999999986358,0.5007256894049337,Match,True,False,0.004596408269451422,injected
229472112,0.5,0.01,0.5007256894049337,1.4999999999986358,0.5007256894049337,Match,True,False,0.009724690584711933,injected
229472112,0.5,0.02,0.5007256894049337,1.4999999999986358,0.5007256894049337,Match,True,False,0.019233237053325084,injected
229472112,1.0,0.002,6.509433962264143,12.916666666654919,12.916666666654919,Harmonic_Corrected,False,False,0.003843012160353284,injected
229472112,1.0,0.005,1.002906976744184,0.9999999999990905,1.002906976744184,Match,True,False,0.004588325193690317,injected
229472112,1.0,0.01,1.002906976744184,0.9999999999990905,1.002906976744184,Match,True,False,0.009773516930406243,injected
229472112,1.0,0.02,1.002906976744184,0.9999999999990905,1.002906976744184,Match,True,False,0.019879119558522958,injected
229472112,2.0,0.002,6.509433962264143,12.416666666655374,12.416666666655374,Harmonic_Corrected,False,False,0.003884916378190627,injected
229472112,2.0,0.005,1.9942196531791871,1.9166666666649235,1.9942196531791871,Match,True,False,0.006423659265909537,injected
229472112,2.0,0.01,1.9942196531791871,1.999999999998181,1.9942196531791871,Match,True,False,0.011426873291861423,injected
229472112,2.0,0.02,1.9942196531791871,1.999999999998181,1.9942196531791871,Match,True,False,0.01983258087868454,injected
229472112,3.0,0.002,6.509433962264143,12.499999999988631,12.499999999988631,Harmonic_Corrected,False,False,0.003884380215564775,injected
229472112,3.0,0.005,3.1363636363636314,6.166666666661058,6.166666666661058,Harmonic_Corrected,False,True,0.0056653813275661345,injected
229472112,3.0,0.01,2.9741379310344773,2.916666666664014,2.9741379310344773,Match,True,False,0.009330631270974861,injected
229472112,3.0,0.02,3.0530973451327377,2.9999999999972715,3.0530973451327377,Match,True,False,0.020381012271140805,injected
229472112,5.0,0.002,6.509433962264143,13.833333333320752,13.833333333320752,Harmonic_Corrected,False,False,0.004177298047919541,injected
229472112,5.0,0.005,4.859154929577458,,4.859154929577458,LS_only,True,False,0.004914028335132321,injected
229472112,5.0,0.01,5.0735294117646985,4.916666666662195,5.0735294117646985,Match,True,False,0.008918701707079993,injected
229472112,5.0,0.02,5.0735294117646985,4.916666666662195,5.0735294117646985,Match,True,False,0.018265671163286448,injected
229472112,7.0,0.002,6.509433962264143,12.666666666655146,12.666666666655146,Harmonic_Corrected,False,True,0.004854834628584541,injected
229472112,7.0,0.005,6.8999999999999915,13.666666666654237,13.666666666654237,Harmonic_Corrected,False,True,0.007278230509748208,injected
229472112,7.0,0.01,6.8999999999999915,6.666666666660603,6.8999999999999915,Match,True,False,0.012608162352002258,injected
229472112,7.0,0.02,6.8999999999999915,6.916666666660376,6.8999999999999915,Match,True,False,0.01821253223319961,injected
229472112,10.0,0.002,11.896551724137925,1.2499999999988631,11.896551724137925,Match,False,False,0.004091505843383345,injected
229472112,10.0,0.005,6.509433962264143,,6.509433962264143,LS_only,False,False,0.00526468342154238,injected
229472112,10.0,0.01,10.781249999999993,,10.781249999999993,LS_only,True,False,0.010366048294389993,injected
229472112,10.0,0.02,9.85714285714285,9.83333333332439,9.85714285714285,Match,True,False,0.0213012760891263,injected
229472112,12.0,0.002,6.509433962264143,12.583333333321889,12.583333333321889,Harmonic_Corrected,True,False,0.003647586019755193,injected
229472112,12.0,0.005,13.269230769230766,1.2499999999988631,13.269230769230766,Match,False,False,0.007624119289958204,injected
229472112,12.0,0.01,11.896551724137925,12.666666666655146,11.896551724137925,Match,True,False,0.008555867421164706,injected
229472112,12.0,0.02,11.896551724137925,12.749999999988404,11.896551724137925,Match,True,False,0.018469090078129892,injected
229472112,14.0,0.002,13.269230769230766,12.583333333321889,13.269230769230766,Match,True,False,0.0036256715989796025,injected
229472112,14.0,0.005,6.8999999999999915,0.9999999999990905,6.8999999999999915,Match,False,True,0.004921674215912381,injected
229472112,14.0,0.01,13.269230769230766,12.749999999988404,13.269230769230766,Match,True,False,0.009948260377014776,injected
229472112,14.0,0.02,13.269230769230766,12.999999999988177,13.269230769230766,Match,True,False,0.02353396779296568,injected
207501873,,0.0,1.3225392754087817,,1.3225392754087817,LS_only,False,False,0.0006136548649702189,null
207501873,0.5,0.002,0.5011541732474778,1.999999999998181,0.5011541732474778,Match,True,False,0.002002554884186919,injected
207501873,0.5,0.005,0.5011541732474778,1.4999999999986358,0.5011541732474778,Match,True,False,0.0046577060320675216,injected
207501873,0.5,0.01,0.5011541732474778,1.4999999999986358,0.5011541732474778,Match,True,False,0.009354941796302408,injected
207501873,0.5,0.02,0.5011541732474778,1.4999999999986358,0.5011541732474778,Match,True,False,0.018777922134131125,injected
207501873,1.0,0.002,0.9995153864792803,0.9999999999990905,0.9995153864792803,Match,True,False,0.0019328646112605889,injected
207501873,1.0,0.005,0.9995153864792803,0.9999999999990905,0.9995153864792803,Match,True,False,0.005076911740091131,injected
207501873,1.0,0.01,0.9995153864792803,0.9999999999990905,0.9995153864792803,Match,True,False,0.010152857690686919,injected
207501873,1.0,0.02,0.9995153864792803,0.9999999999990905,0.9995153864792803,Match,True,False,0.02006401909410382,injected
207501873,2.0,0.002,2.0230505149583085,1.999999999998181,2.0230505149583085,Match,True,False,0.0020432619448016785,injected
207501873,2.0,0.005,1.9879518072289113,1.999999999998181,1.9879518072289113,Match,True,False,0.005090326654802828,injected
207501873,2.0,0.01,2.0230505149583085,1.999999999998181,2.0230505149583085,Match,True,False,0.009553047142253626,injected
207501873,2.0,0.02,1.9879518072289113,1.999999999998181,1.9879518072289113,Match,True,False,0.019753601449424216,injected
207501873,3.0,0.002,2.9654924514737537,2.8333333333307564,2.9654924514737537,Match,True,False,0.0016877436569319047,injected
207501873,3.0,0.005,3.0442804428044217,2.916666666664014,3.0442804428044217,Match,True,False,0.004956755183706176,injected
207501873,3.0,0.01,3.0442804428044217,2.9999999999972715,3.0442804428044217,Match,True,False,0.009978400346381488,injected
207501873,3.0,0.02,2.9654924514737537,2.9999999999972715,2.9654924514737537,Match,True,False,0.019864363991229973,injected
207501873,5.0,0.002,5.061349693251525,5.166666666661968,5.061349693251525,Match,True,False,0.0017446269813119765,injected
207501873,5.0,0.005,5.061349693251525,4.9999999999954525,5.061349693251525,Match,True,False,0.004756473334105014,injected
207501873,5.0,0.01,5.061349693251525,4.916666666662195,5.061349693251525,Match,True,False,0.009751527826569269,injected
207501873,5.0,0.02,5.061349693251525,4.916666666662195,5.061349693251525,Match,True,False,0.019628656341057038,injected
207501873,7.0,0.002,6.886477462437386,0.8333333333325754,6.886477462437386,Match,True,False,0.0020888181889438546,injected
207501873,7.0,0.005,6.886477462437386,6.916666666660376,6.886477462437386,Match,True,False,0.005142548461571267,injected
207501873,7.0,0.01,6.886477462437386,13.91666666665401,13.91666666665401,Harmonic_Corrected,False,True,0.009709547737447918,injected
207501873,7.0,0.02,6.886477462437386,6.916666666660376,6.886477462437386,Match,True,False,0.019524191094957895,injected
207501873,10.0,0.002,9.844868735083523,0.8333333333325754,9.844868735083523,Match,True,False,0.0021719485187108468,injected
207501873,10.0,0.005,9.844868735083523,9.416666666658102,9.844868735083523,Match,True,False,0.005086399412882149,injected
207501873,10.0,0.01,9.844868735083523,9.749999999991132,9.844868735083523,Match,True,False,0.009799093858306763,injected
207501873,10.0,0.02,9.844868735083523,9.49999999999136,9.844868735083523,Match,True,False,0.020167338753897875,injected
207501873,12.0,0.002,11.887608069164258,1.1666666666656056,11.887608069164258,Match,True,False,0.002004253065539625,injected
207501873,12.0,0.005,11.887608069164258,10.83333333332348,11.887608069164258,Match,True,False,0.00489988247669538,injected
207501873,12.0,0.01,11.887608069164258,12.749999999988404,11.887608069164258,Match,True,False,0.008850009754135513,injected
207501873,12.0,0.02,11.887608069164258,12.166666666655601,11.887608069164258,Match,True,False,0.021630797904536866,injected
207501873,14.0,0.002,13.263665594855302,0.8333333333325754,13.263665594855302,Match,True,False,0.0015521809687030499,injected
207501873,14.0,0.005,13.263665594855302,13.24999999998795,13.263665594855302,Match,True,False,0.003998798239388907,injected
207501873,14.0,0.01,13.263665594855302,13.333333333321207,13.263665594855302,Match,True,False,0.010335598420891389,injected
207501873,14.0,0.02,13.263665594855302,13.166666666654692,13.263665594855302,Match,True,False,0.017393763904315913,injected
186664624,,0.0,4.221556886227535,,4.221556886227535,LS_only,False,False,0.00029439314483736703,null
186664624,0.5,0.002,0.500354861603973,1.4999999999986358,0.500354861603973,Match,True,False,0.0019173486189533859,injected
186664624,0.5,0.005,0.500354861603973,1.4999999999986358,0.500354861603973,Match,True,False,0.004893248575014416,injected
186664624,0.5,0.01,0.500354861603973,1.4999999999986358,0.500354861603973,Match,True,False,0.009583561722400089,injected
186664624,0.5,0.02,0.500354861603973,1.4999999999986358,0.500354861603973,Match,True,False,0.019133149190119842,injected
186664624,1.0,0.002,0.9971711456859943,0.9999999999990905,0.9971711456859943,Match,True,False,0.0019875644129631457,injected
186664624,1.0,0.005,0.9971711456859943,0.9999999999990905,0.9971711456859943,Match,True,False,0.004805528652073511,injected
186664624,1.0,0.01,0.9971711456859943,0.9999999999990905,0.9971711456859943,Match,True,False,0.009871787536771252,injected
186664624,1.0,0.02,0.9971711456859943,0.9999999999990905,0.9971711456859943,Match,True,False,0.019534357646295367,injected
186664624,2.0,0.002,1.9971671388101928,1.999999999998181,1.9971671388101928,Match,True,False,0.002043373923624055,injected
186664624,2.0,0.005,1.9971671388101928,1.999999999998181,1.9971671388101928,Match,True,False,0.00489869223197797,injected
186664624,2.0,0.01,1.9971671388101928,1.999999999998181,1.9971671388101928,Match,True,False,0.009979816091320797,injected
186664624,2.0,0.02,1.9971671388101928,1.999999999998181,1.9971671388101928,Match,True,False,0.020132273249819147,injected
186664624,3.0,0.002,3.025751072961366,2.9999999999972715,3.025751072961366,Match,True,False,0.0020324157422990075,injected
186664624,3.0,0.005,3.025751072961366,2.916666666664014,3.025751072961366,Match,True,False,0.0050052817782118625,injected
186664624,3.0,0.01,3.025751072961366,2.9999999999972715,3.025751072961366,Match,True,False,0.009950541989942099,injected
186664624,3.0,0.02,3.025751072961366,2.9999999999972715,3.025751072961366,Match,True,False,0.019727696202251597,injected
186664624,5.0,0.002,4.93006993006992,4.916666666662195,4.93006993006992,Match,True,False,0.0020023956750314033,injected
186664624,5.0,0.005,4.93006993006992,4.916666666662195,4.93006993006992,Match,True,False,0.005082372460625845,injected
186664624,5.0,0.01,4.93006993006992,4.916666666662195,4.93006993006992,Match,True,False,0.009797580311092102,injected
186664624,5.0,0.02,4.93006993006992,4.916666666662195,4.93006993006992,Match,True,False,0.019845097296107297,injected
186664624,7.0,0.002,6.980198019801969,6.9999999999936335,6.980198019801969,Match,True,False,0.002115294244273184,injected
186664624,7.0,0.005,6.980198019801969,7.083333333326891,6.980198019801969,Match,True,False,0.004801807348359826,injected
186664624,7.0,0.01,6.980198019801969,6.916666666660376,6.980198019801969,Match,True,False,0.009746199413639503,injected
186664624,7.0,0.02,6.980198019801969,6.8333333333271185,6.980198019801969,Match,True,False,0.019946663841371195,injected
186664624,10.0,0.002,9.929577464788721,9.333333333324845,9.929577464788721,Match,True,False,0.0020411675836771986,injected
186664624,10.0,0.005,9.929577464788721,9.666666666657875,9.929577464788721,Match,True,False,0.004869370932457272,injected
186664624,10.0,0.01,9.929577464788721,9.916666666657648,9.929577464788721,Match,True,False,0.010123432308080424,injected
186664624,10.0,0.02,9.929577464788721,9.666666666657875,9.929577464788721,Match,True,False,0.02049799618932152,injected
186664624,12.0,0.002,11.949152542372873,12.916666666654919,11.949152542372873,Match,True,False,0.001916660651254306,injected
186664624,12.0,0.005,11.949152542372873,12.833333333321661,11.949152542372873,Match,True,False,0.004601849257663004,injected
186664624,12.0,0.01,11.949152542372873,10.749999999990223,11.949152542372873,Match,True,False,0.009365791752497663,injected
186664624,12.0,0.02,11.949152542372873,12.749999999988404,11.949152542372873,Match,True,False,0.01824970900914474,injected
186664624,14.0,0.002,13.301886792452827,1.3333333333321207,13.301886792452827,Match,True,False,0.0019305875067596005,injected
186664624,14.0,0.005,13.301886792452827,13.499999999987722,13.301886792452827,Match,True,False,0.00526067359807073,injected
186664624,14.0,0.01,13.301886792452827,13.499999999987722,13.301886792452827,Match,True,False,0.010696063645032575,injected
186664624,14.0,0.02,13.301886792452827,13.499999999987722,13.301886792452827,Match,True,False,0.016659252886285617,injected
387411240,,0.0,1.0998439937597473,,1.0998439937597473,LS_only,False,False,0.0002283956020179362,null
387411240,0.5,0.002,0.500354861603973,0.9999999999990905,0.9999999999990905,Harmonic_Corrected,False,True,0.0018572678091057688,injected
387411240,0.5,0.005,0.500354861603973,1.4999999999986358,0.500354861603973,Match,True,False,0.0047289060790121455,injected
387411240,0.5,0.01,0.500354861603973,1.4999999999986358,0.500354861603973,Match,True,False,0.009507461830927124,injected
387411240,0.5,0.02,0.500354861603973,1.4999999999986358,0.500354861603973,Match,True,False,0.019048162589754447,injected
387411240,1.0,0.002,0.9971711456859943,0.9999999999990905,0.9971711456859943,Match,True,False,0.002015927404128472,injected
387411240,1.0,0.005,0.9971711456859943,0.9999999999990905,0.9971711456859943,Match,True,False,0.0049258361906372545,injected
387411240,1.0,0.01,0.9971711456859943,0.9999999999990905,0.9971711456859943,Match,True,False,0.009790837514960021,injected
387411240,1.0,0.02,0.9971711456859943,0.9999999999990905,0.9971711456859943,Match,True,False,0.019668568373411348,injected
387411240,2.0,0.002,1.9971671388101928,1.9166666666649235,1.9971671388101928,Match,True,False,0.0018784065972804475,injected
387411240,2.0,0.005,1.9971671388101928,1.999999999998181,1.9971671388101928,Match,True,False,0.005082447467106172,injected
387411240,2.0,0.01,1.9971671388101928,1.999999999998181,1.9971671388101928,Match,True,False,0.010047367031045583,injected
387411240,2.0,0.02,1.9971671388101928,1.999999999998181,1.9971671388101928,Match,True,False,0.019730065793658717,injected
387411240,3.0,0.002,3.025751072961366,2.9999999999972715,3.025751072961366,Match,True,False,0.002010868249906479,injected
387411240,3.0,0.005,3.025751072961366,2.9999999999972715,3.025751072961366,Match,True,False,0.005074225484509706,injected
387411240,3.0,0.01,3.025751072961366,2.9999999999972715,3.025751072961366,Match,True,False,0.009990347852378052,injected
387411240,3.0,0.02,3.025751072961366,2.9999999999972715,3.025751072961366,Match,True,False,0.01963286727148234,injected
387411240,5.0,0.002,4.93006993006992,5.166666666661968,4.93006993006992,Match,True,False,0.00195880930621681,injected
387411240,5.0,0.005,4.93006993006992,4.916666666662195,4.93006993006992,Match,True,False,0.005045936479807663,injected
387411240,5.0,0.01,4.93006993006992,4.916666666662195,4.93006993006992,Match,True,False,0.01010162694267606,injected
387411240,5.0,0.02,4.93006993006992,4.916666666662195,4.93006993006992,Match,True,False,0.01944979564776056,injected
387411240,7.0,0.002,6.980198019801969,5.9166666666612855,6.980198019801969,Match,True,False,0.0019554579613018453,injected
387411240,7.0,0.005,6.980198019801969,6.916666666660376,6.980198019801969,Match,True,False,0.004776096747487616,injected
387411240,7.0,0.01,6.980198019801969,6.916666666660376,6.980198019801969,Match,True,False,0.009549955256752066,injected
387411240,7.0,0.02,6.980198019801969,6.9999999999936335,6.980198019801969,Match,True,False,0.0189800100942686,injected
387411240,10.0,0.002,9.929577464788721,1.9166666666649235,9.929577464788721,Match,True,False,0.001835451117308317,injected
387411240,10.0,0.005,9.929577464788721,9.666666666657875,9.929577464788721,Match,True,False,0.0051959067823895925,injected
387411240,10.0,0.01,9.929577464788721,9.916666666657648,9.929577464788721,Match,True,False,0.009735102415713544,injected
387411240,10.0,0.02,9.929577464788721,9.83333333332439,9.929577464788721,Match,True,False,0.02011138882952096,injected
387411240,12.0,0.002,11.949152542372873,1.083333333332348,11.949152542372873,Match,True,False,0.0021309774217235663,injected
387411240,12.0,0.005,11.949152542372873,12.666666666655146,11.949152542372873,Match,True,False,0.00475068657488745,injected
387411240,12.0,0.01,11.949152542372873,12.749999999988404,11.949152542372873,Match,True,False,0.009407954416413141,injected
387411240,12.0,0.02,11.949152542372873,12.749999999988404,11.949152542372873,Match,True,False,0.01877887566500166,injected
387411240,14.0,0.002,15.0,1.083333333332348,15.0,Match,True,False,0.0020989951990168978,injected
387411240,14.0,0.005,13.301886792452827,13.333333333321207,13.301886792452827,Match,True,False,0.004382682888023707,injected
387411240,14.0,0.01,13.301886792452827,13.333333333321207,13.301886792452827,Match,True,False,0.010140332848416575,injected
387411240,14.0,0.02,13.301886792452827,13.333333333321207,13.301886792452827,Match,True,False,0.019194974058712764,injected
279612687,,0.0,0.7947761194029824,0.7499999999993179,0.7947761194029824,Match,False,False,0.0060409018080074435,null
279612687,0.5,0.002,0.7947761194029824,1.5833333333318933,1.5833333333318933,Harmonic_Corrected,False,False,0.006042429957017791,injected
279612687,0.5,0.005,0.7947761194029824,1.5833333333318933,1.5833333333318933,Harmonic_Corrected,False,False,0.006030306522368178,injected
279612687,0.5,0.01,0.5016486104568989,1.4999999999986358,0.5016486104568989,Match,True,False,0.009201754476610194,injected
279612687,0.5,0.02,0.5016486104568989,1.4999999999986358,0.5016486104568989,Match,True,False,0.018269214850290753,injected
279612687,1.0,0.002,0.7947761194029824,0.8333333333325754,0.7947761194029824,Match,False,False,0.00599703423750327,injected
279612687,1.0,0.005,0.7947761194029824,0.8333333333325754,0.7947761194029824,Match,False,False,0.006205174332245074,injected
279612687,1.0,0.01,0.9953271028037349,0.8333333333325754,0.9953271028037349,Match,True,False,0.009769142951425903,injected
279612687,1.0,0.02,1.0037700282752087,0.9999999999990905,1.0037700282752087,Match,True,False,0.019346653556629383,injected
279612687,2.0,0.002,0.7947761194029824,0.7499999999993179,0.7947761194029824,Match,False,False,0.006025717098258683,injected
279612687,2.0,0.005,0.7947761194029824,0.7499999999993179,0.7947761194029824,Match,False,False,0.006060880254658395,injected
279612687,2.0,0.01,1.975881261595541,1.999999999998181,1.975881261595541,Match,True,False,0.010531568099725013,injected
279612687,2.0,0.02,2.009433962264145,1.999999999998181,2.009433962264145,Match,True,False,0.01965342558468753,injected
279612687,3.0,0.002,0.7947761194029824,0.7499999999993179,0.7947761194029824,Match,False,False,0.006027444162581604,injected
279612687,3.0,0.005,0.7947761194029824,0.7499999999993179,0.7947761194029824,Match,False,False,0.006005748791462912,injected
279612687,3.0,0.01,3.0428571428571343,0.7499999999993179,3.0428571428571343,Match,True,False,0.009850102948541052,injected
279612687,3.0,0.02,3.0428571428571343,3.1666666666637866,3.0428571428571343,Match,True,False,0.01957613168580681,injected
279612687,5.0,0.002,0.7947761194029824,0.7499999999993179,0.7947761194029824,Match,False,False,0.006042129547802474,injected
279612687,5.0,0.005,0.7947761194029824,0.7499999999993179,0.7947761194029824,Match,False,False,0.006043276484370808,injected
279612687,5.0,0.01,4.953488372093012,0.7499999999993179,4.953488372093012,Match,True,False,0.010887414584895252,injected
279612687,5.0,0.02,4.953488372093012,0.7499999999993179,4.953488372093012,Match,True,False,0.019465509909321846,injected
279612687,7.0,0.002,0.7947761194029824,0.7499999999993179,0.7947761194029824,Match,False,False,0.0060455388415886985,injected
279612687,7.0,0.005,0.7947761194029824,0.7499999999993179,0.7947761194029824,Match,False,False,0.006003847431982798,injected
279612687,7.0,0.01,7.006578947368408,0.7499999999993179,7.006578947368408,Match,True,False,0.010753303242817628,injected
279612687,7.0,0.02,7.006578947368408,0.7499999999993179,7.006578947368408,Match,True,False,0.02059534003231667,injected
279612687,10.0,0.002,0.7947761194029824,0.7499999999993179,0.7947761194029824,Match,False,False,0.006020950145752314,injected
279612687,10.0,0.005,0.7947761194029824,0.7499999999993179,0.7947761194029824,Match,False,False,0.006098109340625215,injected
279612687,10.0,0.01,9.95327102803737,0.7499999999993179,9.95327102803737,Match,True,False,0.008817463205674411,injected
279612687,10.0,0.02,9.95327102803737,0.7499999999993179,9.95327102803737,Match,True,False,0.019738430348522205,injected
279612687,12.0,0.002,0.7947761194029824,0.7499999999993179,0.7947761194029824,Match,False,False,0.006028884532712831,injected
279612687,12.0,0.005,0.7947761194029824,0.7499999999993179,0.7947761194029824,Match,False,False,0.006058493360098237,injected
279612687,12.0,0.01,11.966292134831452,0.7499999999993179,11.966292134831452,Match,True,False,0.01096414070448775,injected
279612687,12.0,0.02,11.966292134831452,0.7499999999993179,11.966292134831452,Match,True,False,0.018059904861796174,injected
279612687,14.0,0.002,0.7947761194029824,0.7499999999993179,0.7947761194029824,Match,False,False,0.00602340044213713,injected
279612687,14.0,0.005,0.7947761194029824,0.7499999999993179,0.7947761194029824,Match,False,False,0.005938518413331089,injected
279612687,14.0,0.01,13.312499999999995,0.7499999999993179,13.312499999999995,Match,True,False,0.010043650321227027,injected
279612687,14.0,0.02,13.312499999999995,0.7499999999993179,13.312499999999995,Match,True,False,0.02001958900813416,injected
229497183,,0.0,11.914285714285707,12.249999999988859,11.914285714285707,Match,False,False,0.0012239596407356914,null
229497183,0.5,0.002,0.5020467132193581,1.4999999999986358,0.5020467132193581,Match,True,False,0.0018044015770301571,injected
229497183,0.5,0.005,0.5020467132193581,1.4999999999986358,0.5020467132193581,Match,True,False,0.004436653524006499,injected
229497183,0.5,0.01,0.5020467132193581,1.4999999999986358,0.5020467132193581,Match,True,False,0.009039595610101123,injected
229497183,0.5,0.02,0.5020467132193581,1.4999999999986358,0.5020467132193581,Match,True,False,0.0179277625055185,injected
229497183,1.0,0.002,1.0009601536245774,0.9999999999990905,1.0009601536245774,Match,True,False,0.0019646217733210736,injected
229497183,1.0,0.005,1.0009601536245774,0.9999999999990905,1.0009601536245774,Match,True,False,0.004874196373694776,injected
229497183,1.0,0.01,1.0009601536245774,0.9999999999990905,1.0009601536245774,Match,True,False,0.00990241113857991,injected
229497183,1.0,0.02,1.0009601536245774,0.9999999999990905,1.0009601536245774,Match,True,False,0.01974377325004818,injected
229497183,2.0,0.002,2.0067372473532195,1.999999999998181,2.0067372473532195,Match,True,False,0.0018380039989455037,injected
229497183,2.0,0.005,2.0067372473532195,1.999999999998181,2.0067372473532195,Match,True,False,0.005074526209251157,injected
229497183,2.0,0.01,2.0067372473532195,1.999999999998181,2.0067372473532195,Match,True,False,0.009763800923051213,injected
229497183,2.0,0.02,2.0067372473532195,1.999999999998181,2.0067372473532195,Match,True,False,0.019957405661345132,injected
229497183,3.0,0.002,2.991391678622662,2.8333333333307564,2.991391678622662,Match,True,False,0.0021030040842590783,injected
229497183,3.0,0.005,2.991391678622662,2.9999999999972715,2.991391678622662,Match,True,False,0.004887054188150423,injected
229497183,3.0,0.01,2.991391678622662,2.9999999999972715,2.991391678622662,Match,True,False,0.009780577353505144,injected
229497183,3.0,0.02,2.991391678622662,2.9999999999972715,2.991391678622662,Match,True,False,0.02007538517882813,injected
229497183,5.0,0.002,5.097799511002436,14.666666666653327,5.097799511002436,Match,True,False,0.0014171269532434463,injected
229497183,5.0,0.005,5.097799511002436,4.9999999999954525,5.097799511002436,Match,True,False,0.004347735292451865,injected
229497183,5.0,0.01,5.097799511002436,4.916666666662195,5.097799511002436,Match,True,False,0.010480890086797355,injected
229497183,5.0,0.02,5.097799511002436,4.9999999999954525,5.097799511002436,Match,True,False,0.01945248567044616,injected
229497183,7.0,0.002,6.926910299003312,13.416666666654464,13.416666666654464,Harmonic_Corrected,False,True,0.001949481775731846,injected
229497183,7.0,0.005,6.926910299003312,6.8333333333271185,6.926910299003312,Match,True,False,0.004896573879060286,injected
229497183,7.0,0.01,6.926910299003312,6.916666666660376,6.926910299003312,Match,True,False,0.009335849157259766,injected
229497183,7.0,0.02,6.926910299003312,6.8333333333271185,6.926910299003312,Match,True,False,0.019683391278150466,injected
229497183,10.0,0.002,9.104803493449772,8.16666666665924,9.104803493449772,Match,True,False,0.001408705178997636,injected
229497183,10.0,0.005,9.881516587677716,10.749999999990223,9.881516587677716,Match,True,False,0.005776128833998546,injected
229497183,10.0,0.01,9.881516587677716,10.333333333323935,9.881516587677716,Match,True,False,0.010184343382865906,injected
229497183,10.0,0.02,9.881516587677716,10.333333333323935,9.881516587677716,Match,True,False,0.020216915154232476,injected
229497183,12.0,0.002,11.914285714285707,10.083333333324163,11.914285714285707,Match,True,False,0.0012925715236007241,injected
229497183,12.0,0.005,11.914285714285707,12.083333333322344,11.914285714285707,Match,True,False,0.0041227443664324055,injected
229497183,12.0,0.01,11.914285714285707,12.749999999988404,11.914285714285707,Match,True,False,0.00976688966593474,injected
229497183,12.0,0.02,11.914285714285707,12.333333333322116,11.914285714285707,Match,True,False,0.02213521512339122,injected
229497183,14.0,0.002,13.28025477707006,12.499999999988631,13.28025477707006,Match,True,False,0.0024293420965269827,injected
229497183,14.0,0.005,13.28025477707006,13.166666666654692,13.28025477707006,Match,True,False,0.0038972225268887077,injected
229497183,14.0,0.01,13.28025477707006,13.166666666654692,13.28025477707006,Match,True,False,0.008117117074799583,injected
229497183,14.0,0.02,13.28025477707006,13.166666666654692,13.28025477707006,Match,True,False,0.015973969263752233,injected
279258697,,0.0,10.846153846153838,1.083333333332348,10.846153846153838,Match,False,False,0.0023834450149310383,null
279258697,0.5,0.002,10.846153846153838,1.4999999999986358,10.846153846153838,Match,False,False,0.0023717778670805543,injected
279258697,0.5,0.005,0.500354861603973,1.4999999999986358,0.500354861603973,Match,True,False,0.0049360556677689035,injected
279258697,0.5,0.01,0.500354861603973,1.4999999999986358,0.500354861603973,Match,True,False,0.009701122499487283,injected
279258697,0.5,0.02,0.500354861603973,1.4999999999986358,0.500354861603973,Match,True,False,0.019203208880549855,injected
279258697,1.0,0.002,10.846153846153838,0.9999999999990905,10.846153846153838,Match,False,False,0.002317865601745508,injected
279258697,1.0,0.005,0.9971711456859943,0.9999999999990905,0.9971711456859943,Match,True,False,0.005117795712407152,injected
279258697,1.0,0.01,0.9971711456859943,0.9999999999990905,0.9971711456859943,Match,True,False,0.009976825727894531,injected
279258697,1.0,0.02,0.9971711456859943,0.9999999999990905,0.9971711456859943,Match,True,False,0.01962486766778337,injected
279258697,2.0,0.002,2.0317002881844326,1.999999999998181,2.0317002881844326,Match,True,False,0.0025507182889098912,injected
279258697,2.0,0.005,1.9971671388101928,1.999999999998181,1.9971671388101928,Match,True,False,0.005383556175104455,injected
279258697,2.0,0.01,1.9971671388101928,1.999999999998181,1.9971671388101928,Match,True,False,0.010243426767308921,injected
279258697,2.0,0.02,1.9971671388101928,1.999999999998181,1.9971671388101928,Match,True,False,0.020238604796608176,injected
279258697,3.0,0.002,10.846153846153838,8.749999999992042,10.846153846153838,Match,False,False,0.002220380587287812,injected
279258697,3.0,0.005,3.025751072961366,2.916666666664014,3.025751072961366,Match,True,False,0.005700202057138136,injected
279258697,3.0,0.01,2.9497907949790725,2.916666666664014,2.9497907949790725,Match,True,False,0.009955633142267313,injected
279258697,3.0,0.02,3.025751072961366,2.9999999999972715,3.025751072961366,Match,True,False,0.020050984940555815,injected
279258697,5.0,0.002,10.846153846153838,10.333333333323935,10.846153846153838,Match,False,True,0.002233892536238273,injected
279258697,5.0,0.005,4.93006993006992,4.833333333328937,4.93006993006992,Match,True,False,0.004321742315023267,injected
279258697,5.0,0.01,4.93006993006992,4.916666666662195,4.93006993006992,Match,True,False,0.010015177101502338,injected
279258697,5.0,0.02,4.93006993006992,4.916666666662195,4.93006993006992,Match,True,False,0.019247332183210498,injected
279258697,7.0,0.002,6.980198019801969,12.416666666655374,6.980198019801969,Match,True,False,0.003428160075620543,injected
279258697,7.0,0.005,6.980198019801969,6.666666666660603,6.980198019801969,Match,True,False,0.005482499102956717,injected
279258697,7.0,0.01,6.980198019801969,6.8333333333271185,6.980198019801969,Match,True,False,0.011279359914697838,injected
279258697,7.0,0.02,6.980198019801969,6.749999999993861,6.980198019801969,Match,True,False,0.020079459897893316,injected
279258697,10.0,0.002,9.929577464788721,0.6666666666660603,9.929577464788721,Match,True,False,0.0021677030945094046,injected
279258697,10.0,0.005,9.929577464788721,0.6666666666660603,9.929577464788721,Match,True,False,0.003113644892475694,injected
279258697,10.0,0.01,9.929577464788721,9.999999999990905,9.929577464788721,Match,True,False,0.012043353408992184,injected
279258697,10.0,0.02,9.929577464788721,9.83333333332439,9.929577464788721,Match,True,False,0.018671311839821784,injected
279258697,12.0,0.002,10.846153846153838,1.9166666666649235,10.846153846153838,Match,True,False,0.0031745296235146147,injected
279258697,12.0,0.005,11.949152542372873,10.333333333323935,11.949152542372873,Match,True,False,0.007003376526774284,injected
279258697,12.0,0.01,11.949152542372873,12.749999999988404,11.949152542372873,Match,True,False,0.00834779421312356,injected
279258697,12.0,0.02,11.949152542372873,12.749999999988404,11.949152542372873,Match,True,False,0.016562219913123177,injected
279258697,14.0,0.002,13.301886792452827,1.6666666666651508,13.301886792452827,Match,True,False,0.0020967380372484486,injected
279258697,14.0,0.005,13.301886792452827,12.833333333321661,13.301886792452827,Match,True,False,0.00637643476915722,injected
279258697,14.0,0.01,15.0,13.333333333321207,15.0,Match,True,False,0.007270330491031293,injected
279258697,14.0,0.02,13.301886792452827,12.916666666654919,13.301886792452827,Match,True,False,0.021091702094155784,injected
237205845,,0.0,6.160714285714278,,6.160714285714278,LS_only,False,False,0.0006532348989503943,null
237205845,0.5,0.002,0.5007256894049337,2.4999999999977263,0.5007256894049337,Match,True,False,0.0019837898811763148,injected
237205845,0.5,0.005,0.5007256894049337,1.999999999998181,0.5007256894049337,Match,True,False,0.004512438980192939,injected
237205845,0.5,0.01,0.5007256894049337,1.4999999999986358,0.5007256894049337,Match,True,False,0.00962022367345303,injected
237205845,0.5,0.02,0.5007256894049337,1.4999999999986358,0.5007256894049337,Match,True,False,0.019184944417687047,injected
237205845,1.0,0.002,0.994236311239191,0.9999999999990905,0.994236311239191,Match,True,False,0.0018916918698271429,injected
237205845,1.0,0.005,1.002906976744184,0.9999999999990905,1.002906976744184,Match,True,False,0.00490144277598012,injected
237205845,1.0,0.01,1.002906976744184,0.9999999999990905,1.002906976744184,Match,True,False,0.009650366437171095,injected
237205845,1.0,0.02,1.002906976744184,0.9999999999990905,1.002906976744184,Match,True,False,0.019757723238122717,injected
237205845,2.0,0.002,2.0294117647058787,1.999999999998181,2.0294117647058787,Match,True,False,0.0022354353088962988,injected
237205845,2.0,0.005,1.9942196531791871,1.999999999998181,1.9942196531791871,Match,True,False,0.005057438610943119,injected
237205845,2.0,0.01,1.9942196531791871,1.999999999998181,1.9942196531791871,Match,True,False,0.010010881516874237,injected
237205845,2.0,0.02,1.9942196531791871,1.999999999998181,1.9942196531791871,Match,True,False,0.020054839390056572,injected
237205845,3.0,0.002,2.9741379310344773,2.749999999997499,2.9741379310344773,Match,True,False,0.0016912784792742573,injected
237205845,3.0,0.005,2.9741379310344773,2.9999999999972715,2.9741379310344773,Match,True,False,0.004934537866466509,injected
237205845,3.0,0.01,2.9741379310344773,2.9999999999972715,2.9741379310344773,Match,True,False,0.009810030659228535,injected
237205845,3.0,0.02,2.9741379310344773,2.9999999999972715,2.9741379310344773,Match,True,False,0.020037534500459392,injected
237205845,5.0,0.002,4.859154929577458,4.666666666662422,4.859154929577458,Match,True,False,0.0019741407606910077,injected
237205845,5.0,0.005,5.0735294117646985,5.166666666661968,5.0735294117646985,Match,True,False,0.004990489197191723,injected
237205845,5.0,0.01,5.0735294117646985,4.916666666662195,5.0735294117646985,Match,True,False,0.009876935720787277,injected
237205845,5.0,0.02,5.0735294117646985,4.9999999999954525,5.0735294117646985,Match,True,False,0.020112482469689847,injected
237205845,7.0,0.002,6.8999999999999915,,6.8999999999999915,LS_only,True,False,0.0017729430220098912,injected
237205845,7.0,0.005,6.8999999999999915,6.166666666661058,6.8999999999999915,Match,True,False,0.005004534980919096,injected
237205845,7.0,0.01,6.8999999999999915,6.9999999999936335,6.8999999999999915,Match,True,False,0.010057157406094095,injected
237205845,7.0,0.02,6.8999999999999915,6.916666666660376,6.8999999999999915,Match,True,False,0.019858116338130664,injected
237205845,10.0,0.002,10.781249999999993,,10.781249999999993,LS_only,True,False,0.001664524103680778,injected
237205845,10.0,0.005,9.85714285714285,1.1666666666656056,9.85714285714285,Match,True,False,0.0049412257086962315,injected
237205845,10.0,0.01,9.85714285714285,8.916666666658557,9.85714285714285,Match,True,False,0.010007379129245465,injected
237205845,10.0,0.02,9.85714285714285,9.583333333324617,9.85714285714285,Match,True,False,0.019956442809962817,injected
237205845,12.0,0.002,11.896551724137925,1.1666666666656056,11.896551724137925,Match,True,False,0.001988274879658369,injected
237205845,12.0,0.005,11.896551724137925,1.1666666666656056,11.896551724137925,Match,True,False,0.005176916517529293,injected
237205845,12.0,0.01,11.896551724137925,12.749999999988404,11.896551724137925,Match,True,False,0.008662490271620558,injected
237205845,12.0,0.02,11.896551724137925,12.333333333322116,11.896551724137925,Match,True,False,0.020842834446934747,injected
237205845,14.0,0.002,15.0,,15.0,LS_only,True,False,0.0018226737848047578,injected
237205845,14.0,0.005,13.269230769230766,1.1666666666656056,13.269230769230766,Match,True,False,0.004023835279229012,injected
237205845,14.0,0.01,13.269230769230766,12.166666666655601,13.269230769230766,Match,True,False,0.008269877050074908,injected
237205845,14.0,0.02,13.269230769230766,13.083333333321434,13.269230769230766,Match,True,False,0.01867671812226418,injected
85595350,,0.0,9.917647058823523,,9.917647058823523,LS_only,False,False,0.00025795478182891705,null
85595350,0.5,0.002,0.5007722466436961,0.9999999999990905,0.9999999999990905,Harmonic_Corrected,False,True,0.0019175275072708053,injected
85595350,0.5,0.005,0.5007722466436961,1.4999999999986358,0.5007722466436961,Match,True,False,0.0047637913113191726,injected
85595350,0.5,0.01,0.5007722466436961,1.4999999999986358,0.5007722466436961,Match,True,False,0.009483634363027104,injected
85595350,0.5,0.02,0.5007722466436961,1.4999999999986358,0.5007722466436961,Match,True,False,0.01894279973984357,injected
85595350,1.0,0.002,1.0023781212841834,0.9999999999990905,1.0023781212841834,Match,True,False,0.00196952885466259,injected
85595350,1.0,0.005,1.0023781212841834,0.9999999999990905,1.0023781212841834,Match,True,False,0.00488006418498947,injected
85595350,1.0,0.01,1.0023781212841834,0.9999999999990905,1.0023781212841834,Match,True,False,0.009813457934520948,injected
85595350,1.0,0.02,1.0023781212841834,0.9999999999990905,1.0023781212841834,Match,True,False,0.019600293572954036,injected
85595350,2.0,0.002,1.9910250354274877,2.0833333333314386,1.9910250354274877,Match,True,False,0.0020202058551165155,injected
85595350,2.0,0.005,1.9910250354274877,1.999999999998181,1.9910250354274877,Match,True,False,0.005075237745186675,injected
85595350,2.0,0.01,1.9910250354274877,1.999999999998181,1.9910250354274877,Match,True,False,0.00983297373614925,injected
85595350,2.0,0.02,1.9910250354274877,1.999999999998181,1.9910250354274877,Match,True,False,0.019986128326412604,injected
85595350,3.0,0.002,3.0171796707229723,2.9999999999972715,3.0171796707229723,Match,True,False,0.002177865588327075,injected
85595350,3.0,0.005,3.0171796707229723,2.9999999999972715,3.0171796707229723,Match,True,False,0.00480042899418572,injected
85595350,3.0,0.01,3.0171796707229723,2.9999999999972715,3.0171796707229723,Match,True,False,0.009889356308129475,injected
85595350,3.0,0.02,3.0171796707229723,2.9999999999972715,3.0171796707229723,Match,True,False,0.019824394442351886,injected
85595350,5.0,0.002,4.918319719953319,5.08333333332871,4.918319719953319,Match,True,False,0.00206722419884065,injected
85595350,5.0,0.005,4.918319719953319,4.9999999999954525,4.918319719953319,Match,True,False,0.004961674365829805,injected
85595350,5.0,0.01,4.918319719953319,4.916666666662195,4.918319719953319,Match,True,False,0.009989807689022056,injected
85595350,5.0,0.02,4.918319719953319,4.916666666662195,4.918319719953319,Match,True,False,0.019689691338117245,injected
85595350,7.0,0.002,6.966942148760322,6.8333333333271185,6.966942148760322,Match,True,False,0.0020976490162583224,injected
85595350,7.0,0.005,6.966942148760322,6.9999999999936335,6.966942148760322,Match,True,False,0.0048725867004360286,injected
85595350,7.0,0.01,6.966942148760322,6.916666666660376,6.966942148760322,Match,True,False,0.010060024786679202,injected
85595350,7.0,0.02,6.966942148760322,6.8333333333271185,6.966942148760322,Match,True,False,0.01986811269621694,injected
85595350,10.0,0.002,9.917647058823523,8.416666666659012,9.917647058823523,Match,True,False,0.0019352680429673434,injected
85595350,10.0,0.005,9.917647058823523,10.083333333324163,9.917647058823523,Match,True,False,0.005339657631331061,injected
85595350,10.0,0.01,9.917647058823523,9.83333333332439,9.917647058823523,Match,True,False,0.009668952874974508,injected
85595350,10.0,0.02,9.917647058823523,9.83333333332439,9.917647058823523,Match,True,False,0.019991200791420055,injected
85595350,12.0,0.002,11.94050991501416,11.083333333323253,11.94050991501416,Match,True,False,0.0020263331176340886,injected
85595350,12.0,0.005,11.94050991501416,12.749999999988404,11.94050991501416,Match,True,False,0.004510725961648933,injected
85595350,12.0,0.01,11.94050991501416,12.083333333322344,11.94050991501416,Match,True,False,0.010173134178116786,injected
85595350,12.0,0.02,11.94050991501416,12.083333333322344,11.94050991501416,Match,True,False,0.01996307870894694,injected
85595350,14.0,0.002,13.296529968454255,0.6666666666660603,13.296529968454255,Match,True,False,0.0019295684684167951,injected
85595350,14.0,0.005,13.296529968454255,13.416666666654464,13.296529968454255,Match,True,False,0.00399010605391865,injected
85595350,14.0,0.01,13.296529968454255,13.416666666654464,13.296529968454255,Match,True,False,0.008795117716716058,injected
85595350,14.0,0.02,13.296529968454255,13.416666666654464,13.296529968454255,Match,True,False,0.015635345612026837,injected
187038217,,0.0,9.917647058823523,11.16666666665651,9.917647058823523,Match,False,False,0.0024755389663275043,null
187038217,0.5,0.002,9.917647058823523,1.4999999999986358,9.917647058823523,Match,False,False,0.0024740699138097893,injected
187038217,0.5,0.005,0.5007722466436961,1.4999999999986358,0.5007722466436961,Match,True,False,0.004796426116711778,injected
187038217,0.5,0.01,0.5007722466436961,1.4999999999986358,0.5007722466436961,Match,True,False,0.009378626620091007,injected
187038217,0.5,0.02,0.5007722466436961,1.4999999999986358,0.5007722466436961,Match,True,False,0.019083361591237566,injected
187038217,1.0,0.002,9.917647058823523,0.9999999999990905,9.917647058823523,Match,False,False,0.002518911800631394,injected
187038217,1.0,0.005,1.0023781212841834,0.9999999999990905,1.0023781212841834,Match,True,False,0.004801822195029677,injected
187038217,1.0,0.01,1.0023781212841834,0.9999999999990905,1.0023781212841834,Match,True,False,0.00978293826497112,injected
187038217,1.0,0.02,1.0023781212841834,0.9999999999990905,1.0023781212841834,Match,True,False,0.020003830628022152,injected
187038217,2.0,0.002,9.917647058823523,1.999999999998181,9.917647058823523,Match,False,False,0.002370957053048854,injected
187038217,2.0,0.005,1.9910250354274877,1.999999999998181,1.9910250354274877,Match,True,False,0.0048509560558525466,injected
187038217,2.0,0.01,1.9910250354274877,1.999999999998181,1.9910250354274877,Match,True,False,0.009728805320839513,injected
187038217,2.0,0.02,1.9910250354274877,1.999999999998181,1.9910250354274877,Match,True,False,0.01933375558708003,injected
187038217,3.0,0.002,9.917647058823523,8.916666666658557,9.917647058823523,Match,False,False,0.0026214097457765875,injected
187038217,3.0,0.005,3.0171796707229723,3.083333333330529,3.0171796707229723,Match,True,False,0.004593691051476261,injected
187038217,3.0,0.01,3.0171796707229723,2.9999999999972715,3.0171796707229723,Match,True,False,0.00979304442349763,injected
187038217,3.0,0.02,3.0171796707229723,2.9999999999972715,3.0171796707229723,Match,True,False,0.019840305443862182,injected
187038217,5.0,0.002,9.917647058823523,9.666666666657875,9.917647058823523,Match,False,True,0.002607126299599966,injected
187038217,5.0,0.005,5.13398294762484,5.08333333332871,5.13398294762484,Match,True,False,0.00440956465655867,injected
187038217,5.0,0.01,5.13398294762484,5.08333333332871,5.13398294762484,Match,True,False,0.009155574302051925,injected
187038217,5.0,0.02,5.13398294762484,4.9999999999954525,5.13398294762484,Match,True,False,0.01877137326609661,injected
187038217,7.0,0.002,6.575663026521052,12.916666666654919,12.916666666654919,Harmonic_Corrected,False,True,0.003023918561842003,injected
187038217,7.0,0.005,6.966942148760322,7.083333333326891,6.966942148760322,Match,True,False,0.005612666193206245,injected
187038217,7.0,0.01,6.966942148760322,6.749999999993861,6.966942148760322,Match,True,False,0.010406240905561998,injected
187038217,7.0,0.02,6.966942148760322,6.9999999999936335,6.966942148760322,Match,True,False,0.01976575065729068,injected
187038217,10.0,0.002,9.917647058823523,9.083333333325072,9.917647058823523,Match,True,False,0.00422031469678149,injected
187038217,10.0,0.005,9.917647058823523,9.666666666657875,9.917647058823523,Match,True,False,0.007561341365080698,injected
187038217,10.0,0.01,9.917647058823523,9.749999999991132,9.917647058823523,Match,True,False,0.012613116253525392,injected
187038217,10.0,0.02,9.917647058823523,9.83333333332439,9.917647058823523,Match,True,False,0.018265941735063723,injected
187038217,12.0,0.002,10.835475578406163,11.583333333322798,10.835475578406163,Match,True,False,0.003881203824852947,injected
187038217,12.0,0.005,11.94050991501416,11.666666666656056,11.94050991501416,Match,True,False,0.007093887710382603,injected
187038217,12.0,0.01,11.94050991501416,12.666666666655146,11.94050991501416,Match,True,False,0.009547328669532253,injected
187038217,12.0,0.02,11.94050991501416,11.916666666655829,11.94050991501416,Match,True,False,0.022768826626922055,injected
187038217,14.0,0.002,9.143167028199558,,9.143167028199558,LS_only,False,False,0.0021814091157518365,injected
187038217,14.0,0.005,15.0,14.58333333332007,15.0,Match,True,False,0.003944324872679993,injected
187038217,14.0,0.01,13.296529968454255,13.499999999987722,13.296529968454255,Match,True,False,0.010128179971296631,injected
187038217,14.0,0.02,13.296529968454255,13.499999999987722,13.296529968454255,Match,True,False,0.019341350670013312,injected
279282998,,0.0,3.131868131868126,,3.131868131868126,LS_only,False,False,0.0002830673438008552,null
279282998,0.5,0.002,0.5012310939148774,0.9999999999990905,0.9999999999990905,Harmonic_Corrected,False,True,0.001961561489056393,injected
279282998,0.5,0.005,0.5012310939148774,1.4999999999986358,0.5012310939148774,Match,True,False,0.004764948113622136,injected
279282998,0.5,0.01,0.5012310939148774,1.4999999999986358,0.5012310939148774,Match,True,False,0.009410313936860405,injected
279282998,0.5,0.02,0.5012310939148774,1.4999999999986358,0.5012310939148774,Match,True,False,0.018730729650513513,injected
279282998,1.0,0.002,0.9985984583041322,0.9999999999990905,0.9985984583041322,Match,True,False,0.0019870189282176873,injected
279282998,1.0,0.005,0.9985984583041322,0.9999999999990905,0.9985984583041322,Match,True,False,0.0048637967313217316,injected
279282998,1.0,0.01,0.9985984583041322,0.9999999999990905,0.9985984583041322,Match,True,False,0.009929451810428341,injected
279282998,1.0,0.02,0.9985984583041322,0.9999999999990905,0.9985984583041322,Match,True,False,0.019724325184677483,injected
279282998,2.0,0.002,2.0155586987270113,1.999999999998181,2.0155586987270113,Match,True,False,0.0019827689671737645,injected
279282998,2.0,0.005,2.0155586987270113,1.999999999998181,2.0155586987270113,Match,True,False,0.004953805359629898,injected
279282998,2.0,0.01,2.0155586987270113,1.999999999998181,2.0155586987270113,Match,True,False,0.009757924249047333,injected
279282998,2.0,0.02,2.0155586987270113,1.999999999998181,2.0155586987270113,Match,True,False,0.019735454419082987,injected
279282998,3.0,0.002,3.0513918629550267,3.083333333330529,3.0513918629550267,Match,True,False,0.001862868361508344,injected
279282998,3.0,0.005,2.9749478079331886,2.9999999999972715,2.9749478079331886,Match,True,False,0.004950372512891428,injected
279282998,3.0,0.01,2.9749478079331886,2.9999999999972715,2.9749478079331886,Match,True,False,0.009905583663204648,injected
279282998,3.0,0.02,2.9749478079331886,2.9999999999972715,2.9749478079331886,Match,True,False,0.019438626412619484,injected
279282998,5.0,0.002,4.965156794425079,4.9999999999954525,4.965156794425079,Match,True,False,0.001959702495030801,injected
279282998,5.0,0.005,4.965156794425079,4.9999999999954525,4.965156794425079,Match,True,False,0.005041835756250664,injected
279282998,5.0,0.01,4.965156794425079,4.9999999999954525,4.965156794425079,Match,True,False,0.01008729591721337,injected
279282998,5.0,0.02,4.965156794425079,4.916666666662195,4.965156794425079,Match,True,False,0.019533624256621602,injected
279282998,7.0,0.002,7.019704433497528,7.083333333326891,7.019704433497528,Match,True,False,0.0020614048207373164,injected
279282998,7.0,0.005,7.019704433497528,6.749999999993861,7.019704433497528,Match,True,False,0.0052425512152958495,injected
279282998,7.0,0.01,7.019704433497528,6.8333333333271185,7.019704433497528,Match,True,False,0.010282886717681959,injected
279282998,7.0,0.02,7.019704433497528,6.8333333333271185,7.019704433497528,Match,True,False,0.01989508377168748,injected
279282998,10.0,0.002,9.965034965034956,0.5833333333328028,9.965034965034956,Match,True,False,0.0021228962225164926,injected
279282998,10.0,0.005,9.965034965034956,10.249999999990678,9.965034965034956,Match,True,False,0.005072056637324853,injected
279282998,10.0,0.01,9.965034965034956,9.999999999990905,9.965034965034956,Match,True,False,0.009748625355639915,injected
279282998,10.0,0.02,9.965034965034956,9.83333333332439,9.965034965034956,Match,True,False,0.01983098051965478,injected
279282998,12.0,0.002,11.974789915966381,0.6666666666660603,11.974789915966381,Match,True,False,0.0022354402523669394,injected
279282998,12.0,0.005,11.974789915966381,10.749999999990223,11.974789915966381,Match,True,False,0.004534957357395668,injected
279282998,12.0,0.01,11.974789915966381,10.583333333323708,11.974789915966381,Match,True,False,0.009646340333107658,injected
279282998,12.0,0.02,11.974789915966381,12.083333333322344,11.974789915966381,Match,True,False,0.020041507514448418,injected
279282998,14.0,0.002,13.31775700934579,0.6666666666660603,13.31775700934579,Match,True,False,0.0021570730359447535,injected
279282998,14.0,0.005,13.31775700934579,0.5833333333328028,13.31775700934579,Match,True,False,0.0048606020604706895,injected
279282998,14.0,0.01,13.31775700934579,13.166666666654692,13.31775700934579,Match,True,False,0.00832320379964536,injected
279282998,14.0,0.02,13.31775700934579,13.333333333321207,13.31775700934579,Match,True,False,0.020611349706455142,injected
