TIC_ID,Teff,logg,Tmag,LS_Period,LS_Power,ACF_Period,Final_Period,Flag,Variability,R_score,rotation_reliability
230073581,3923.0,4.60936,6.9707,9.8449,0.000595,10.25,9.8449,Match,0.000579,2,Medium
256419669,3629.0,4.70255,7.59661,9.9533,0.000811,9.5,9.9533,Match,0.000684,2,Medium
409527090,3782.0,4.66767,7.64213,9.9415,0.000349,8.9167,9.9415,Match,0.000303,1,Low
379084450,3452.0,4.76911,7.7547,10.8568,0.000447,0.5833,10.8568,Match,0.00052,1,Low
125736050,3842.0,4.64973,7.90618,8.4809,0.000572,,8.4809,LS_only,0.000684,0,Very_Low
219780306,3753.0,4.68526,8.16639,7.8814,0.000349,14.9167,14.9167,Harmonic_Corrected,0.000398,1,Low
436856183,3430.0,4.85586,8.27767,4.7659,0.000116,,4.7659,LS_only,0.000192,0,Very_Low
427555426,3941.0,4.59949,8.28646,11.9748,0.001111,10.8333,11.9748,Match,0.000943,2,Medium
178078333,3669.0,4.66404,8.36498,5.158,6.6e-05,,5.158,LS_only,0.000151,0,Very_Low
407210683,3709.0,4.72043,8.67229,10.8779,0.000393,10.1667,10.8779,Match,0.000494,2,Medium
251281112,3766.0,4.64996,8.68588,2.8776,0.000332,,2.8776,LS_only,0.000644,0,Very_Low
256316623,3523.0,4.83556,8.71256,13.3125,0.000518,13.0,13.3125,Match,0.00057,2,Medium
374029463,3445.0,4.78819,8.74783,4.3789,0.000484,13.0,4.3789,Match,0.000875,1,Low
385254633,3581.0,4.7739,8.91954,6.9802,0.000329,6.75,6.9802,Match,0.000375,2,Medium
312545623,3894.0,4.73933,9.02372,10.8568,0.000247,1.0833,10.8568,Match,0.000292,1,Low
101222257,3959.0,4.64781,9.06998,9.0659,0.000568,,9.0659,LS_only,0.000669,0,Very_Low
385254626,3549.0,4.78315,9.07414,6.9802,0.000365,6.6667,6.9802,Match,0.000403,2,Medium
20766994,3794.0,4.65337,9.08289,6.2518,0.000198,12.75,12.75,Harmonic_Corrected,0.000263,1,Low
116489282,3710.0,4.67393,9.12441,7.4211,6.3e-05,,7.4211,LS_only,0.000159,0,Very_Low
407574350,3620.0,4.71428,9.14675,9.0789,0.00022,,9.0789,LS_only,0.000371,0,Very_Low
264222219,3804.0,4.72731,9.21523,9.1304,0.000316,,9.1304,LS_only,0.000444,0,Very_Low
436883712,3714.0,4.67696,9.24129,10.8673,7.5e-05,,10.8673,LS_only,0.000158,0,Very_Low
407457205,3626.0,4.75637,9.35335,10.8568,0.000412,0.75,10.8568,Match,0.000481,1,Low
29015116,3930.0,4.62735,9.42726,11.9405,0.000561,0.8333,11.9405,Match,0.000657,1,Low
396677530,3943.0,4.63741,9.42887,3.6713,0.000151,,3.6713,LS_only,0.000347,0,Very_Low
327729815,3543.0,4.66925,9.43758,4.2323,0.004442,8.0833,8.0833,Harmonic_Corrected,0.006504,2,Medium
246975019,3809.0,4.66842,9.4569,10.8779,0.001335,,10.8779,LS_only,0.002782,0,Very_Low
256746748,3999.0,4.58869,9.45912,11.9318,0.002488,12.8333,11.9318,Match,0.002831,3,High
272335628,3682.0,4.64067,9.46004,1.7231,0.005239,1.75,1.7231,Match,0.004078,3,High
424118400,3951.0,4.62876,9.46454,5.158,0.001184,23.1667,5.158,Match,0.002185,1,Low
461408984,3835.0,4.62319,9.4702,10.8673,0.000104,,10.8673,LS_only,0.000162,0,Very_Low
251333140,3494.0,4.74083,9.47348,4.3789,0.001288,,4.3789,LS_only,0.002485,0,Very_Low
397367857,3914.0,4.671,9.50042,11.9577,0.000182,0.9167,11.9577,Match,0.000255,1,Low
316965103,3897.0,4.56713,9.50285,8.494,0.000626,9.9167,8.494,Match,0.00069,1,Low
219822564,3837.0,4.64905,9.50387,11.9231,0.000439,0.6667,11.9231,Match,0.000574,1,Low
117502080,3681.0,4.70496,9.53511,4.3899,0.0001,,4.3899,LS_only,0.000205,0,Very_Low
192464657,3872.0,4.66229,9.55024,6.9934,0.000344,0.8333,6.9934,Match,0.00036,1,Low
54202213,3775.0,4.70238,9.55683,10.8673,0.000691,10.5833,10.8673,Match,0.000774,2,Medium
331725581,3935.0,4.66289,9.5734,9.8815,0.000603,9.6667,9.8815,Match,0.000516,2,Medium
236899387,3979.0,4.57209,9.5804,8.4677,0.00048,,8.4677,LS_only,0.000569,0,Very_Low
118444304,3946.61,4.44812,9.608,5.9497,0.000137,0.75,5.9497,Match,0.000206,1,Low
229552665,3858.0,4.64938,9.62394,11.8876,0.000433,0.8333,11.8876,Match,0.000525,1,Low
343564093,3789.0,4.78041,9.63991,11.9663,0.000223,0.6667,11.9663,Match,0.000288,1,Low
418175966,3491.0,4.73103,9.67731,6.6149,0.000285,,6.6149,LS_only,0.000443,0,Very_Low
229589015,3882.0,4.65663,9.68528,11.8966,0.000121,0.9167,11.8966,Match,0.0002,1,Low
256324377,3652.0,4.66497,9.68774,9.1304,0.000392,0.6667,9.1304,Match,0.000459,1,Low
428666898,3875.0,4.68548,9.68913,8.5329,0.000374,9.1667,8.5329,Match,0.000415,2,Medium
470943473,3622.0,4.75096,9.69448,9.8449,0.000638,,9.8449,LS_only,0.000643,0,Very_Low
28831845,3990.0,4.56352,9.7252,2.6728,0.001375,,2.6728,LS_only,0.002264,0,Very_Low
279606581,3567.0,4.82329,9.72908,5.1818,0.000137,,5.1818,LS_only,0.000355,0,Very_Low
21120590,3700.0,4.69918,9.74719,11.9748,0.000326,10.8333,11.9748,Match,0.000374,2,Medium
247009124,3759.0,4.57087,9.7509,11.9748,0.00125,,11.9748,LS_only,0.00131,0,Very_Low
334802883,3655.0,4.75415,9.77391,9.181,0.000412,,9.181,LS_only,0.000494,0,Very_Low
407055622,3542.0,4.69734,9.77931,10.8779,0.000332,,10.8779,LS_only,0.000349,0,Very_Low
28833320,3623.0,4.78494,9.82642,4.9183,0.000136,,4.9183,LS_only,0.000274,0,Very_Low
331609888,3680.0,4.6959,9.84442,6.2518,0.00243,6.0833,6.2518,Match,0.002618,3,High
405415381,3736.0,4.69521,9.88641,9.9176,0.017929,9.5833,9.9176,Match,0.012841,3,High
235928353,3805.0,4.65071,9.91644,7.9081,0.001946,9.3333,7.9081,Match,0.001846,1,Low
229742951,3590.0,4.64692,9.94056,9.9057,0.00482,11.1667,9.9057,Match,0.004235,2,Medium
357032546,3727.0,4.64458,9.95622,0.5127,0.002325,0.9167,0.5127,Match,0.013315,2,Medium
264615805,3901.0,4.66524,9.96265,4.2216,0.001415,,4.2216,LS_only,0.002991,0,Very_Low
268319776,3657.0,4.7984,9.98978,7.8947,0.00041,7.5833,7.8947,Match,0.000463,2,Medium
458775752,3381.0,4.81304,9.99731,3.3732,0.000843,3.3333,3.3732,Match,0.000819,2,Medium
390171290,3656.0,4.59411,10.0022,11.9663,0.000188,,11.9663,LS_only,0.000394,0,Very_Low
233051394,3864.0,4.68453,10.0085,13.2857,0.001867,13.8333,13.2857,Match,0.001679,2,Medium
272785770,3534.0,4.74657,10.0091,4.001,0.019392,3.9167,4.001,Match,0.014262,3,High
264052522,3445.0,4.63604,10.0162,2.4346,0.007253,2.4167,2.4346,Match,0.006589,3,High
461496554,3947.0,4.57065,10.0241,4.6271,0.000827,8.6667,8.6667,Harmonic_Corrected,0.000967,1,Low
250602194,3346.0,4.84196,10.0316,0.7489,0.006187,1.5,1.5,Harmonic_Corrected,0.006906,2,Medium
293066086,3911.0,4.55331,10.0389,0.5021,0.006215,0.9167,0.9167,Harmonic_Corrected,0.029418,2,Medium
356735146,3680.0,4.75693,10.0407,13.194,0.000272,1.25,13.194,Match,0.000334,1,Low
445638121,3783.0,4.66182,10.0562,4.5484,0.00026,0.5833,4.5484,Match,0.000386,1,Low
458889878,3666.0,4.81344,10.0589,3.8868,0.000366,,3.8868,LS_only,0.000686,0,Very_Low
82238855,3993.0,4.62432,10.0877,3.8764,0.000595,,3.8764,LS_only,0.001211,0,Very_Low
387676042,3616.0,4.73546,10.0946,5.158,0.000256,0.5833,5.158,Match,0.000429,1,Low
407415127,3768.0,4.64972,10.0998,10.8568,0.000119,,10.8568,LS_only,0.000237,0,Very_Low
235928358,3737.0,4.67155,10.1017,9.1304,0.00025,9.0833,9.1304,Match,0.000271,2,Medium
292605805,3718.0,4.64853,10.1148,3.2167,0.001149,,3.2167,LS_only,0.002068,0,Very_Low
385198959,3692.0,4.65866,10.1272,11.9405,0.000274,,11.9405,LS_only,0.000354,0,Very_Low
367337817,3605.0,4.81624,10.1294,9.1685,0.000154,,9.1685,LS_only,0.000305,0,Very_Low
259097905,3699.0,4.71045,10.1328,8.4545,0.000262,,8.4545,LS_only,0.000373,0,Very_Low
359496368,3897.0,4.68726,10.1358,11.9231,0.000226,13.1667,11.9231,Match,0.000339,1,Low
320049266,3977.0,4.57781,10.1497,11.9663,0.000236,0.5833,11.9663,Match,0.000451,1,Low
264992033,3418.0,4.91204,10.1546,4.4008,0.000146,,4.4008,LS_only,0.000294,0,Very_Low
359630395,3576.0,4.74346,10.1602,9.0659,0.000185,0.6667,9.0659,Match,0.000293,1,Low
429066777,3370.0,4.87502,10.1664,3.6911,0.00011,,3.6911,LS_only,0.000225,0,Very_Low
317066460,3896.0,4.69125,10.1665,10.7592,0.000363,1.5,10.7592,Match,0.000355,1,Low
256665574,3782.0,4.72599,10.1698,9.8936,0.000459,9.9167,9.8936,Match,0.000553,2,Medium
429066731,3889.0,4.63384,10.1714,10.8355,0.000654,10.0833,10.8355,Match,0.000696,2,Medium
22750743,3194.0,4.9953,10.197,1.4812,0.00161,13.0,1.4812,Match,0.004976,1,Low
252164466,3885.0,4.65667,10.2016,11.9318,0.000773,10.1667,11.9318,Match,0.000625,1,Low
178041944,3751.0,4.69043,10.2023,6.1869,0.000106,,6.1869,LS_only,0.000247,0,Very_Low
21131100,3597.0,4.67328,10.2154,9.181,0.000142,0.6667,9.181,Match,0.000245,1,Low
370943232,3333.0,4.78661,10.2168,11.9577,0.002129,,11.9577,LS_only,0.001969,0,Very_Low
269663324,3909.0,4.69601,10.2248,9.9057,0.000214,0.5833,9.9057,Match,0.000327,1,Low
354790980,3814.0,4.66709,10.2442,5.64,0.010412,5.5833,5.64,Match,0.008324,3,High
229459070,3533.0,4.78981,10.2589,6.5625,0.000123,,6.5625,LS_only,0.000293,0,Very_Low
229690324,3604.0,4.83852,10.2682,4.5146,0.000142,,4.5146,LS_only,0.000303,0,Very_Low
285466899,3486.0,4.62054,10.2724,4.9183,0.068236,5.0,4.9183,Match,0.066033,3,High
245425195,3619.0,4.68301,10.281,6.5757,0.000399,,6.5757,LS_only,0.000549,0,Very_Low
306564145,3990.0,4.6144,10.2839,6.9669,0.000282,,6.9669,LS_only,0.000373,0,Very_Low
301917436,3897.0,4.41028,10.2992,9.181,0.000454,1.25,9.181,Match,0.000639,1,Low
353736241,3915.0,4.65124,10.3021,8.4146,0.000533,17.3333,17.3333,Harmonic_Corrected,0.000588,1,Low
316551983,3794.0,4.61241,10.305,6.6019,0.017615,6.4167,6.6019,Match,0.013017,3,High
455965980,3959.0,4.64283,10.3075,10.8568,0.000213,,10.8568,LS_only,0.000298,0,Very_Low
81382817,3469.0,4.81915,10.3289,6.4692,0.000395,0.75,6.4692,Match,0.000545,1,Low
331384222,3805.0,4.63835,10.3291,9.9415,0.017893,10.1667,9.9415,Match,0.014316,3,High
240971404,3880.04,4.37519,10.3375,11.9231,0.000271,1.0833,11.9231,Match,0.000318,1,Low
256517649,3357.0,4.85684,10.3392,3.1722,0.000286,,3.1722,LS_only,0.000565,0,Very_Low
233068870,3062.0,5.07312,10.3412,2.9914,0.000516,0.8333,2.9914,Match,0.002135,1,Low
358825699,3809.0,4.6711,10.3594,7.0066,0.000496,13.1667,13.1667,Harmonic_Corrected,0.000673,1,Low
367279806,3331.0,4.86723,10.3625,6.2389,0.000212,,6.2389,LS_only,0.000338,0,Very_Low
230392244,3994.0,4.51099,10.365,1.2927,0.000151,,1.2927,LS_only,0.000272,0,Very_Low
194853118,3896.57,4.5446,10.3716,13.2965,0.011655,,13.2965,LS_only,0.017176,1,Low
453011250,3868.0,4.66373,10.3766,8.494,0.003054,0.5833,8.494,Match,0.003028,2,Medium
298649457,3617.0,4.843,10.3918,0.5127,8.7e-05,,0.5127,LS_only,0.00024,0,Very_Low
403259994,3530.0,4.76656,10.3932,11.9663,0.001144,1.8333,11.9663,Match,0.001213,1,Low
312670636,3970.0,4.64352,10.4023,5.9244,0.000447,10.3333,5.9244,Match,0.000473,1,Low
416193425,3488.0,4.815,10.4202,10.7812,0.000338,1.1667,10.7812,Match,0.000409,1,Low
233196168,3812.0,4.76649,10.4261,1.4198,8.2e-05,,1.4198,LS_only,0.000225,0,Very_Low
77543207,3896.56,4.52201,10.4263,5.3939,0.000149,,5.3939,LS_only,0.00027,0,Very_Low
441717318,3465.0,4.83142,10.4309,5.8345,0.000117,,5.8345,LS_only,0.000336,0,Very_Low
436860235,3986.73,4.4471,10.4389,9.1685,0.000206,,9.1685,LS_only,0.000375,0,Very_Low
237251983,3594.0,4.79304,10.44,9.1432,0.001466,,9.1432,LS_only,0.001917,0,Very_Low
403745593,3829.0,4.69697,10.4469,13.2857,0.000748,0.75,13.2857,Match,0.000774,1,Low
238740013,3982.47,4.49319,10.4476,5.3939,0.001195,5.5833,5.3939,Match,0.001115,2,Medium
445132212,3787.0,4.57603,10.4486,13.3072,0.00034,13.25,13.3072,Match,0.000457,2,Medium
322391844,3272.0,4.9096,10.4626,9.1558,0.000263,,9.1558,LS_only,0.000428,0,Very_Low
230390765,3725.0,4.66514,10.4682,11.8876,0.000448,1.4167,11.8876,Match,0.000502,1,Low
395586003,3566.0,4.70831,10.4759,4.743,0.000236,,4.743,LS_only,0.000444,0,Very_Low
52183206,3044.0,5.01139,10.482,1.0211,0.027482,1.0,1.0211,Match,0.028607,3,High
68098259,3889.0,4.61914,10.4898,3.1145,0.000563,,3.1145,LS_only,0.001318,0,Very_Low
247020159,3896.0,4.67107,10.5022,10.8779,0.00093,9.3333,10.8779,Match,0.000804,1,Low
67765983,3642.0,4.73329,10.5023,4.3899,0.000253,4.4167,4.3899,Match,0.000411,2,Medium
286237897,3619.0,4.69717,10.5105,1.3689,0.006229,1.4167,1.3689,Match,0.005152,3,High
192840791,3796.0,4.6682,10.519,1.0165,0.000532,1.0,1.0165,Match,0.00055,2,Medium
471012506,3558.0,4.91233,10.5274,10.8462,0.001223,1.0833,10.8462,Match,0.001249,1,Low
406857100,3120.0,5.12163,10.5292,0.5224,0.001818,1.5833,0.5224,Match,0.001441,1,Low
288431277,3381.0,4.73011,10.5326,11.8966,0.000299,1.1667,11.8966,Match,0.00047,1,Low
101133930,3374.0,4.66273,10.5451,5.0613,0.011041,,5.0613,LS_only,0.017059,1,Low
416092387,3624.0,4.75313,10.5476,10.8568,0.000193,,10.8568,LS_only,0.000384,0,Very_Low
238345947,3823.0,4.69991,10.5722,8.52,0.000255,,8.52,LS_only,0.000348,0,Very_Low
433699239,3552.0,4.78151,10.5784,10.8779,0.000379,0.5833,10.8779,Match,0.000518,1,Low
219773961,3836.0,4.62048,10.5801,3.6216,0.000114,,3.6216,LS_only,0.000297,0,Very_Low
279850471,3437.0,4.78921,10.5825,4.5146,0.000162,,4.5146,LS_only,0.000294,0,Very_Low
288634843,3301.0,4.92525,10.5931,4.6622,0.000582,,4.6622,LS_only,0.001616,0,Very_Low
240968774,3834.0,4.74552,10.5977,3.7906,0.000576,22.8333,3.7906,Match,0.000897,1,Low
354287508,3734.0,4.70876,10.5996,4.3899,0.000125,,4.3899,LS_only,0.000243,0,Very_Low
359251064,3206.0,4.90926,10.6141,0.5832,0.001538,1.75,0.5832,Match,0.002337,1,Low
116759515,3405.0,4.80659,10.6204,10.8462,0.000257,,10.8462,LS_only,0.000376,0,Very_Low
316323877,3882.0,4.64903,10.6213,4.8592,0.000587,15.0,4.8592,Match,0.000688,1,Low
285179624,3719.0,4.69605,10.6227,11.9492,0.000348,0.6667,11.9492,Match,0.000404,1,Low
54272677,3843.0,4.67394,10.623,13.3072,0.001897,14.75,13.3072,Match,0.002245,1,Low
275639027,3558.0,4.80526,10.6231,9.8694,0.000436,0.6667,9.8694,Match,0.000685,1,Low
219102076,3997.0,4.58755,10.625,4.3125,0.000143,,4.3125,LS_only,0.000302,0,Very_Low
288470970,3336.0,4.83505,10.626,6.2,0.000378,0.6667,6.2,Match,0.000582,1,Low
1551165177,3935.0,4.83,10.627,10.814,0.011085,10.9167,10.814,Match,0.012975,3,High
377253948,3927.0,4.63622,10.6308,9.0659,0.000201,0.6667,9.0659,Match,0.000321,1,Low
245555665,3930.0,4.64521,10.6322,10.8462,0.000704,10.3333,10.8462,Match,0.000747,2,Medium
200795634,3659.0,4.862,10.6371,2.9245,9e-05,,2.9245,LS_only,0.000261,0,Very_Low
10790655,3957.0,4.62088,10.638,6.2389,0.000318,,6.2389,LS_only,0.000529,0,Very_Low
333783222,3956.0,4.62211,10.6386,7.4343,0.000737,13.9167,13.9167,Harmonic_Corrected,0.000824,1,Low
250682301,3962.31,4.4355,10.6417,10.8247,0.000448,0.5833,10.8247,Match,0.000535,1,Low
289265961,3562.0,4.78806,10.6455,7.381,0.001892,14.8333,14.8333,Harmonic_Corrected,0.001874,1,Low
149855763,3365.0,4.84957,10.6456,5.146,0.000157,,5.146,LS_only,0.000339,0,Very_Low
21120434,3421.0,4.75861,10.6497,9.181,0.000167,,9.181,LS_only,0.000288,0,Very_Low
233609595,3722.0,4.71247,10.6505,8.4012,0.000421,,8.4012,LS_only,0.000554,0,Very_Low
126023302,3691.0,4.68754,10.6649,10.8355,0.000139,,10.8355,LS_only,0.000297,0,Very_Low
428548844,3478.0,4.71863,10.6717,10.8673,0.000278,0.6667,10.8673,Match,0.000522,1,Low
101219123,3955.0,4.65447,10.6758,9.8449,0.000718,8.8333,9.8449,Match,0.001119,1,Low
46677021,3912.0,4.65813,10.6817,2.3437,9e-05,,2.3437,LS_only,0.000282,0,Very_Low
298649058,3561.0,4.58988,10.6846,4.0435,0.001494,0.75,4.0435,Match,0.007152,1,Low
229501076,3855.0,4.36288,10.6915,6.5625,0.00552,13.4167,13.4167,Harmonic_Corrected,0.005638,2,Medium
432150725,3834.0,4.7141,10.6915,8.507,0.001074,,8.507,LS_only,0.001737,0,Very_Low
428664176,3669.0,4.68459,10.6957,9.1935,0.00178,9.5,9.1935,Match,0.001535,2,Medium
409526221,3921.35,4.51338,10.6986,9.9296,0.000621,8.75,9.9296,Match,0.000624,1,Low
22946967,3908.88,4.48291,10.7013,4.5596,0.000187,,4.5596,LS_only,0.000302,0,Very_Low
385104344,3854.0,4.62381,10.7018,11.9577,0.000297,0.6667,11.9577,Match,0.000448,1,Low
238343073,3935.0,4.66851,10.7025,9.181,0.000322,,9.181,LS_only,0.000455,0,Very_Low
194557565,3728.0,4.72466,10.7025,11.8966,0.000316,1.1667,11.8966,Match,0.000366,1,Low
272042467,3889.0,4.72171,10.7096,4.4118,0.000587,23.0833,4.4118,Match,0.001377,1,Low
251179500,3676.0,4.73136,10.7158,4.6505,0.000258,0.5833,4.6505,Match,0.000432,1,Low
240900061,3893.0,4.70808,10.716,11.9405,0.000382,0.6667,11.9405,Match,0.00048,1,Low
63349323,3868.0,4.64151,10.7167,7.4343,0.000559,0.6667,7.4343,Match,0.000613,1,Low
285177505,3801.0,4.61864,10.7179,3.3732,0.000126,,3.3732,LS_only,0.000304,0,Very_Low
387405132,3730.0,4.7874,10.7268,15.0,0.00017,0.5833,15.0,Match,0.000347,1,Low
285126716,3504.0,4.76934,10.7355,10.8673,0.000648,0.8333,10.8673,Match,0.000699,1,Low
291885076,3443.0,4.73705,10.7392,11.9577,0.000283,,11.9577,LS_only,0.000474,0,Very_Low
272136866,3886.0,4.66323,10.7439,8.52,0.000838,9.3333,8.52,Match,0.000823,2,Medium
53974577,3821.0,4.65728,10.7441,2.3184,0.002773,2.25,2.3184,Match,0.002241,3,High
233503533,3793.0,4.69738,10.7457,6.1475,0.000543,11.5833,11.5833,Harmonic_Corrected,0.00057,1,Low
385240446,3921.0,4.622,10.7484,10.8462,0.00072,0.5833,10.8462,Match,0.000723,1,Low
461512871,3802.0,4.61704,10.7624,0.5679,0.002598,0.5833,0.5679,Match,0.002533,3,High
424283890,3458.0,4.8321,10.7632,10.7702,0.000214,0.75,10.7702,Match,0.000386,1,Low
403588788,3559.0,4.61088,10.7659,9.181,0.000273,,9.181,LS_only,0.00052,0,Very_Low
229771234,4000.0,4.42899,10.7665,0.8201,0.019694,0.8333,0.8201,Match,0.046537,3,High
427738226,3895.0,4.69979,10.7668,7.3944,0.000476,1.0,7.3944,Match,0.000569,1,Low
178043153,3315.0,4.61095,10.767,5.3448,0.000202,,5.3448,LS_only,0.000341,0,Very_Low
444136855,3335.0,4.90278,10.7693,10.8462,0.000116,0.5833,10.8462,Match,0.000308,1,Low
285181325,3490.0,4.79223,10.785,11.9405,0.000689,1.3333,11.9405,Match,0.000779,1,Low
137158759,3755.0,4.65158,10.7851,9.8936,0.000351,,9.8936,LS_only,0.00055,0,Very_Low
5634949,3799.0,4.6756,10.7857,4.5708,0.000152,,4.5708,LS_only,0.000331,0,Very_Low
279196486,3392.0,4.73785,10.789,0.7401,0.000241,,0.7401,LS_only,0.000641,0,Very_Low
116850131,3804.0,4.72987,10.7912,5.3939,0.007618,,5.3939,LS_only,0.010521,1,Low
470086864,3877.0,4.6252,10.7966,8.3878,0.000445,0.75,8.3878,Match,0.000558,1,Low
49656844,3967.0,4.62577,10.8002,10.8247,0.000767,1.3333,10.8247,Match,0.000703,1,Low
298599660,3847.0,4.8672,10.8052,3.4158,0.000156,,3.4158,LS_only,0.000313,0,Very_Low
387811195,3758.0,4.81368,10.8056,10.8568,0.000146,,10.8568,LS_only,0.000324,0,Very_Low
129821115,3910.0,4.70214,10.807,9.9296,0.000348,1.25,9.9296,Match,0.000455,1,Low
50759246,3818.0,4.61536,10.8071,10.8031,0.000525,,10.8031,LS_only,0.000551,0,Very_Low
160603519,3819.0,4.28145,10.8135,0.5847,0.00116,1.1667,1.1667,Harmonic_Corrected,0.017847,1,Low
288344202,3629.0,4.7392,10.816,1.3031,0.004096,1.3333,1.3031,Match,0.003252,3,High
219739842,3964.0,4.63554,10.8225,11.8696,0.000156,,11.8696,LS_only,0.000282,0,Very_Low
327395613,3576.0,4.77019,10.8238,11.9405,0.000495,11.9167,11.9405,Match,0.000508,2,Medium
199550243,3613.0,4.73367,10.8308,11.8605,0.00079,1.4167,11.8605,Match,0.000794,1,Low
331720554,3618.0,4.72113,10.8349,11.9577,0.000503,1.25,11.9577,Match,0.000558,1,Low
359313701,3308.0,4.79862,10.8353,0.9008,0.003051,0.9167,0.9008,Match,0.003256,3,High
275055649,3889.0,4.58511,10.8357,11.9492,0.000309,,11.9492,LS_only,0.000555,0,Very_Low
177990792,3412.0,4.74387,10.8357,1.281,0.013418,1.25,1.281,Match,0.010528,3,High
358824896,3696.0,4.70711,10.8359,8.52,0.000878,0.8333,8.52,Match,0.001006,1,Low
63715839,3867.0,4.64513,10.8362,1.2174,0.000889,1.25,1.2174,Match,0.013191,2,Medium
428077890,3796.0,4.70453,10.8386,4.5146,0.000499,4.5833,4.5146,Match,0.00063,2,Medium
354013128,3688.0,4.57437,10.8391,5.6275,0.000167,,5.6275,LS_only,0.000345,0,Very_Low
139558587,3741.0,4.73999,10.8546,5.9371,0.000307,0.75,5.9371,Match,0.000487,1,Low
288318472,3924.0,4.60438,10.8585,10.8031,0.000825,11.5833,10.8031,Match,0.000787,2,Medium
1718018400,3541.0,4.98951,10.8671,8.4545,0.00038,,8.4545,LS_only,0.000553,0,Very_Low
21282990,3940.0,4.6529,10.8693,9.8694,0.000285,,9.8694,LS_only,0.000449,0,Very_Low
405461329,3294.0,4.98083,10.8718,3.1811,0.003052,,3.1811,LS_only,0.004447,1,Low
245503256,3401.0,4.81166,10.8755,4.7315,0.000393,0.5833,4.7315,Match,0.000662,1,Low
21129142,3972.02,4.43738,10.8775,11.9492,0.000863,14.0833,11.9492,Match,0.000932,1,Low
441761546,3777.0,4.66652,10.8805,11.8605,0.000683,11.5,11.8605,Match,0.000662,2,Medium
399926009,3691.0,4.63786,10.8816,2.5258,0.000789,,2.5258,LS_only,0.001698,0,Very_Low
256197147,3710.0,4.81688,10.8854,6.2518,0.000288,0.6667,6.2518,Match,0.000526,1,Low
229480400,3384.0,4.87535,10.8869,11.8966,0.000458,0.6667,11.8966,Match,0.000581,1,Low
459985740,3421.0,4.83205,10.8871,1.8969,0.000122,,1.8969,LS_only,0.000286,0,Very_Low
332259669,3499.0,4.69361,10.8886,2.0033,0.01934,2.0,2.0033,Match,0.014759,3,High
245626010,3641.0,4.68797,10.8892,4.9065,0.000388,,4.9065,LS_only,0.00061,0,Very_Low
279868193,3802.0,4.67125,10.8893,6.6149,0.000237,,6.6149,LS_only,0.00038,0,Very_Low
418205761,3942.0,4.65488,10.8945,6.5888,0.000518,0.5833,6.5888,Match,0.000806,1,Low
65646537,3737.0,4.7943,10.8955,2.2307,0.000357,,2.2307,LS_only,0.000726,0,Very_Low
378981776,3334.0,4.87882,10.9006,11.9577,0.00064,,11.9577,LS_only,0.00081,0,Very_Low
642033800,3679.0,4.76657,10.902,10.8462,0.00058,,10.8462,LS_only,0.000904,0,Very_Low
233513676,3637.0,4.62391,10.903,6.9,0.000129,,6.9,LS_only,0.000281,0,Very_Low
90695178,3780.0,4.65117,10.9063,10.7143,0.000491,11.3333,10.7143,Match,0.000504,2,Medium
416098108,3315.0,4.84767,10.9073,13.2857,0.000298,1.0833,13.2857,Match,0.00041,1,Low
407162954,3694.0,4.65958,10.9163,11.9748,0.00737,11.5833,11.9748,Match,0.00672,3,High
305794603,3491.0,4.90993,10.9229,9.1685,0.000299,,9.1685,LS_only,0.00057,0,Very_Low
240926234,3925.0,4.6223,10.9237,10.8247,0.000414,0.6667,10.8247,Match,0.000505,1,Low
362216120,3645.0,4.58636,10.9295,11.8966,0.000277,1.5833,11.8966,Match,0.000448,1,Low
422430327,3898.0,4.71088,10.94,10.8568,0.000238,1.25,10.8568,Match,0.000358,1,Low
275369977,3439.0,4.78555,10.9451,6.2389,0.000375,0.6667,6.2389,Match,0.000538,1,Low
288514307,3906.0,4.68859,10.9471,8.4012,0.000104,,8.4012,LS_only,0.000235,0,Very_Low
26432942,3514.0,4.78189,10.9513,6.213,0.00018,,6.213,LS_only,0.000458,0,Very_Low
198479347,3902.0,4.63913,10.9515,9.8571,0.00023,,9.8571,LS_only,0.000359,0,Very_Low
269596978,3426.0,4.85587,10.9585,8.4545,0.000299,0.6667,8.4545,Match,0.000535,1,Low
379086926,3657.0,4.67451,10.9591,7.4343,0.004774,15.4167,15.4167,Harmonic_Corrected,0.00517,2,Medium
289536553,3331.0,4.90347,10.9613,1.6886,0.000138,,1.6886,LS_only,0.000309,0,Very_Low
116014094,3546.0,4.99203,10.9621,4.7085,0.000357,13.6667,4.7085,Match,0.000609,1,Low
272230783,3348.0,4.95696,10.9674,0.675,0.000306,0.6667,0.675,Match,0.000677,2,Medium
372207328,3358.0,4.93,10.97,9.1304,0.000387,,9.1304,LS_only,0.000569,0,Very_Low
202983506,3731.0,4.72064,10.97,9.9296,0.000959,0.75,9.9296,Match,0.000913,1,Low
397515306,3780.0,4.77119,10.9709,7.3675,0.000178,0.5833,7.3675,Match,0.000372,1,Low
63717991,3282.0,4.78832,10.9795,5.9244,0.007506,5.75,5.9244,Match,0.00583,3,High
232618367,3496.0,4.78734,10.9801,2.3846,0.000216,,2.3846,LS_only,0.00051,0,Very_Low
249861555,3502.0,4.84342,10.982,10.8247,0.000223,0.9167,10.8247,Match,0.000398,1,Low
90768237,3113.0,4.99539,10.9831,0.852,0.001644,0.8333,0.852,Match,0.002488,2,Medium
82337696,3408.0,4.75058,10.9849,4.6505,0.000309,0.6667,4.6505,Match,0.000489,1,Low
306183402,3629.0,4.75036,10.9869,10.8462,0.000817,,10.8462,LS_only,0.00081,0,Very_Low
233738219,3292.0,4.93863,10.9874,1.3118,0.003877,1.3333,1.3118,Match,0.003323,3,High
219751364,3383.0,4.82451,10.9919,10.7592,0.001443,11.0833,10.7592,Match,0.001481,2,Medium
349976424,3820.0,4.66187,10.9924,5.8989,0.000366,0.5833,5.8989,Match,0.000552,1,Low
22749484,3607.0,4.74351,10.9948,6.9934,0.008879,6.6667,6.9934,Match,0.007479,3,High
407206131,3658.0,4.71125,11.0011,6.6149,0.000345,0.5833,6.6149,Match,0.000557,1,Low
427549981,3928.0,4.67433,11.0061,5.9371,0.00033,0.6667,5.9371,Match,0.000497,1,Low
420539022,3937.0,4.61622,11.0071,6.5757,0.000535,0.8333,6.5757,Match,0.000717,1,Low
243315463,3389.0,4.88315,11.0086,6.1607,0.000198,,6.1607,LS_only,0.000445,0,Very_Low
455959634,3641.0,4.6935,11.0099,2.5237,0.017518,2.5,2.5237,Match,0.013369,3,High
201186294,3455.0,4.76798,11.0136,9.8694,0.000377,,9.8694,LS_only,0.000615,0,Very_Low
198184504,3963.0,4.58716,11.0189,5.5518,0.000438,10.5,10.5,Harmonic_Corrected,0.000504,1,Low
259261203,3539.0,4.75291,11.0211,9.9415,0.00019,,9.9415,LS_only,0.000439,0,Very_Low
416401346,3992.0,4.55633,11.0219,13.2692,0.000148,,13.2692,LS_only,0.000342,0,Very_Low
352426580,3808.0,4.64418,11.0225,13.3072,0.0007,0.75,13.3072,Match,0.000999,1,Low
264194538,3620.0,4.81049,11.0238,7.8814,0.000204,,7.8814,LS_only,0.000391,0,Very_Low
381593601,3963.0,4.64395,11.025,10.8568,0.000579,9.25,10.8568,Match,0.000721,1,Low
392569404,3764.0,4.68024,11.0254,10.814,0.000737,,10.814,LS_only,0.001541,0,Very_Low
52187513,3809.0,4.69183,11.0262,6.6149,0.001617,12.8333,12.8333,Harmonic_Corrected,0.002022,1,Low
280032397,3523.0,4.74053,11.0271,11.9231,0.000904,0.6667,11.9231,Match,0.001168,1,Low
422756130,3575.0,4.72334,11.0294,15.0,0.000693,13.5833,15.0,Match,0.000747,2,Medium
470210911,3829.0,4.66334,11.0338,10.7256,0.001041,9.0,10.7256,Match,0.001093,1,Low
233608848,3399.0,4.77825,11.0345,7.8409,0.000467,,7.8409,LS_only,0.000649,0,Very_Low
468667858,3601.0,4.74785,11.0346,6.2,0.010786,6.0833,6.2,Match,0.008792,3,High
429065424,3740.0,4.64973,11.0349,7.4211,0.000339,0.75,7.4211,Match,0.000559,1,Low
201244425,3544.0,4.7619,11.0399,7.381,0.001691,6.9167,7.381,Match,0.001656,2,Medium
642604571,3954.0,4.78141,11.0423,4.7085,0.001202,9.5833,9.5833,Harmonic_Corrected,0.001372,1,Low
379167988,3850.0,4.73605,11.0497,6.2518,0.000498,,6.2518,LS_only,0.000847,0,Very_Low
396562848,3414.0,4.97292,11.0548,0.8031,0.000356,,0.8031,LS_only,0.000592,0,Very_Low
285427634,3480.0,4.85492,11.0563,4.3679,0.000145,,4.3679,LS_only,0.000371,0,Very_Low
397795649,3328.0,4.9444,11.0569,4.5596,0.000362,0.5833,4.5596,Match,0.000641,1,Low
441721594,3282.0,4.99557,11.0657,8.8914,0.000191,,8.8914,LS_only,0.000342,0,Very_Low
237103229,3931.0,4.59665,11.067,7.2302,0.000803,14.5,14.5,Harmonic_Corrected,0.000949,1,Low
335158508,3640.0,4.68161,11.0676,11.9663,0.000223,,11.9663,LS_only,0.000574,0,Very_Low
269913629,3383.0,4.83085,11.069,2.7511,0.000162,,2.7511,LS_only,0.000353,0,Very_Low
418204289,3749.0,4.69719,11.0744,11.9318,0.00037,0.5833,11.9318,Match,0.00042,1,Low
269666588,3398.0,4.78718,11.077,5.615,0.000123,,5.615,LS_only,0.000311,0,Very_Low
406895522,3868.0,4.64228,11.078,4.9652,0.000989,14.9167,4.9652,Match,0.001123,1,Low
235678745,3746.0,4.76979,11.0788,11.8966,0.000165,,11.8966,LS_only,0.000373,0,Very_Low
237000731,3664.0,4.64309,11.08,0.906,0.001089,0.9167,0.906,Match,0.001001,2,Medium
327729981,3776.0,4.68267,11.0806,10.8568,0.000692,1.0,10.8568,Match,0.000803,1,Low
201244104,3849.0,4.6907,11.0828,8.4677,0.001012,0.9167,8.4677,Match,0.001207,1,Low
332049827,3856.0,4.63958,11.0847,5.158,0.001215,4.8333,5.158,Match,0.001162,2,Medium
235990713,3901.0,4.62729,11.0865,9.1176,0.000206,,9.1176,LS_only,0.000326,0,Very_Low
54469098,3333.0,4.91084,11.089,4.5596,0.000415,,4.5596,LS_only,0.000813,0,Very_Low
198236520,3610.0,4.83504,11.0895,11.8876,0.000171,,11.8876,LS_only,0.000307,0,Very_Low
435742419,3968.0,4.62914,11.0948,9.0133,0.000386,,9.0133,LS_only,0.000593,0,Very_Low
11437325,3996.0,4.74017,11.0954,0.5736,0.032751,0.5833,0.5736,Match,0.038382,3,High
467573333,3887.0,4.69917,11.0966,5.8989,0.000214,,5.8989,LS_only,0.000375,0,Very_Low
67390812,3626.0,4.74804,11.0999,2.3184,0.000181,,2.3184,LS_only,0.000435,0,Very_Low
471012715,3761.0,4.73978,11.1019,3.27,0.000439,,3.27,LS_only,0.000915,0,Very_Low
367915930,3692.0,4.80345,11.1056,4.5596,0.011499,4.5,4.5596,Match,0.014562,3,High
402980664,3160.0,4.89898,11.1066,0.7705,0.01034,0.75,0.7705,Match,0.011595,3,High
321688498,3863.0,4.67991,11.1079,10.8568,0.00069,0.75,10.8568,Match,0.00098,1,Low
116622230,3603.0,4.68328,11.1088,10.814,0.000387,0.5833,10.814,Match,0.000518,1,Low
129686606,3942.52,4.51174,11.1135,4.743,0.000243,,4.743,LS_only,0.000425,0,Very_Low
302013566,3991.0,4.64342,11.1152,9.1432,0.001942,0.6667,9.1432,Match,0.001819,1,Low
431892765,3640.0,4.75663,11.12,2.1827,0.000608,8.9167,2.1827,Match,0.000998,1,Low
247020601,3323.0,4.80416,11.12,0.5456,0.00311,1.0833,1.0833,Harmonic_Corrected,0.005592,2,Medium
34942805,3783.0,4.64109,11.1215,10.8247,0.000802,0.5833,10.8247,Match,0.000762,1,Low
201360726,3947.0,4.58697,11.1224,3.8972,0.000954,,3.8972,LS_only,0.00146,0,Very_Low
275479714,3375.0,4.67989,11.1272,6.5493,0.004414,6.3333,6.5493,Match,0.003636,3,High
441728165,3825.0,4.66183,11.1287,9.6402,0.000232,0.5833,9.6402,Match,0.000371,1,Low
229609853,3415.0,4.85705,11.1302,2.2628,0.000153,,2.2628,LS_only,0.00031,0,Very_Low
55001022,3728.0,4.70076,11.1311,10.8673,0.000613,1.0,10.8673,Match,0.00074,1,Low
445461447,3442.0,4.83893,11.1345,4.5596,0.000319,,4.5596,LS_only,0.000559,0,Very_Low
408728318,3455.0,4.77628,11.137,4.6154,0.000294,,4.6154,LS_only,0.000505,0,Very_Low
184651537,3963.0,4.62323,11.142,5.3694,0.000274,0.5833,5.3694,Match,0.000446,1,Low
312471461,3746.0,4.65129,11.1465,3.4824,0.002027,,3.4824,LS_only,0.004464,0,Very_Low
390733970,3508.0,4.81687,11.1489,4.6388,0.00308,4.6667,4.6388,Match,0.002705,3,High
200735435,3939.0,4.61176,11.1493,7.7725,0.000169,,7.7725,LS_only,0.000371,0,Very_Low
327293596,3432.0,4.91575,11.15,4.3679,0.000394,,4.3679,LS_only,0.000663,0,Very_Low
202903044,3884.0,4.69332,11.1501,9.181,0.000425,,9.181,LS_only,0.000657,0,Very_Low
219112414,3505.0,4.67756,11.1531,6.4961,0.000761,0.75,6.4961,Match,0.00108,1,Low
265388317,3958.0,4.6315,11.1539,6.9403,0.002938,13.5833,13.5833,Harmonic_Corrected,0.002904,2,Medium
436876388,3677.0,4.6743,11.1541,5.6525,0.00013,,5.6525,LS_only,0.000363,0,Very_Low
26537612,3827.0,4.64891,11.1574,6.5493,0.000476,,6.5493,LS_only,0.000649,0,Very_Low
396431593,3570.0,4.84296,11.1601,9.1432,0.000881,9.4167,9.1432,Match,0.001027,2,Medium
46682352,3378.0,4.79491,11.164,10.814,0.000225,,10.814,LS_only,0.000478,0,Very_Low
385259962,3602.0,4.56899,11.1641,13.2581,0.00029,,13.2581,LS_only,0.000489,0,Very_Low
288638522,3956.0,4.64306,11.1694,4.6622,0.000287,8.9167,8.9167,Harmonic_Corrected,0.000634,1,Low
292980741,3594.0,4.68568,11.1722,6.9934,0.000449,,6.9934,LS_only,0.000924,0,Very_Low
264227388,3610.0,4.75642,11.1753,9.1176,0.000586,9.0833,9.1176,Match,0.000795,2,Medium
139406894,3780.0,4.74826,11.1794,4.743,0.000197,,4.743,LS_only,0.000393,0,Very_Low
139405621,3358.0,4.92342,11.1825,4.7315,0.000187,,4.7315,LS_only,0.000349,0,Very_Low
77265987,3706.0,4.6808,11.1835,10.8568,0.000273,,10.8568,LS_only,0.000517,0,Very_Low
433497055,3769.0,4.70033,11.1856,1.9152,0.000138,,1.9152,LS_only,0.000529,0,Very_Low
235950123,3617.0,4.69892,11.1886,11.9231,0.000484,0.8333,11.9231,Match,0.000728,1,Low
384597322,3725.0,4.66795,11.1896,3.2243,0.006033,3.25,3.2243,Match,0.004945,3,High
29106953,3958.0,4.68175,11.1909,6.9669,0.000496,,6.9669,LS_only,0.000704,0,Very_Low
259148287,3846.0,4.61621,11.1912,4.3679,0.000356,,4.3679,LS_only,0.000596,0,Very_Low
275139025,3810.0,4.61815,11.1927,6.2389,0.000256,,6.2389,LS_only,0.0004,0,Very_Low
470715994,3815.0,4.70578,11.1927,9.1935,0.000701,0.9167,9.1935,Match,0.00081,1,Low
424383790,3289.0,4.83016,11.1946,11.8786,0.000137,,11.8786,LS_only,0.000314,0,Very_Low
77457435,3840.0,4.61802,11.1962,10.8568,0.000896,,10.8568,LS_only,0.001838,0,Very_Low
20766993,3643.0,4.66489,11.1963,4.3899,0.000362,,4.3899,LS_only,0.000678,0,Very_Low
233513447,3933.04,4.47792,11.1978,7.8544,0.000967,8.9167,7.8544,Match,0.000929,1,Low
377030976,3357.0,4.84178,11.2006,10.8462,0.000447,,10.8462,LS_only,0.000567,0,Very_Low
379089343,3431.0,4.85937,11.2009,13.3072,0.00033,0.75,13.3072,Match,0.000505,1,Low
82690713,3996.0,4.65528,11.2017,6.5493,0.000335,,6.5493,LS_only,0.00066,0,Very_Low
422425371,3429.0,4.78488,11.204,2.2307,0.000154,,2.2307,LS_only,0.000421,0,Very_Low
285180551,3739.0,4.79018,11.2056,13.2965,0.000263,,13.2965,LS_only,0.000475,0,Very_Low
402777927,3903.0,4.63913,11.2071,6.5888,0.000538,13.25,13.25,Harmonic_Corrected,0.00079,1,Low
198211976,3621.0,4.7197,11.2076,11.8513,0.000528,0.6667,11.8513,Match,0.000624,1,Low
387269441,3995.0,4.62187,11.2081,2.1628,0.000491,,2.1628,LS_only,0.001016,0,Very_Low
230119661,3554.0,4.76452,11.2159,8.25,0.00023,0.6667,8.25,Match,0.00037,1,Low
251511361,3524.0,4.84938,11.2162,3.4714,0.000234,0.6667,3.4714,Match,0.000537,1,Low
94476279,3890.3,4.36831,11.2174,4.0646,0.001279,,4.0646,LS_only,0.002113,0,Very_Low
250709853,3307.0,4.89181,11.2246,6.9669,0.000494,1.0833,6.9669,Match,0.000575,1,Low
63509175,3854.0,4.68517,11.2289,6.2518,0.000218,,6.2518,LS_only,0.000418,0,Very_Low
470869094,3834.0,4.65909,11.2293,9.181,0.000395,1.25,9.181,Match,0.000516,1,Low
470679277,3236.0,4.81874,11.2294,0.9407,0.011705,0.9167,0.9407,Match,0.009083,3,High
85525365,3706.0,4.73042,11.2305,10.8355,0.000142,,10.8355,LS_only,0.000338,0,Very_Low
285181196,3445.0,4.68965,11.2321,0.6148,0.010262,,0.6148,LS_only,0.024923,1,Low
77224930,3542.0,4.74691,11.235,4.2323,0.000154,,4.2323,LS_only,0.000369,0,Very_Low
332502511,3888.0,4.65655,11.2351,9.1048,0.000238,,9.1048,LS_only,0.000427,0,Very_Low
357101915,3972.76,4.43101,11.2387,8.428,0.0005,,8.428,LS_only,0.000785,0,Very_Low
436880490,3213.0,4.89404,11.2414,0.8942,0.003673,0.8333,0.8942,Match,0.003252,3,High
362226269,3935.0,4.63296,11.242,5.2953,0.000548,,5.2953,LS_only,0.000632,0,Very_Low
139407142,3851.0,4.65032,11.2428,9.9415,0.000274,,9.9415,LS_only,0.000403,0,Very_Low
240797831,3836.0,4.60153,11.244,6.9802,0.005836,13.0833,13.0833,Harmonic_Corrected,0.008491,2,Medium
308606212,3854.0,4.70713,11.2464,10.8568,0.000595,0.75,10.8568,Match,0.000708,1,Low
441808423,3874.0,4.65402,11.2488,7.7725,0.001248,15.25,15.25,Harmonic_Corrected,0.001042,1,Low
275697127,3923.0,4.63748,11.2532,5.1099,0.000624,9.25,9.25,Harmonic_Corrected,0.000852,1,Low
116500294,3564.0,4.77155,11.2536,9.9057,0.000438,,9.9057,LS_only,0.000645,0,Very_Low
368591191,3669.0,4.7211,11.2541,4.4118,0.000294,0.75,4.4118,Match,0.000644,1,Low
230089758,3957.0,4.57554,11.2549,11.7857,0.000634,8.5,11.7857,Match,0.000701,1,Low
20998906,3387.0,4.80985,11.2563,3.4918,0.000738,,3.4918,LS_only,0.001317,0,Very_Low
229791353,3865.0,4.6427,11.2575,10.7702,0.000168,0.75,10.7702,Match,0.000319,1,Low
398325455,3405.0,4.81122,11.2576,15.0,0.000493,13.25,15.0,Match,0.00071,1,Low
420110967,3914.0,4.63659,11.2594,11.8966,0.001678,0.6667,11.8966,Match,0.001774,1,Low
387238881,3440.0,4.81045,11.2599,15.0,0.000435,1.1667,15.0,Match,0.000669,1,Low
240818683,3392.0,4.88775,11.2619,15.0,0.000137,1.25,15.0,Match,0.00056,1,Low
177797419,3911.0,4.59853,11.2632,7.3944,0.000219,,7.3944,LS_only,0.000393,0,Very_Low
236001633,3897.0,4.73805,11.2636,10.814,0.000305,,10.814,LS_only,0.0005,0,Very_Low
233682504,3576.0,4.80018,11.2658,11.8786,0.000223,,11.8786,LS_only,0.000427,0,Very_Low
230115586,3899.0,4.63421,11.2671,5.1434,0.001079,15.3333,5.1434,Match,0.001102,1,Low
350132120,3771.0,4.6916,11.2695,4.7315,0.001545,9.1667,9.1667,Harmonic_Corrected,0.001521,1,Low
101127274,3789.0,4.67252,11.2714,6.8182,0.000443,,6.8182,LS_only,0.000603,0,Very_Low
275188401,3542.0,4.82566,11.2729,7.3404,0.000172,,7.3404,LS_only,0.000378,0,Very_Low
435676531,3332.0,4.74597,11.2738,13.2295,0.000251,,13.2295,LS_only,0.000455,0,Very_Low
379197519,3261.0,4.86432,11.2762,15.0,0.002343,1.0833,15.0,Match,0.002866,2,Medium
376115350,3671.0,4.71938,11.2766,3.6812,0.000293,,3.6812,LS_only,0.00059,0,Very_Low
387330194,3730.0,4.66367,11.2784,2.3184,0.000364,0.5833,2.3184,Match,0.00117,1,Low
251469806,3737.0,4.6384,11.2789,4.8592,0.008955,4.75,4.8592,Match,0.008841,3,High
317778225,3594.0,4.81511,11.2792,6.2518,0.000482,0.8333,6.2518,Match,0.000688,1,Low
83138981,3317.0,4.87701,11.2824,7.0197,0.000568,,7.0197,LS_only,0.000766,0,Very_Low
385046883,3602.0,4.75536,11.2826,10.8247,0.000322,,10.8247,LS_only,0.000521,0,Very_Low
387832530,3937.0,4.60053,11.283,11.9663,0.00113,12.0833,11.9663,Match,0.001197,2,Medium
288524496,3697.0,4.72777,11.2833,5.5645,0.002835,,5.5645,LS_only,0.004186,1,Low
407461165,3770.0,4.68719,11.2858,4.5596,0.002839,4.4167,4.5596,Match,0.002495,3,High
77354786,3924.85,4.56795,11.2859,8.507,0.000424,8.9167,8.507,Match,0.000547,2,Medium
370073256,3741.0,4.74627,11.2893,3.9488,0.000199,,3.9488,LS_only,0.000456,0,Very_Low
247017698,3778.0,4.67057,11.2921,7.0066,0.000685,13.6667,13.6667,Harmonic_Corrected,0.000877,1,Low
219806194,3965.0,4.34537,11.2931,7.3268,0.000217,,7.3268,LS_only,0.000373,0,Very_Low
67389574,3506.0,4.73298,11.2941,11.9492,0.00102,0.5833,11.9492,Match,0.001397,1,Low
29018344,3640.0,4.66322,11.2962,9.1432,0.000367,,9.1432,LS_only,0.0005,0,Very_Low
237281689,3720.0,4.7153,11.2962,10.8247,0.000621,1.1667,10.8247,Match,0.000685,1,Low
415976826,3501.0,4.72224,11.3013,9.181,0.000304,,9.181,LS_only,0.000744,0,Very_Low
198459133,3953.0,4.60773,11.3022,3.2335,0.000137,,3.2335,LS_only,0.000363,0,Very_Low
94448299,3801.0,4.63807,11.303,3.2609,0.000274,,3.2609,LS_only,0.000841,0,Very_Low
264456462,3606.0,4.79886,11.303,8.4677,0.000454,,8.4677,LS_only,0.000711,0,Very_Low
116058678,3846.0,4.60949,11.3035,6.5493,0.000608,0.5833,6.5493,Match,0.000667,1,Low
232677093,3430.0,4.9084,11.3036,9.1048,0.000335,,9.1048,LS_only,0.000651,0,Very_Low
407518613,3736.0,4.67867,11.3043,7.7168,0.000185,,7.7168,LS_only,0.000446,0,Very_Low
229737720,3685.0,4.69161,11.3046,7.3404,0.000313,,7.3404,LS_only,0.00048,0,Very_Low
288314668,3153.0,5.07117,11.3057,4.9876,0.000288,,4.9876,LS_only,0.000617,0,Very_Low
34688231,3537.0,4.7678,11.3092,10.8568,0.001737,1.0,10.8568,Match,0.001848,1,Low
229617501,3939.0,4.64877,11.3116,1.1941,0.000101,,1.1941,LS_only,0.000298,0,Very_Low
388566007,3482.0,4.91523,11.3118,9.1176,0.000648,,9.1176,LS_only,0.001015,0,Very_Low
82098827,3821.0,4.62912,11.3173,9.8694,0.000822,,9.8694,LS_only,0.001074,0,Very_Low
375909109,3443.0,4.81481,11.3175,1.7904,0.009537,1.75,1.7904,Match,0.007809,3,High
408705295,3587.0,4.80804,11.3176,7.8137,0.00031,,7.8137,LS_only,0.000802,0,Very_Low
312147574,3821.0,4.66863,11.3196,13.3072,0.001618,11.5,13.3072,Match,0.001461,1,Low
366562857,3760.0,4.75367,11.3308,4.3568,0.0002,4.25,4.3568,Match,0.000355,2,Medium
230076546,3446.0,4.85366,11.3315,8.25,0.000424,,8.25,LS_only,0.000679,0,Very_Low
286312516,3807.0,4.64577,11.3337,10.8568,0.001193,1.5833,10.8568,Match,0.001035,1,Low
641007224,3480.0,4.77308,11.3357,2.6728,0.006066,,2.6728,LS_only,0.010079,1,Low
368926872,3970.0,4.66754,11.3368,10.8568,0.001025,1.1667,10.8568,Match,0.000969,1,Low
20806008,3741.0,4.66997,11.3368,5.3939,0.000479,10.5833,10.5833,Harmonic_Corrected,0.000574,1,Low
410438159,3787.0,4.71432,11.3372,6.9536,0.000481,0.6667,6.9536,Match,0.000647,1,Low
5721576,3527.0,4.75376,11.3381,1.6879,0.001361,,1.6879,LS_only,0.006109,0,Very_Low
302084337,3723.0,4.68597,11.3402,11.9577,0.000305,0.5833,11.9577,Match,0.000557,1,Low
468749301,3965.0,4.59298,11.3421,5.8475,0.000181,,5.8475,LS_only,0.000352,0,Very_Low
312347147,3526.0,4.82749,11.3422,11.9577,0.000455,,11.9577,LS_only,0.00064,0,Very_Low
353245444,3914.0,4.62649,11.3428,15.0,0.001487,,15.0,LS_only,0.002041,0,Very_Low
408197026,3770.0,4.64284,11.3448,4.3014,0.0004,,4.3014,LS_only,0.000749,0,Very_Low
28763622,3422.0,4.78678,11.3459,9.9176,0.000372,0.6667,9.9176,Match,0.0005,1,Low
219877118,3416.0,4.75649,11.3466,10.7256,0.00035,,10.7256,LS_only,0.000484,0,Very_Low
237097184,3515.0,4.78725,11.3474,11.8513,0.00045,,11.8513,LS_only,0.000603,0,Very_Low
63789968,3345.0,4.94358,11.3478,4.3679,0.000647,,4.3679,LS_only,0.001294,0,Very_Low
192492176,3618.0,4.79542,11.3494,11.9492,0.000287,,11.9492,LS_only,0.000603,0,Very_Low
129908451,3280.0,4.85626,11.3502,11.9577,0.001659,1.5833,11.9577,Match,0.001408,1,Low
35022729,3532.0,4.81932,11.3512,9.9176,0.000301,0.6667,9.9176,Match,0.000436,1,Low
376849183,3763.0,4.59497,11.3521,9.8449,0.004287,9.9167,9.8449,Match,0.003811,3,High
308121792,3437.0,4.81582,11.3542,10.8462,0.001296,1.1667,10.8462,Match,0.001335,1,Low
372058251,3355.0,4.81339,11.3558,9.1558,0.000342,0.6667,9.1558,Match,0.000546,1,Low
63777591,3264.0,4.77126,11.358,1.2698,0.006195,1.25,1.2698,Match,0.005727,3,High
67464277,3267.0,4.85746,11.3605,9.1432,0.001166,7.75,9.1432,Match,0.001365,1,Low
219884888,3364.0,4.99503,11.362,8.2919,0.000697,0.5833,8.2919,Match,0.000936,1,Low
376644752,3785.0,4.75473,11.3624,7.4343,0.000552,0.75,7.4343,Match,0.000924,1,Low
63789424,3627.0,4.69089,11.3679,5.64,0.000172,,5.64,LS_only,0.000381,0,Very_Low
129821387,3676.0,4.81854,11.3689,6.5888,0.000177,,6.5888,LS_only,0.000426,0,Very_Low
198412165,3887.0,4.62046,11.3701,5.0613,0.000217,,5.0613,LS_only,0.000475,0,Very_Low
373514566,3852.0,4.63543,11.3729,6.9934,0.000334,,6.9934,LS_only,0.000542,0,Very_Low
194783207,3666.0,4.62104,11.3741,10.7702,0.000977,,10.7702,LS_only,0.000901,0,Very_Low
289589923,3115.0,5.02361,11.3752,7.7725,0.000264,,7.7725,LS_only,0.000404,0,Very_Low
367351128,3662.0,4.6593,11.3761,11.9405,0.0003,,11.9405,LS_only,0.000471,0,Very_Low
385554157,3864.0,4.6677,11.3789,6.226,0.000744,12.8333,12.8333,Harmonic_Corrected,0.001011,1,Low
230015959,3852.0,4.68981,11.3799,6.4961,0.000576,6.5833,6.4961,Match,0.000658,2,Medium
252146853,3700.0,4.73518,11.3801,2.2737,0.000256,,2.2737,LS_only,0.000767,0,Very_Low
286314572,3752.0,4.66963,11.3812,13.2965,0.000438,,13.2965,LS_only,0.00064,0,Very_Low
264933316,3713.0,4.6849,11.3812,4.9418,0.00067,9.4167,9.4167,Harmonic_Corrected,0.000863,1,Low
21099548,3830.0,4.74452,11.3816,7.0066,0.000316,,7.0066,LS_only,0.000617,0,Very_Low
101217579,3400.0,4.83173,11.3841,2.8907,0.000303,,2.8907,LS_only,0.000632,0,Very_Low
117112731,3848.0,4.56774,11.3843,9.1558,0.000309,,9.1558,LS_only,0.000641,0,Very_Low
199522744,3532.0,4.70445,11.3846,9.8201,0.000375,9.25,9.8201,Match,0.000665,2,Medium
94540975,3481.0,4.78101,11.3858,9.9057,0.000556,8.5833,9.9057,Match,0.000779,1,Low
252122105,3687.0,4.69063,11.3894,13.3125,0.000471,0.5833,13.3125,Match,0.000581,1,Low
444830499,3311.0,4.92705,11.3909,3.598,0.00714,3.5,3.598,Match,0.005763,3,High
372198783,3776.0,4.70691,11.391,9.9296,0.000311,,9.9296,LS_only,0.000555,0,Very_Low
285348727,3462.0,4.76503,11.3913,9.9176,0.000246,,9.9176,LS_only,0.000409,0,Very_Low
373617273,3577.0,4.84416,11.3919,2.1109,0.000278,,2.1109,LS_only,0.000547,0,Very_Low
219778840,3975.0,4.60573,11.3967,11.8876,0.001184,0.5833,11.8876,Match,0.001315,1,Low
232630507,3667.0,4.72382,11.4003,9.1176,0.000486,1.0833,9.1176,Match,0.000575,1,Low
178044686,3936.0,4.64479,11.4009,11.9231,0.000257,,11.9231,LS_only,0.000469,0,Very_Low
359552479,3586.0,4.69142,11.4014,11.8876,0.000351,,11.8876,LS_only,0.000567,0,Very_Low
306951634,3961.0,4.67898,11.403,7.4343,0.000546,0.5833,7.4343,Match,0.001014,1,Low
160619243,3537.0,4.65963,11.4038,1.3094,0.009827,1.3333,1.3094,Match,0.007514,3,High
34688228,3521.0,4.78181,11.4045,9.9415,0.001203,0.5833,9.9415,Match,0.001298,1,Low
322378533,3600.0,4.7426,11.4058,0.5198,0.0001,,0.5198,LS_only,0.000347,0,Very_Low
288508510,3757.0,4.70641,11.407,13.2637,0.000324,1.0833,13.2637,Match,0.000437,1,Low
377027830,3392.0,4.76703,11.407,11.9492,0.000152,,11.9492,LS_only,0.000375,0,Very_Low
233088905,3856.0,4.65869,11.4078,15.0,0.000379,1.1667,15.0,Match,0.000536,1,Low
116403980,3967.0,4.63287,11.4084,6.9403,0.000244,,6.9403,LS_only,0.000471,0,Very_Low
368591185,3622.0,4.73613,11.4099,4.1066,0.000518,,4.1066,LS_only,0.001014,0,Very_Low
435680892,3889.0,4.67921,11.4109,9.0133,0.000408,0.75,9.0133,Match,0.000563,1,Low
288523761,3965.0,4.69189,11.412,5.2953,0.000138,,5.2953,LS_only,0.000327,0,Very_Low
441761793,3543.0,4.5966,11.4132,11.8696,0.000256,,11.8696,LS_only,0.000435,0,Very_Low
219896231,3570.0,4.74097,11.4168,11.8696,0.000267,,11.8696,LS_only,0.000522,0,Very_Low
85596846,3586.0,4.75812,11.418,1.0567,0.000191,,1.0567,LS_only,0.000497,0,Very_Low
246943507,3261.0,4.93708,11.4203,0.9708,0.009749,1.0,0.9708,Match,0.007075,3,High
240796431,3621.0,4.84237,11.4222,11.9577,0.000221,,11.9577,LS_only,0.000534,0,Very_Low
320525520,3500.0,4.78986,11.423,11.8966,0.001558,12.75,11.8966,Match,0.002204,2,Medium
373150314,3674.0,4.68476,11.424,7.4343,0.000271,,7.4343,LS_only,0.000459,0,Very_Low
410468784,3996.0,4.60372,11.4258,7.8947,0.000602,0.5833,7.8947,Match,0.000751,1,Low
104310418,3946.0,4.60259,11.4262,11.9405,0.000311,,11.9405,LS_only,0.000593,0,Very_Low
1201246763,3993.0,4.75222,11.4272,11.8786,0.001034,,11.8786,LS_only,0.001778,0,Very_Low
219881478,3881.0,4.67563,11.4284,13.206,0.000414,0.8333,13.206,Match,0.00056,1,Low
83806907,3617.0,4.66539,11.429,4.582,0.000715,,4.582,LS_only,0.00139,0,Very_Low
387764403,3892.0,4.58707,11.4294,10.8673,0.000172,,10.8673,LS_only,0.000433,0,Very_Low
235685587,3966.0,4.6126,11.4331,11.8966,0.000376,0.9167,11.8966,Match,0.000593,1,Low
390892655,3976.0,4.7176,11.4339,4.0223,0.000166,,4.0223,LS_only,0.000532,0,Very_Low
470714882,3703.0,4.70522,11.4357,2.2873,0.000384,,2.2873,LS_only,0.000824,0,Very_Low
288526515,3711.0,4.71342,11.4391,11.9405,0.006521,,11.9405,LS_only,0.010004,1,Low
367160479,3921.0,4.65779,11.4396,8.4413,0.000438,,8.4413,LS_only,0.000579,0,Very_Low
199714004,3879.0,4.6176,11.4415,5.5518,0.002964,5.5833,5.5518,Match,0.004245,3,High
287086972,3837.0,4.67606,11.4426,5.7296,0.000541,0.75,5.7296,Match,0.000728,1,Low
417262687,3389.0,4.8008,11.4426,3.5787,0.000561,6.9167,6.9167,Harmonic_Corrected,0.001321,1,Low
250741506,3910.0,4.65764,11.4473,7.4211,0.001115,15.25,15.25,Harmonic_Corrected,0.001175,1,Low
312150094,3285.0,4.94576,11.4479,4.3789,0.000605,13.0833,4.3789,Match,0.001131,1,Low
82391828,3878.46,4.51148,11.4543,11.9492,0.000371,,11.9492,LS_only,0.000606,0,Very_Low
381543741,3314.0,4.90228,11.455,4.743,0.000211,,4.743,LS_only,0.000416,0,Very_Low
428550963,3864.0,4.74097,11.4554,4.5708,0.000258,4.8333,4.5708,Match,0.000413,2,Medium
94541786,3313.0,4.71937,11.4571,5.8989,0.009055,5.8333,5.8989,Match,0.007398,3,High
367453659,3475.0,4.84438,11.4591,9.9296,0.000577,9.0,9.9296,Match,0.000699,2,Medium
373021819,3667.0,4.73481,11.461,4.743,0.000705,0.6667,4.743,Match,0.000975,1,Low
194737829,3193.0,4.96683,11.4616,11.8696,0.0026,,11.8696,LS_only,0.0027,1,Low
82393481,3957.0,4.7181,11.4628,3.3732,0.000398,,3.3732,LS_only,0.000627,0,Very_Low
237097659,3935.0,4.43265,11.4639,3.9581,0.00016,,3.9581,LS_only,0.000375,0,Very_Low
359388110,3621.0,4.80515,11.4664,1.8589,0.00012,,1.8589,LS_only,0.000324,0,Very_Low
389534897,3399.0,4.88921,11.467,4.743,0.018091,0.6667,4.743,Match,0.023574,2,Medium
245707346,3617.0,4.62366,11.4685,9.9057,0.000949,1.0833,9.9057,Match,0.001052,1,Low
441803471,3135.0,5.02619,11.4694,7.2162,0.000253,,7.2162,LS_only,0.000559,0,Very_Low
116988847,3798.0,4.67451,11.4716,9.1558,0.000611,,9.1558,LS_only,0.000965,0,Very_Low
85487896,3488.0,4.81136,11.4734,10.8247,0.000344,,10.8247,LS_only,0.00063,0,Very_Low
284441182,3624.0,4.74607,11.4752,10.8673,0.000785,0.9167,10.8673,Match,0.001003,1,Low
101033580,3668.0,4.70961,11.4765,8.9732,0.000576,0.5833,8.9732,Match,0.000785,1,Low
283839900,3592.0,4.7619,11.4776,10.8673,0.000409,0.5833,10.8673,Match,0.000768,1,Low
101302834,3888.0,4.70023,11.48,1.3099,0.000111,,1.3099,LS_only,0.000357,0,Very_Low
22901827,3695.0,4.67203,11.4805,9.9415,0.001189,9.1667,9.9415,Match,0.001179,2,Medium
302556786,3621.0,4.83695,11.4821,4.3679,0.000436,,4.3679,LS_only,0.000723,0,Very_Low
249920376,3566.0,4.75491,11.4836,6.9403,0.000496,,6.9403,LS_only,0.00137,0,Very_Low
337834654,3799.0,4.66052,11.4848,9.9533,0.000542,,9.9533,LS_only,0.000725,0,Very_Low
433791559,3950.0,4.66523,11.4852,6.9934,0.000706,12.9167,12.9167,Harmonic_Corrected,0.001036,1,Low
396656306,3381.0,4.86476,11.4861,6.9536,0.000977,,6.9536,LS_only,0.002449,0,Very_Low
387877168,3815.0,4.745,11.4865,15.0,0.000246,,15.0,LS_only,0.000439,0,Very_Low
445406215,3829.0,4.74646,11.49,6.6149,0.000286,,6.6149,LS_only,0.000773,0,Very_Low
341839832,3828.0,4.67588,11.4902,7.8409,0.000597,15.1667,15.1667,Harmonic_Corrected,0.000681,1,Low
233726162,3492.0,4.80669,11.4922,0.6227,0.000137,,0.6227,LS_only,0.00039,0,Very_Low
301998091,3530.0,4.70633,11.4932,1.9972,0.078125,1.9167,1.9972,Match,0.077235,3,High
399587569,3654.0,4.74207,11.4958,10.8462,0.000556,,10.8462,LS_only,0.00068,0,Very_Low
237251986,3419.0,4.91334,11.4963,4.3679,0.008323,,4.3679,LS_only,0.015523,1,Low
240816063,3573.0,4.73172,11.4988,5.6525,0.000511,0.75,5.6525,Match,0.000825,1,Low
233532220,3411.0,4.79915,11.4995,0.851,0.005295,0.8333,0.851,Match,0.004153,3,High
85525494,3869.0,4.57261,11.5013,7.8947,0.000189,,7.8947,LS_only,0.000396,0,Very_Low
252138327,3756.0,4.64228,11.5018,9.9176,0.000426,9.5,9.9176,Match,0.000608,2,Medium
305436012,3403.0,4.75941,11.5034,11.9492,0.001224,1.1667,11.9492,Match,0.001292,1,Low
177763744,3613.0,4.8119,11.5035,5.3817,0.001539,,5.3817,LS_only,0.002802,0,Very_Low
374132173,3958.0,4.61681,11.5052,10.8462,0.000447,12.8333,10.8462,Match,0.000757,1,Low
320501933,3987.0,4.64924,11.5057,5.0735,0.000474,0.6667,5.0735,Match,0.000541,1,Low
396607112,3608.0,4.83822,11.5066,11.9231,0.000299,,11.9231,LS_only,0.000553,0,Very_Low
191764998,3784.0,4.64655,11.507,4.3679,0.00067,,4.3679,LS_only,0.000937,0,Very_Low
377036038,3832.0,4.78933,11.5092,5.6525,0.000115,,5.6525,LS_only,0.000399,0,Very_Low
250713086,3584.0,4.82419,11.5123,6.5757,0.000592,13.1667,13.1667,Harmonic_Corrected,0.00081,1,Low
230378620,3933.0,4.67776,11.5141,5.5263,0.000608,22.0,5.5263,Match,0.000956,1,Low
352278039,3879.0,4.62991,11.5143,6.5888,0.000619,,6.5888,LS_only,0.001354,0,Very_Low
247007337,3414.0,4.92619,11.5156,13.3125,0.000379,,13.3125,LS_only,0.00063,0,Very_Low
12745687,3572.0,4.78931,11.5169,1.9972,0.000332,,1.9972,LS_only,0.000824,0,Very_Low
346596804,3730.0,4.75533,11.5182,4.9183,0.000444,,4.9183,LS_only,0.000755,0,Very_Low
470678114,3859.0,4.71028,11.519,6.1869,0.000242,,6.1869,LS_only,0.000447,0,Very_Low
52074231,3774.0,4.67844,11.5229,9.9415,0.000868,1.1667,9.9415,Match,0.000836,1,Low
104143563,3360.0,4.84279,11.5231,10.814,0.000743,,10.814,LS_only,0.001182,0,Very_Low
354701413,3935.0,4.66533,11.5231,11.9318,0.00019,,11.9318,LS_only,0.000442,0,Very_Low
427641798,3444.0,4.76478,11.5233,3.1057,0.000411,,3.1057,LS_only,0.000836,0,Very_Low
284804420,3928.0,4.59881,11.5233,5.6525,0.001149,0.5833,5.6525,Match,0.001304,1,Low
367090589,3793.0,4.68317,11.5257,8.507,0.000971,9.75,8.507,Match,0.001058,1,Low
458793041,3578.0,4.76375,11.5261,9.8449,0.000709,1.5,9.8449,Match,0.000887,1,Low
35085220,3873.49,4.49885,11.5277,0.8685,0.000234,,0.8685,LS_only,0.000916,0,Very_Low
233721982,3458.0,4.79783,11.5288,8.4146,0.000303,,8.4146,LS_only,0.000554,0,Very_Low
408617712,3753.0,4.61815,11.5329,5.1099,0.017616,5.0833,5.1099,Match,0.013173,3,High
235902496,3580.0,4.72219,11.5331,3.336,0.000146,,3.336,LS_only,0.000386,0,Very_Low
259109541,3895.0,4.69165,11.5342,10.8355,0.000623,0.5833,10.8355,Match,0.000795,1,Low
35226277,3879.0,4.69177,11.5348,4.0541,0.000312,,4.0541,LS_only,0.000516,0,Very_Low
12989571,3857.0,4.6773,11.5365,6.5625,0.001115,0.75,6.5625,Match,0.001216,1,Low
198241747,3546.0,4.57863,11.5366,8.3058,0.000263,,8.3058,LS_only,0.000453,0,Very_Low
91436439,3677.0,4.72312,11.5402,6.6279,0.00059,,6.6279,LS_only,0.000749,0,Very_Low
279923328,3983.0,4.6399,11.5413,5.8475,0.000703,1.1667,5.8475,Match,0.000738,1,Low
63585149,3463.0,4.88585,11.5431,9.1685,0.000185,,9.1685,LS_only,0.000481,0,Very_Low
256557335,3791.0,4.69868,11.545,10.7812,0.000467,0.6667,10.7812,Match,0.000565,1,Low
229784568,3550.0,4.73293,11.5464,10.7812,0.000413,0.6667,10.7812,Match,0.000618,1,Low
307478744,3938.0,4.6358,11.5464,7.4343,0.001025,,7.4343,LS_only,0.001403,0,Very_Low
407457207,3269.0,5.00415,11.5469,7.9346,0.004034,,7.9346,LS_only,0.006485,1,Low
235685589,3735.0,4.60227,11.547,10.7812,0.000687,,10.7812,LS_only,0.000925,0,Very_Low
285277970,3306.0,4.76055,11.5481,3.2791,0.011465,3.25,3.2791,Match,0.008628,3,High
354150964,3721.0,4.65472,11.5481,9.9057,0.001454,0.6667,9.9057,Match,0.001427,1,Low
470674993,3534.0,4.723,11.5513,7.8544,0.000237,,7.8544,LS_only,0.000535,0,Very_Low
331791607,3852.0,4.6464,11.5517,4.3014,0.010536,4.25,4.3014,Match,0.00799,3,High
409529230,3215.0,5.03505,11.5524,10.8673,0.000195,,10.8673,LS_only,0.000601,0,Very_Low
341816295,3943.0,4.66841,11.5527,5.5772,0.000256,,5.5772,LS_only,0.000449,0,Very_Low
467609384,3875.66,4.56004,11.554,10.814,0.000275,0.5833,10.814,Match,0.000507,1,Low
259321321,3529.0,4.69687,11.5583,1.2301,0.000192,,1.2301,LS_only,0.000566,0,Very_Low
352513787,3695.0,4.76688,11.561,6.5888,0.001093,13.1667,13.1667,Harmonic_Corrected,0.001641,1,Low
285903673,3197.0,4.98898,11.5616,1.177,0.008315,1.1667,1.177,Match,0.009134,3,High
279601078,3558.0,4.75618,11.5639,10.814,0.001525,10.1667,10.814,Match,0.0014,2,Medium
198479798,3957.0,4.7441,11.564,6.5228,0.000149,,6.5228,LS_only,0.000412,0,Very_Low
351361370,3673.0,4.70537,11.5656,7.9346,0.000799,0.6667,7.9346,Match,0.001114,1,Low
289137420,3670.0,4.71679,11.569,3.0343,0.000146,,3.0343,LS_only,0.000468,0,Very_Low
433563551,3578.0,4.75268,11.5715,7.7586,0.000478,,7.7586,LS_only,0.000707,0,Very_Low
341872447,3901.0,4.66605,11.5747,9.8571,0.000308,,9.8571,LS_only,0.000541,0,Very_Low
250495880,3815.0,4.64808,11.5766,1.5495,0.000519,,1.5495,LS_only,0.000873,0,Very_Low
441800756,3777.0,4.64853,11.5789,11.8235,0.000749,1.0833,11.8235,Match,0.000856,1,Low
68155805,3896.0,4.67046,11.5789,11.9577,0.002075,12.0833,11.9577,Match,0.002238,2,Medium
366124061,3477.0,4.58695,11.5791,4.871,0.002083,4.6667,4.871,Match,0.002141,2,Medium
356785736,3873.0,4.73303,11.5795,7.7725,0.000322,,7.7725,LS_only,0.000567,0,Very_Low
334780804,3611.0,4.61488,11.5822,8.2919,0.000809,,8.2919,LS_only,0.000982,0,Very_Low
230394586,3458.0,4.79562,11.5846,2.5669,0.00028,5.0,5.0,Harmonic_Corrected,0.00046,1,Low
139530200,3852.0,4.7557,11.5858,5.3939,0.000285,,5.3939,LS_only,0.001058,0,Very_Low
230013312,3799.0,4.62703,11.5882,11.8876,0.001093,1.4167,11.8876,Match,0.001445,1,Low
461512872,3643.0,4.74027,11.5896,10.7592,0.005427,0.5833,10.7592,Match,0.00589,2,Medium
468634315,3861.0,4.73299,11.5897,15.0,0.000846,,15.0,LS_only,0.001518,0,Very_Low
65644951,3252.0,4.79484,11.5905,3.3825,0.005325,,3.3825,LS_only,0.011608,1,Low
269913686,3483.0,4.86555,11.5913,6.9802,0.000201,,6.9802,LS_only,0.00052,0,Very_Low
265062818,3867.0,4.65486,11.5924,9.9533,0.000359,,9.9533,LS_only,0.000646,0,Very_Low
317846468,3555.0,4.75787,11.5937,15.0,0.000387,0.5833,15.0,Match,0.000558,1,Low
470206292,3624.0,4.75466,11.5951,3.336,0.000188,,3.336,LS_only,0.000485,0,Very_Low
381589243,3546.0,4.75711,11.5964,10.8568,0.000962,0.6667,10.8568,Match,0.001093,1,Low
104058575,3924.0,4.63758,11.5966,13.3019,0.003859,12.9167,13.3019,Match,0.005537,3,High
458865430,3948.0,4.64443,11.5968,11.9492,0.000456,0.5833,11.9492,Match,0.000882,1,Low
407155253,3933.0,4.61621,11.5972,10.8673,0.000937,0.75,10.8673,Match,0.001067,1,Low
235710076,3979.0,4.60077,11.5976,11.8513,0.000262,,11.8513,LS_only,0.000561,0,Very_Low
387333147,3546.0,4.72281,11.5987,1.3421,0.000148,,1.3421,LS_only,0.000555,0,Very_Low
427769438,3680.0,4.77129,11.5994,7.4476,0.000154,,7.4476,LS_only,0.000442,0,Very_Low
388566010,3449.0,4.94629,11.5996,15.0,0.001167,13.1667,15.0,Match,0.001553,1,Low
219741102,3600.0,4.76278,11.6,11.8876,0.000738,0.8333,11.8876,Match,0.001323,1,Low
366579153,3564.0,4.7249,11.6007,9.1558,0.000513,,9.1558,LS_only,0.000733,0,Very_Low
288299534,3715.0,4.72284,11.6025,6.1343,0.016672,6.0833,6.1343,Match,0.012152,3,High
71926656,3455.0,4.81312,11.6034,6.6019,0.000325,,6.6019,LS_only,0.000637,0,Very_Low
351463321,3838.0,4.67855,11.6039,7.9346,0.000656,,7.9346,LS_only,0.001177,0,Very_Low
233721859,3512.0,4.75274,11.6042,5.3201,0.000174,,5.3201,LS_only,0.000423,0,Very_Low
139377823,3411.0,4.79519,11.6051,3.0343,0.007044,3.0,3.0343,Match,0.006476,3,High
373700639,3592.0,4.7359,11.6053,0.5822,0.0136,0.5833,0.5822,Match,0.01035,3,High
81594701,3814.0,4.65743,11.6053,3.4063,0.000268,,3.4063,LS_only,0.000609,0,Very_Low
420500461,3825.0,4.67118,11.6055,1.239,0.006007,1.25,1.239,Match,0.005727,3,High
403884122,3568.0,4.77739,11.6079,11.9405,0.000555,,11.9405,LS_only,0.000833,0,Very_Low
46617577,3914.0,4.66647,11.6092,9.1304,0.000721,1.1667,9.1304,Match,0.000717,1,Low
311931991,3298.0,5.05412,11.6104,1.9003,0.002179,,1.9003,LS_only,0.009988,0,Very_Low
381729639,3644.0,4.68322,11.6105,4.743,0.000215,,4.743,LS_only,0.000434,0,Very_Low
402746575,3588.0,4.79096,11.6111,5.9371,0.000489,1.5833,5.9371,Match,0.000988,1,Low
346902454,3496.0,4.79934,11.6118,9.9176,0.000909,,9.9176,LS_only,0.001979,0,Very_Low
369826081,3444.0,4.7747,11.6121,6.9934,0.000833,,6.9934,LS_only,0.00131,0,Very_Low
358899721,3243.0,4.84864,11.6128,2.2307,0.01818,2.25,2.2307,Match,0.019012,3,High
288516176,3289.0,4.94344,11.6132,5.2953,0.000194,,5.2953,LS_only,0.000433,0,Very_Low
219869214,3870.0,4.6743,11.6138,2.2799,0.000201,,2.2799,LS_only,0.000422,0,Very_Low
406855037,3864.0,4.57622,11.614,3.8764,0.01457,3.8333,3.8764,Match,0.013823,3,High
229413945,3589.0,4.641,11.6145,6.4961,0.00082,6.4167,6.4961,Match,0.000974,2,Medium
198418762,3701.0,4.65039,11.6146,6.5094,0.000204,,6.5094,LS_only,0.000506,0,Very_Low
219813337,3749.0,4.68553,11.6154,6.4961,0.000305,,6.4961,LS_only,0.000519,0,Very_Low
424388625,3409.0,4.81819,11.6161,11.8966,0.00616,,11.8966,LS_only,0.01075,1,Low
229588573,3929.0,4.6569,11.6201,11.8696,0.000275,,11.8696,LS_only,0.000453,0,Very_Low
357589855,3743.0,4.68207,11.6207,0.708,0.0006,1.4167,1.4167,Harmonic_Corrected,0.000793,1,Low
219865365,3298.0,4.88521,11.6219,2.639,0.000249,,2.639,LS_only,0.000495,0,Very_Low
415963064,3802.0,4.71999,11.6224,4.7315,0.000281,,4.7315,LS_only,0.00076,0,Very_Low
94476278,3926.95,4.53499,11.6241,4.0646,0.001279,,4.0646,LS_only,0.002113,0,Very_Low
251117773,3798.0,4.66471,11.6249,9.0919,0.000236,,9.0919,LS_only,0.000475,0,Very_Low
441717812,3447.0,4.82708,11.6254,2.7188,0.006124,2.75,2.7188,Match,0.005343,3,High
251406613,3773.0,4.5675,11.628,9.8449,0.00088,0.5833,9.8449,Match,0.000941,1,Low
229553083,3525.0,4.79036,11.6286,6.1475,0.000359,,6.1475,LS_only,0.000716,0,Very_Low
385443961,3664.0,4.69818,11.63,13.2353,0.000529,,13.2353,LS_only,0.000693,0,Very_Low
233537455,3980.0,4.33526,11.6303,4.8592,0.004502,4.8333,4.8592,Match,0.004677,3,High
250662415,3598.0,4.68372,11.6314,13.2965,0.000133,,13.2965,LS_only,0.000484,0,Very_Low
21002564,3499.0,4.73991,11.6326,9.0919,0.000929,9.6667,9.0919,Match,0.000986,2,Medium
191704126,3686.0,4.6766,11.6328,11.9405,0.000673,0.5833,11.9405,Match,0.000935,1,Low
353726069,3457.0,4.85448,11.638,6.5625,0.000367,13.8333,13.8333,Harmonic_Corrected,0.000649,1,Low
288858545,3940.0,4.34152,11.6388,2.0981,0.016918,2.0833,2.0981,Match,0.012709,3,High
436872225,3861.0,4.69338,11.6393,6.9934,0.000224,,6.9934,LS_only,0.000509,0,Very_Low
441722120,3803.0,4.64353,11.6401,8.8356,0.001385,17.0833,17.0833,Harmonic_Corrected,0.001281,1,Low
201180599,3467.0,4.74181,11.6401,2.176,0.000312,,2.176,LS_only,0.000929,0,Very_Low
288510911,3767.0,4.78797,11.6451,10.7702,0.000239,,10.7702,LS_only,0.000501,0,Very_Low
321685373,3845.0,4.68705,11.6483,9.9415,0.000356,0.5833,9.9415,Match,0.000659,1,Low
11996814,3975.0,4.62844,11.6484,4.7315,0.000407,0.9167,4.7315,Match,0.001453,1,Low
264006446,3487.0,4.84126,11.6489,8.4545,0.000694,8.1667,8.4545,Match,0.00076,2,Medium
352926056,3864.0,4.67008,11.6495,3.4729,0.000431,0.6667,3.4729,Match,0.001113,1,Low
405414542,3372.0,4.80495,11.6503,0.666,0.003205,1.3333,1.3333,Harmonic_Corrected,0.004306,2,Medium
260031811,3507.0,4.75712,11.6534,7.9213,0.000204,,7.9213,LS_only,0.000506,0,Very_Low
50198047,3595.0,4.72644,11.6557,10.7812,0.000378,,10.7812,LS_only,0.000575,0,Very_Low
165471200,3397.0,4.84039,11.656,4.8472,0.008497,4.8333,4.8472,Match,0.006674,3,High
433352209,3338.0,4.99225,11.658,6.9934,0.000315,7.25,6.9934,Match,0.000596,2,Medium
238720272,3379.0,4.86213,11.6583,2.1109,0.000205,,2.1109,LS_only,0.000551,0,Very_Low
83342983,3793.0,4.79068,11.6586,6.2647,0.00046,0.8333,6.2647,Match,0.000822,1,Low
312546572,3428.0,4.84557,11.659,6.6019,0.001192,13.0,13.0,Harmonic_Corrected,0.001849,1,Low
287151936,3582.0,4.84338,11.6593,1.0286,0.000128,,1.0286,LS_only,0.000365,0,Very_Low
354631404,3256.0,4.76964,11.66,10.8462,0.001159,,10.8462,LS_only,0.001582,0,Very_Low
288946067,3570.0,4.79138,11.6603,13.2911,0.000324,0.5833,13.2911,Match,0.00063,1,Low
308605383,3544.0,4.73546,11.6624,9.1558,0.003795,8.3333,9.1558,Match,0.002987,3,High
441808296,3911.0,4.63499,11.6639,3.4158,0.002745,13.3333,3.4158,Match,0.004671,2,Medium
268405086,3999.0,4.35283,11.6643,0.5339,0.000115,,0.5339,LS_only,0.000423,0,Very_Low
308289283,3472.0,4.81005,11.6662,9.9057,0.002687,1.0833,9.9057,Match,0.002991,2,Medium
353894348,3606.0,4.70928,11.6667,7.3404,0.000272,,7.3404,LS_only,0.000501,0,Very_Low
229945262,3682.0,4.28259,11.6707,0.8675,0.009772,0.8333,0.8675,Match,0.013064,3,High
381593723,3359.0,4.84521,11.6738,9.9415,0.000629,0.5833,9.9415,Match,0.001125,1,Low
428077891,3564.0,4.80244,11.6753,4.5146,0.002707,8.9167,8.9167,Harmonic_Corrected,0.003307,2,Medium
230390629,3888.0,4.65633,11.6753,3.2151,0.000215,,3.2151,LS_only,0.000456,0,Very_Low
430327885,3466.0,4.7371,11.6755,11.9405,0.000386,1.0833,11.9405,Match,0.000591,1,Low
186717795,3602.0,4.67963,11.6756,8.507,0.000658,,8.507,LS_only,0.001128,0,Very_Low
298662343,3927.0,4.28721,11.6788,11.8966,0.000307,,11.8966,LS_only,0.000504,0,Very_Low
283907703,3465.0,4.74883,11.6788,6.9934,0.000607,,6.9934,LS_only,0.000918,0,Very_Low
250505127,3900.0,4.65591,11.6789,11.9577,0.002622,11.9167,11.9577,Match,0.00284,3,High
368309715,3807.0,4.69554,11.6804,4.582,0.000373,,4.582,LS_only,0.000908,0,Very_Low
370595343,3397.0,4.82676,11.6808,2.5163,0.000661,13.0,2.5163,Match,0.000934,1,Low
435590012,3847.0,4.66614,11.6812,4.5484,0.000226,,4.5484,LS_only,0.000486,0,Very_Low
252110114,2969.0,5.13671,11.6833,6.226,0.000534,0.8333,6.226,Match,0.001861,1,Low
367461626,3712.0,4.69049,11.6847,5.122,0.000288,,5.122,LS_only,0.000517,0,Very_Low
329350004,3605.0,4.74283,11.6866,7.8814,0.000533,8.0833,7.8814,Match,0.000689,2,Medium
302623007,3951.0,4.64275,11.6922,6.9669,0.000745,,6.9669,LS_only,0.000936,0,Very_Low
235685961,3733.0,4.68507,11.6937,5.8475,0.000519,,5.8475,LS_only,0.000698,0,Very_Low
376405406,3555.0,4.73697,11.6953,8.494,0.000156,,8.494,LS_only,0.000481,0,Very_Low
137262875,3326.0,4.77574,11.6953,2.4133,0.001713,2.5,2.4133,Match,0.001515,2,Medium
117317833,3988.0,4.62145,11.6954,5.615,0.000203,,5.615,LS_only,0.000555,0,Very_Low
196947763,3489.0,4.76806,11.6994,9.9176,0.000732,0.75,9.9176,Match,0.001192,1,Low
280416535,3258.0,4.82696,11.7001,1.5195,0.038566,1.5,1.5195,Match,0.030181,3,High
445290479,3498.0,4.80157,11.7005,1.6693,0.000287,,1.6693,LS_only,0.000916,0,Very_Low
50770953,3401.0,4.78504,11.705,11.8966,0.000545,,11.8966,LS_only,0.000862,0,Very_Low
198357674,3594.0,4.83942,11.705,2.5107,0.000255,,2.5107,LS_only,0.000596,0,Very_Low
189672828,3601.0,4.81451,11.7061,4.9418,0.000232,,4.9418,LS_only,0.000552,0,Very_Low
299329145,3634.0,4.67286,11.7064,10.8355,0.000808,1.4167,10.8355,Match,0.00092,1,Low
14045247,3867.0,4.60575,11.7084,10.814,0.001136,1.25,10.814,Match,0.001069,1,Low
356700071,3707.0,4.63564,11.7088,11.7761,0.000549,,11.7761,LS_only,0.000701,0,Very_Low
139555011,3628.0,4.76557,11.7098,9.9415,0.000782,9.25,9.9415,Match,0.00103,2,Medium
461538299,3537.0,4.74043,11.71,10.7256,0.001696,0.75,10.7256,Match,0.001814,1,Low
270064798,3535.0,4.78683,11.7101,4.9183,0.000259,,4.9183,LS_only,0.000557,0,Very_Low
259237271,3233.0,4.95517,11.7106,3.0443,0.002582,,3.0443,LS_only,0.003764,1,Low
184733245,3429.0,4.84534,11.7108,10.8462,0.000245,,10.8462,LS_only,0.000597,0,Very_Low
137057529,3633.0,4.73291,11.7117,6.1738,0.001943,13.0833,13.0833,Harmonic_Corrected,0.002271,1,Low
286476624,3944.0,4.62819,11.7119,10.748,0.001424,1.3333,10.748,Match,0.001435,1,Low
316556460,3604.0,4.79111,11.7145,9.9415,0.000591,,9.9415,LS_only,0.001114,0,Very_Low
240996453,3674.0,4.72535,11.7171,10.814,0.001264,,10.814,LS_only,0.001289,0,Very_Low
368457881,3667.0,4.72522,11.7186,11.9577,0.000375,0.75,11.9577,Match,0.000698,1,Low
240794597,3703.0,4.72458,11.7221,10.8673,0.00062,,10.8673,LS_only,0.000883,0,Very_Low
82971213,3908.0,4.59223,11.7227,4.7545,0.000327,,4.7545,LS_only,0.000525,0,Very_Low
332477926,3849.0,4.65688,11.7229,9.8571,0.000459,10.0833,9.8571,Match,0.000609,2,Medium
116550225,3603.0,4.74477,11.7231,6.9802,0.001495,,6.9802,LS_only,0.002289,0,Very_Low
230376668,3588.0,4.74128,11.7254,5.8085,0.000523,0.6667,5.8085,Match,0.000684,1,Low
26619249,3398.0,4.89025,11.7263,4.9065,0.000553,9.0,9.0,Harmonic_Corrected,0.000803,1,Low
405416205,3303.0,4.98089,11.7301,6.9403,0.002346,6.4167,6.9403,Match,0.002277,3,High
202932899,3701.0,4.70416,11.7302,10.8779,0.000537,,10.8779,LS_only,0.001194,0,Very_Low
312977160,3724.0,4.56416,11.732,3.3825,0.003861,,3.3825,LS_only,0.009555,1,Low
230395147,3612.0,4.72369,11.7326,11.8876,0.000841,,11.8876,LS_only,0.000959,0,Very_Low
203036339,3196.0,4.73664,11.7362,0.6277,0.003034,2.5,0.6277,Match,0.003581,2,Medium
291999624,3930.0,4.68043,11.7363,2.2307,0.000555,,2.2307,LS_only,0.001065,0,Very_Low
194672387,3838.0,4.71124,11.7389,4.8233,0.000334,,4.8233,LS_only,0.000611,0,Very_Low
399624026,3980.0,4.57984,11.7416,10.8247,0.000328,0.6667,10.8247,Match,0.000599,1,Low
427320666,3330.0,4.88196,11.7438,13.3072,0.000282,0.8333,13.3072,Match,0.000582,1,Low
288508526,3328.0,4.77817,11.7443,2.0971,0.000123,,2.0971,LS_only,0.000402,0,Very_Low
20802342,3190.0,4.84491,11.7453,3.6911,0.00058,,3.6911,LS_only,0.001373,0,Very_Low
289540372,3334.0,4.91751,11.7458,11.8513,0.000236,,11.8513,LS_only,0.000535,0,Very_Low
198208146,3759.0,4.66326,11.7473,10.7702,0.00105,10.0833,10.7702,Match,0.001207,2,Medium
364116673,3942.0,4.60877,11.7487,0.878,0.000117,,0.878,LS_only,0.000379,0,Very_Low
435594228,3470.0,4.77794,11.7503,9.1432,0.000332,,9.1432,LS_only,0.00052,0,Very_Low
468639939,3713.0,4.68331,11.7503,9.8815,0.001108,1.4167,9.8815,Match,0.00113,1,Low
236772146,3955.0,4.59698,11.7514,9.8449,0.00049,0.6667,9.8449,Match,0.000634,1,Low
321545513,3738.0,4.66485,11.7516,9.9415,0.000539,,9.9415,LS_only,0.000741,0,Very_Low
316134320,3326.0,4.97596,11.7522,0.707,0.000502,,0.707,LS_only,0.001004,0,Very_Low
130087371,3763.0,4.73371,11.7524,1.3378,0.00722,1.3333,1.3378,Match,0.005509,3,High
317066510,3480.0,4.85226,11.7528,1.5943,0.000465,1.5833,1.5943,Match,0.000701,2,Medium
238342560,3387.0,4.85168,11.7533,4.0962,0.000301,,4.0962,LS_only,0.000683,0,Very_Low
198238736,3645.0,4.55332,11.7544,2.1028,0.006606,2.0833,2.1028,Match,0.005028,3,High
117179162,3896.0,4.64038,11.7547,4.2216,0.000557,,4.2216,LS_only,0.001152,0,Very_Low
255865474,3704.0,4.72037,11.7564,11.9577,0.000581,,11.9577,LS_only,0.000699,0,Very_Low
269911947,3970.0,4.59557,11.759,3.2881,0.000297,,3.2881,LS_only,0.000636,0,Very_Low
198213397,3883.0,4.70422,11.7602,11.8786,0.001013,,11.8786,LS_only,0.001382,0,Very_Low
441762018,3489.0,4.76242,11.7611,10.6915,0.000457,1.1667,10.6915,Match,0.000572,1,Low
316127612,3608.0,4.74119,11.7613,6.5361,0.00194,13.0833,13.0833,Harmonic_Corrected,0.002082,1,Low
470123853,3380.0,4.91553,11.7617,9.1176,0.000593,0.5833,9.1176,Match,0.000688,1,Low
377074377,3570.0,4.76346,11.7621,4.5708,0.000298,8.8333,8.8333,Harmonic_Corrected,0.000516,1,Low
194737831,3155.0,4.99932,11.7641,11.8696,0.004257,,11.8696,LS_only,0.004221,1,Low
149925906,3539.0,4.74379,11.7659,9.8449,0.000826,,9.8449,LS_only,0.001774,0,Very_Low
445323047,3750.0,4.72479,11.7664,9.9533,0.001958,10.3333,9.9533,Match,0.001938,2,Medium
236968639,3803.0,4.6416,11.7668,5.6024,0.00028,,5.6024,LS_only,0.000763,0,Very_Low
165554484,3844.0,4.69198,11.7672,13.2692,0.001032,0.6667,13.2692,Match,0.001038,1,Low
101034247,3337.0,4.90639,11.7674,4.763,0.000283,,4.763,LS_only,0.000683,0,Very_Low
461631553,3465.0,4.86533,11.7677,3.9581,0.000231,,3.9581,LS_only,0.0006,0,Very_Low
288347106,3950.0,4.64512,11.769,6.9269,0.000569,13.1667,13.1667,Harmonic_Corrected,0.001261,1,Low
137156234,3781.0,4.708,11.7691,5.3571,0.000244,,5.3571,LS_only,0.000632,0,Very_Low
356108690,3761.0,4.59178,11.7697,10.7702,0.000294,,10.7702,LS_only,0.000605,0,Very_Low
192415411,3282.0,4.90494,11.7708,10.8355,0.000332,0.9167,10.8355,Match,0.002178,1,Low
21100558,3742.0,4.68257,11.7712,8.4545,0.001492,9.1667,8.4545,Match,0.001691,2,Medium
403746970,3928.0,4.61849,11.7715,9.8936,0.00033,,9.8936,LS_only,0.000666,0,Very_Low
349916865,3442.0,4.64848,11.7732,10.8568,0.000302,,10.8568,LS_only,0.000579,0,Very_Low
327262489,3771.0,4.71773,11.7736,6.6019,0.000477,,6.6019,LS_only,0.000955,0,Very_Low
416097928,3465.0,4.77382,11.7737,10.8247,0.00033,0.75,10.8247,Match,0.000647,1,Low
366416581,3833.0,4.69222,11.774,4.72,0.000255,,4.72,LS_only,0.000643,0,Very_Low
286413076,3922.0,4.63543,11.7775,10.7368,0.000595,,10.7368,LS_only,0.000863,0,Very_Low
406535548,3493.0,4.63997,11.7776,0.5516,0.003513,1.0833,1.0833,Harmonic_Corrected,0.003151,2,Medium
233659054,3807.0,4.67818,11.778,7.8137,0.000506,,7.8137,LS_only,0.000728,0,Very_Low
117656342,3879.0,4.72753,11.7797,4.3568,0.000453,,4.3568,LS_only,0.00078,0,Very_Low
461620889,3638.0,4.72649,11.781,1.338,0.009046,1.3333,1.338,Match,0.006813,3,High
198277670,3811.0,4.77102,11.7823,5.8345,0.002815,10.8333,10.8333,Harmonic_Corrected,0.003359,2,Medium
177918156,3574.0,4.82588,11.7827,6.9536,0.000269,,6.9536,LS_only,0.000504,0,Very_Low
441796790,3732.0,4.60788,11.7828,13.2178,0.000358,1.1667,13.2178,Match,0.00053,1,Low
237255586,3596.0,4.7835,11.785,9.9176,0.00025,,9.9176,LS_only,0.000567,0,Very_Low
379529604,3841.0,4.65986,11.7863,3.5787,0.000356,,3.5787,LS_only,0.000767,0,Very_Low
445183950,3460.0,4.91949,11.7868,0.8744,0.000264,,0.8744,LS_only,0.000825,0,Very_Low
21098377,3475.0,4.76959,11.7874,9.9296,0.000638,,9.9296,LS_only,0.000803,0,Very_Low
258680351,3236.0,4.99405,11.7885,9.1935,0.002035,0.5833,9.1935,Match,0.002801,1,Low
316622196,3348.0,4.77921,11.7896,6.5361,0.000693,0.75,6.5361,Match,0.00105,1,Low
90666872,3353.0,4.88828,11.7898,5.1946,0.00064,0.75,5.1946,Match,0.000993,1,Low
129789756,3334.0,4.99245,11.79,11.9577,0.001033,22.8333,22.8333,Harmonic_Corrected,0.002174,1,Low
116055617,3993.0,4.62786,11.7922,4.697,0.000578,4.4167,4.697,Match,0.000741,2,Medium
396487452,3988.0,4.71074,11.7932,6.4826,0.00058,13.1667,13.1667,Harmonic_Corrected,0.000768,1,Low
396390757,3648.0,4.80551,11.7934,7.9346,0.000514,,7.9346,LS_only,0.000843,0,Very_Low
288676274,3447.0,4.77048,11.7937,7.8409,0.000128,,7.8409,LS_only,0.000375,0,Very_Low
399349510,3423.0,4.83027,11.7945,1.4536,0.003506,1.4167,1.4536,Match,0.004016,3,High
436936505,3082.0,4.91683,11.7971,0.5739,0.002869,0.5833,0.5739,Match,0.003061,3,High
456040255,3666.0,4.75393,11.7982,5.158,0.000572,,5.158,LS_only,0.001046,0,Very_Low
219761807,3632.0,4.72337,11.7996,9.0659,0.0005,0.75,9.0659,Match,0.000653,1,Low
232681375,3615.0,4.71841,11.7999,7.8273,0.000752,0.6667,7.8273,Match,0.001067,1,Low
331790041,3950.0,4.62449,11.8013,11.9577,0.001929,13.5,11.9577,Match,0.001809,1,Low
422773549,3888.0,4.57404,11.8021,10.8568,0.000984,0.6667,10.8568,Match,0.000952,1,Low
311932708,3816.0,4.61528,11.8045,10.8673,0.002366,,10.8673,LS_only,0.002474,1,Low
189637395,3461.0,4.74715,11.8062,4.5596,0.000449,,4.5596,LS_only,0.000891,0,Very_Low
453160576,3472.0,4.89997,11.8081,3.4918,0.000699,,3.4918,LS_only,0.00195,0,Very_Low
427391021,3756.0,4.68562,11.8083,1.8465,0.009648,1.8333,1.8465,Match,0.00721,3,High
81753252,3875.0,4.62812,11.8087,4.4805,0.008284,4.3333,4.4805,Match,0.006596,3,High
288600166,3619.0,4.6837,11.8114,2.3083,0.000137,,2.3083,LS_only,0.000394,0,Very_Low
420113351,3868.0,4.60043,11.8129,1.7513,0.04375,1.75,1.7513,Match,0.031716,3,High
94479409,3497.0,4.79442,11.8133,6.5757,0.001094,,6.5757,LS_only,0.001676,0,Very_Low
269328621,3557.0,4.84778,11.8145,10.8779,0.000417,,10.8779,LS_only,0.000694,0,Very_Low
256299213,3861.0,4.64067,11.8148,8.4146,0.000612,,8.4146,LS_only,0.001626,0,Very_Low
229582970,3821.0,4.62792,11.815,9.7826,0.00048,0.75,9.7826,Match,0.000581,1,Low
256750389,3589.0,4.73833,11.8157,6.9135,0.00409,13.0833,13.0833,Harmonic_Corrected,0.004224,2,Medium
237301234,3937.0,4.63266,11.8157,5.122,0.000629,,5.122,LS_only,0.000868,0,Very_Low
198412174,3713.0,4.67427,11.8168,2.8907,0.000255,,2.8907,LS_only,0.000611,0,Very_Low
285036664,3281.0,4.75806,11.8173,11.9663,0.000361,,11.9663,LS_only,0.000903,0,Very_Low
372256860,3499.0,4.80139,11.8177,2.2737,0.000163,,2.2737,LS_only,0.000473,0,Very_Low
359495300,3814.0,4.63144,11.8209,3.2243,0.000147,,3.2243,LS_only,0.000428,0,Very_Low
350733750,3693.0,4.71492,11.821,6.5493,0.000324,,6.5493,LS_only,0.000492,0,Very_Low
370346841,3696.0,4.7443,11.8224,9.1685,0.000828,1.25,9.1685,Match,0.000926,1,Low
354538425,3408.0,4.90797,11.8231,15.0,0.014462,0.9167,15.0,Match,0.018614,2,Medium
219776641,3396.0,4.77112,11.8231,5.5518,0.000241,0.5833,5.5518,Match,0.000552,1,Low
368729123,3602.0,4.72177,11.8245,9.9533,0.000686,,9.9533,LS_only,0.000928,0,Very_Low
90649596,3575.0,4.73936,11.8246,13.2637,0.00048,,13.2637,LS_only,0.000836,0,Very_Low
398107111,3471.0,4.79212,11.8255,11.9492,0.000384,,11.9492,LS_only,0.000827,0,Very_Low
403329301,3944.0,4.59683,11.8265,1.0926,0.000173,,1.0926,LS_only,0.0005,0,Very_Low
353696646,3379.0,4.8754,11.8266,10.8247,0.00098,0.8333,10.8247,Match,0.001222,1,Low
186714498,3570.0,4.77216,11.8283,13.3019,0.004659,13.5,13.3019,Match,0.005447,3,High
279922257,3500.0,4.80448,11.8288,3.4158,0.001067,3.75,3.4158,Match,0.001822,2,Medium
237203755,3989.0,4.65925,11.8294,2.76,0.000233,,2.76,LS_only,0.000505,0,Very_Low
271829526,3825.0,4.64514,11.8295,9.1935,0.000616,10.0833,9.1935,Match,0.000816,2,Medium
390337076,3585.0,4.68974,11.8318,4.9535,0.000571,,4.9535,LS_only,0.001156,0,Very_Low
374123701,3521.0,4.83501,11.8325,6.5888,0.000444,,6.5888,LS_only,0.000962,0,Very_Low
191763400,3564.0,4.79605,11.8327,11.9577,0.000578,,11.9577,LS_only,0.000969,0,Very_Low
51021357,3661.0,4.68515,11.8336,15.0,0.000799,1.3333,15.0,Match,0.001112,1,Low
285129058,3090.0,5.10827,11.8336,6.2647,0.000527,,6.2647,LS_only,0.00105,0,Very_Low
288318684,3660.0,4.75432,11.8339,6.5361,0.00038,,6.5361,LS_only,0.000694,0,Very_Low
445449977,3670.0,4.67522,11.8348,4.5596,0.000299,,4.5596,LS_only,0.000602,0,Very_Low
288432052,3510.0,4.80077,11.8352,2.4866,0.000211,,2.4866,LS_only,0.000605,0,Very_Low
468607863,3800.0,4.71845,11.8356,13.2803,0.000238,,13.2803,LS_only,0.000555,0,Very_Low
366917144,3359.0,4.8547,11.8362,2.7511,0.000187,,2.7511,LS_only,0.000521,0,Very_Low
116058605,3819.0,4.69946,11.8392,13.2857,0.00057,13.25,13.2857,Match,0.001047,2,Medium
321595102,3287.0,4.93812,11.8405,8.507,0.000275,,8.507,LS_only,0.000662,0,Very_Low
201179439,3487.0,4.87811,11.8411,6.2,0.000297,,6.2,LS_only,0.000592,0,Very_Low
229614158,3168.0,4.96352,11.8443,0.8574,0.005275,0.8333,0.8574,Match,0.00396,3,High
406517901,3042.0,5.08656,11.8445,9.1048,0.000753,9.1667,9.1048,Match,0.001089,2,Medium
285574368,3757.0,4.70135,11.8448,11.9577,0.000856,0.75,11.9577,Match,0.000974,1,Low
396656290,3684.0,4.75185,11.8448,6.5493,0.00066,0.8333,6.5493,Match,0.00084,1,Low
237113874,3885.0,4.66519,11.8497,7.8544,0.001559,8.9167,7.8544,Match,0.001601,1,Low
455964468,3571.0,4.81362,11.8497,4.0857,0.001178,,4.0857,LS_only,0.00213,0,Very_Low
233067489,3323.0,4.86173,11.8542,7.8409,0.000295,,7.8409,LS_only,0.000518,0,Very_Low
199713324,3852.0,4.67322,11.8554,5.2953,0.000261,,5.2953,LS_only,0.000584,0,Very_Low
252109307,3930.0,4.62476,11.8557,5.9244,0.001409,1.3333,5.9244,Match,0.008189,1,Low
431988835,3742.0,4.72898,11.8564,5.3817,0.00162,0.75,5.3817,Match,0.002441,1,Low
251761428,3607.0,4.74387,11.8572,10.7702,0.000932,0.8333,10.7702,Match,0.001082,1,Low
367096949,3877.0,4.76014,11.8572,2.0916,0.000137,,2.0916,LS_only,0.00048,0,Very_Low
348526682,3653.0,4.59695,11.8574,0.6682,0.005871,0.75,0.6682,Match,0.006664,2,Medium
459982553,3560.0,4.78572,11.8579,7.2442,0.000323,,7.2442,LS_only,0.000694,0,Very_Low
323145440,3616.0,4.71584,11.8617,5.158,0.000256,,5.158,LS_only,0.000574,0,Very_Low
186615198,3721.0,4.7344,11.8628,11.9492,0.000206,,11.9492,LS_only,0.000515,0,Very_Low
346902450,3459.0,4.82902,11.8637,9.9176,0.001747,1.5,9.9176,Match,0.002074,1,Low
196948839,3528.0,4.79222,11.8657,6.9802,0.003765,14.3333,14.3333,Harmonic_Corrected,0.003911,2,Medium
101168642,3390.0,4.87547,11.8668,6.8865,0.000766,,6.8865,LS_only,0.001086,0,Very_Low
165529663,3831.0,4.70953,11.8671,8.4146,0.000419,,8.4146,LS_only,0.000746,0,Very_Low
420130591,2907.0,5.16515,11.8694,2.6336,0.00027,,2.6336,LS_only,0.000727,0,Very_Low
426150683,3753.0,4.77946,11.8706,9.965,0.000378,0.5833,9.965,Match,0.000659,1,Low
329083521,3073.0,4.86874,11.8713,9.9415,0.006309,9.6667,9.9415,Match,0.007495,3,High
54796253,3378.0,4.91069,11.8713,6.9934,0.001144,,6.9934,LS_only,0.001661,0,Very_Low
264175097,3645.0,4.723,11.872,11.8966,0.000343,,11.8966,LS_only,0.00054,0,Very_Low
275695806,3370.0,4.7942,11.8759,1.4048,0.021345,1.4167,1.4048,Match,0.016039,3,High
85435483,3258.0,4.85424,11.8766,7.4077,0.000265,,7.4077,LS_only,0.000636,0,Very_Low
229588135,3438.0,4.8343,11.8767,10.6915,0.000464,13.25,10.6915,Match,0.000703,1,Low
184685175,3858.0,4.73527,11.8774,5.64,0.000342,,5.64,LS_only,0.000563,0,Very_Low
178043185,3248.0,4.92912,11.8778,6.2,0.000409,,6.2,LS_only,0.000692,0,Very_Low
387950679,3678.0,4.75666,11.8781,9.9415,0.000224,,9.9415,LS_only,0.000474,0,Very_Low
194665339,3681.0,4.71027,11.8815,11.8605,0.00067,0.9167,11.8605,Match,0.000892,1,Low
445143380,3783.0,4.67366,11.8817,13.3072,0.000869,,13.3072,LS_only,0.001428,0,Very_Low
362219539,3386.0,4.87352,11.8819,9.1176,0.001555,9.1667,9.1176,Match,0.001619,2,Medium
237199341,3324.0,4.97704,11.8826,3.4539,0.000225,,3.4539,LS_only,0.000594,0,Very_Low
379604750,3483.0,4.76079,11.8832,6.226,0.000352,,6.226,LS_only,0.00073,0,Very_Low
431778101,3414.0,4.83026,11.884,0.9972,0.003882,2.0,2.0,Harmonic_Corrected,0.005388,2,Medium
198537783,3175.0,4.84143,11.8862,2.5203,0.003997,10.0,2.5203,Match,0.01116,2,Medium
83614388,3860.0,4.58994,11.8875,1.1501,0.000487,23.0,1.1501,Match,0.001434,1,Low
445414162,3700.0,4.71549,11.8882,15.0,0.003399,0.75,15.0,Match,0.003291,2,Medium
376977108,3890.0,4.6226,11.8886,9.8449,0.000641,0.75,9.8449,Match,0.00085,1,Low
271764130,3435.0,4.79105,11.8888,2.2873,0.000731,23.0,2.2873,Match,0.001757,1,Low
251144111,3420.0,4.76191,11.8917,11.8966,0.000642,0.6667,11.8966,Match,0.000979,1,Low
241080241,3789.0,4.715,11.8924,6.9802,0.000352,,6.9802,LS_only,0.000603,0,Very_Low
385556503,3455.0,4.74531,11.8932,4.5371,0.00049,0.5833,4.5371,Match,0.0008,1,Low
286478778,3426.0,4.84052,11.8943,11.8786,0.00195,1.4167,11.8786,Match,0.00184,1,Low
427975465,3583.0,4.80579,11.8957,6.2647,0.000192,,6.2647,LS_only,0.000531,0,Very_Low
399358732,3393.0,4.81219,11.8957,6.2647,0.000652,,6.2647,LS_only,0.001013,0,Very_Low
219850734,3997.0,4.3158,11.8962,6.6923,0.000867,0.75,6.6923,Match,0.000908,1,Low
376867447,3617.0,4.60051,11.8967,9.8449,0.001132,10.3333,9.8449,Match,0.001088,2,Medium
452883984,3699.0,4.6572,11.8971,5.4061,0.001304,,5.4061,LS_only,0.001797,0,Very_Low
269821456,3519.0,4.73458,11.8975,2.1237,0.001169,13.0,2.1237,Match,0.00212,1,Low
229498730,3817.0,4.65704,11.8982,6.1738,0.00095,13.0833,13.0833,Harmonic_Corrected,0.001308,1,Low
338432224,3459.0,4.85436,11.8983,1.4151,0.000385,,1.4151,LS_only,0.000849,0,Very_Low
357098257,3785.0,4.63515,11.8989,3.4254,0.000348,,3.4254,LS_only,0.00062,0,Very_Low
470149057,3986.0,4.77942,11.9008,10.814,0.000381,0.5833,10.814,Match,0.000466,1,Low
368611906,3688.0,4.79956,11.901,4.5596,0.000493,,4.5596,LS_only,0.000836,0,Very_Low
238798278,3638.0,4.74617,11.903,2.4133,0.000176,,2.4133,LS_only,0.000537,0,Very_Low
233574265,3336.0,4.72574,11.904,11.8696,0.001002,1.4167,11.8696,Match,0.001817,1,Low
236877420,3489.0,4.83465,11.9045,13.2857,0.000357,,13.2857,LS_only,0.000622,0,Very_Low
233747343,3997.0,4.64759,11.9049,15.0,0.00054,0.9167,15.0,Match,0.000725,1,Low
233010968,3621.0,4.73331,11.9056,9.7445,0.001551,,9.7445,LS_only,0.001509,0,Very_Low
301738457,3329.0,4.8588,11.9058,3.3732,0.01904,3.3333,3.3732,Match,0.015129,3,High
387444984,3427.0,4.76973,11.9066,11.9577,0.000323,,11.9577,LS_only,0.000648,0,Very_Low
403749235,3717.0,4.67282,11.9068,6.9403,0.000703,,6.9403,LS_only,0.001106,0,Very_Low
354707360,3938.0,4.66235,11.9094,1.8067,0.000308,,1.8067,LS_only,0.000828,0,Very_Low
241032942,3602.0,4.85189,11.91,9.9176,0.002609,,9.9176,LS_only,0.003087,1,Low
198158395,4000.0,4.54834,11.9103,4.4691,0.000374,,4.4691,LS_only,0.000704,0,Very_Low
275484488,3584.0,4.71082,11.9104,6.5228,0.00442,6.3333,6.5228,Match,0.003674,3,High
280407757,3843.0,4.65626,11.9112,9.8936,0.017635,9.6667,9.8936,Match,0.013716,3,High
312977014,3744.0,4.71744,11.9114,10.8568,0.000279,,10.8568,LS_only,0.000637,0,Very_Low
427975822,3684.0,4.72795,11.9125,4.7545,0.000299,,4.7545,LS_only,0.000568,0,Very_Low
229943561,3412.0,4.9411,11.9155,4.3014,0.000168,,4.3014,LS_only,0.00048,0,Very_Low
219812327,3444.0,4.81813,11.916,8.4146,0.000618,8.5833,8.4146,Match,0.000856,2,Medium
301472116,3725.0,4.69091,11.9168,4.5484,0.000946,,4.5484,LS_only,0.001526,0,Very_Low
229441786,3764.0,4.59457,11.917,9.0789,0.00032,,9.0789,LS_only,0.00056,0,Very_Low
34622064,3456.0,4.85989,11.9178,11.9577,0.00045,,11.9577,LS_only,0.000907,0,Very_Low
34942282,3433.0,4.7368,11.9197,2.861,0.004581,2.8333,2.861,Match,0.004192,3,High
34854348,3145.0,4.94065,11.9198,4.243,0.011177,4.1667,4.243,Match,0.00934,3,High
85486219,3553.0,4.73778,11.9201,2.3508,0.01053,2.3333,2.3508,Match,0.008117,3,High
420683567,3351.0,4.9308,11.922,5.4878,0.000291,,5.4878,LS_only,0.000658,0,Very_Low
378761120,3772.0,4.77351,11.9226,0.9011,0.000148,,0.9011,LS_only,0.00046,0,Very_Low
219807052,3146.0,4.88041,11.9234,3.4063,0.000327,,3.4063,LS_only,0.000693,0,Very_Low
201297670,3662.0,4.71826,11.9236,6.9269,0.000587,,6.9269,LS_only,0.001052,0,Very_Low
10161397,3762.0,4.68492,11.9243,5.146,0.000521,0.5833,5.146,Match,0.000999,1,Low
398308212,3405.0,4.86824,11.9244,7.8679,0.000369,,7.8679,LS_only,0.000685,0,Very_Low
368511663,3508.0,4.91678,11.9246,4.2537,0.000344,,4.2537,LS_only,0.000743,0,Very_Low
235944789,3605.0,4.76422,11.9256,2.6493,0.00033,,2.6493,LS_only,0.00065,0,Very_Low
198213399,3815.0,4.72394,11.9266,2.9568,0.000691,,2.9568,LS_only,0.001458,0,Very_Low
427842434,3597.0,4.72476,11.9275,4.7545,0.000463,0.5833,4.7545,Match,0.000649,1,Low
229957585,3703.0,4.70496,11.9276,2.6873,0.000242,,2.6873,LS_only,0.000514,0,Very_Low
452882423,2868.0,5.22156,11.9278,10.8673,0.000584,0.5833,10.8673,Match,0.001204,1,Low
265198739,3760.0,4.62794,11.928,9.8936,0.000316,,9.8936,LS_only,0.000755,0,Very_Low
219739930,3377.0,4.84717,11.9298,2.1983,0.000253,,2.1983,LS_only,0.000625,0,Very_Low
194776967,3941.31,4.55309,11.9303,9.77,0.000753,,9.77,LS_only,0.000857,0,Very_Low
388080623,3585.0,4.69931,11.9319,1.4583,0.000146,,1.4583,LS_only,0.000483,0,Very_Low
219894058,3926.0,4.63925,11.933,9.7573,0.000614,,9.7573,LS_only,0.000694,0,Very_Low
101217486,3401.0,4.75009,11.9339,1.8896,0.006729,1.9167,1.8896,Match,0.00604,3,High
264615782,3447.0,4.90025,11.9349,3.4729,0.003747,,3.4729,LS_only,0.006518,1,Low
35025541,3529.0,4.81428,11.9352,6.226,0.000579,22.6667,6.226,Match,0.001163,1,Low
269322258,3611.0,4.73056,11.9357,9.1935,0.001077,1.0833,9.1935,Match,0.001051,1,Low
237098720,3620.0,4.77248,11.937,11.8513,0.000622,,11.8513,LS_only,0.000743,0,Very_Low
265475020,3759.0,4.79965,11.9374,2.5978,0.000571,,2.5978,LS_only,0.001078,0,Very_Low
219106078,3814.0,4.64434,11.938,1.8005,0.000246,,1.8005,LS_only,0.000628,0,Very_Low
275190266,3227.0,4.95787,11.9383,3.0086,0.002853,3.0,3.0086,Match,0.002327,3,High
237278708,3276.0,4.80811,11.939,7.8947,0.000407,,7.8947,LS_only,0.000666,0,Very_Low
256804821,3428.0,4.89368,11.9393,2.6493,0.000423,,2.6493,LS_only,0.000807,0,Very_Low
229496201,3699.0,4.70436,11.9399,5.0978,0.000195,,5.0978,LS_only,0.000491,0,Very_Low
417767357,3251.0,5.03933,11.9443,7.4343,0.000322,,7.4343,LS_only,0.000725,0,Very_Low
436850863,3524.0,4.7889,11.9457,4.5596,0.000186,,4.5596,LS_only,0.000485,0,Very_Low
279871005,3965.0,4.63495,11.9463,10.8673,0.000768,0.5833,10.8673,Match,0.000824,1,Low
264392298,3880.0,4.66831,11.9465,4.5032,0.000269,,4.5032,LS_only,0.00055,0,Very_Low
334802880,3286.0,4.99562,11.9474,9.181,0.00499,0.6667,9.181,Match,0.005821,2,Medium
288636033,3614.0,4.78732,11.948,9.8936,0.000631,,9.8936,LS_only,0.001141,0,Very_Low
259249436,3729.0,4.67291,11.9488,6.5888,0.000795,,6.5888,LS_only,0.001731,0,Very_Low
420851163,3583.0,4.80288,11.9517,3.3917,0.00072,6.75,6.75,Harmonic_Corrected,0.001189,1,Low
252145751,3345.0,4.79852,11.9519,1.9062,0.000286,,1.9062,LS_only,0.000734,0,Very_Low
441798995,3872.0,4.69525,11.9521,10.7256,0.00035,,10.7256,LS_only,0.000581,0,Very_Low
297647356,3803.0,4.62092,11.954,1.7736,0.001935,1.75,1.7736,Match,0.002563,2,Medium
422355010,3694.0,4.80622,11.9558,11.9577,0.000439,,11.9577,LS_only,0.000714,0,Very_Low
367417181,3490.0,4.82359,11.9559,9.1685,0.000471,,9.1685,LS_only,0.001125,0,Very_Low
229510147,3413.0,4.7837,11.9562,15.0,0.000922,,15.0,LS_only,0.001584,0,Very_Low
378285330,3584.0,4.72396,11.9563,4.4118,0.000511,,4.4118,LS_only,0.000834,0,Very_Low
233711735,3750.0,4.74599,11.9564,8.4012,0.000219,,8.4012,LS_only,0.000529,0,Very_Low
55000645,3271.0,4.72839,11.9567,11.9577,0.001128,0.75,11.9577,Match,0.001187,1,Low
117659814,3895.0,4.64961,11.9583,9.1432,0.001027,,9.1432,LS_only,0.001843,0,Very_Low
376198365,3491.0,4.74411,11.9592,6.213,0.000366,,6.213,LS_only,0.000847,0,Very_Low
219868662,3418.0,4.87245,11.9603,1.8785,0.000146,,1.8785,LS_only,0.000429,0,Very_Low
400338131,3479.0,4.81499,11.9621,4.7659,0.00033,,4.7659,LS_only,0.000778,0,Very_Low
219738733,3837.0,4.72383,11.9622,4.3014,0.000301,,4.3014,LS_only,0.000622,0,Very_Low
422369495,3693.0,4.69059,11.9634,9.9415,0.00056,9.0833,9.9415,Match,0.001014,2,Medium
71974442,3790.0,4.65595,11.9638,11.9577,0.000538,,11.9577,LS_only,0.000757,0,Very_Low
384651706,3952.0,4.60255,11.9645,2.2121,0.000454,,2.2121,LS_only,0.000902,0,Very_Low
219790149,3233.0,4.89824,11.9656,10.814,0.171471,21.5833,21.5833,Harmonic_Corrected,0.197557,2,Medium
230394587,3404.0,4.86251,11.9664,4.6505,0.000206,,4.6505,LS_only,0.000607,0,Very_Low
417262984,3650.0,4.6349,11.9686,6.5888,0.000839,,6.5888,LS_only,0.001619,0,Very_Low
387331434,3789.0,4.70119,11.9688,9.9415,0.000381,,9.9415,LS_only,0.00071,0,Very_Low
351876189,3771.0,4.71305,11.9693,13.3072,0.000342,1.75,13.3072,Match,0.001545,1,Low
251623590,3738.0,4.70354,11.97,10.7812,0.001653,,10.7812,LS_only,0.001669,0,Very_Low
449983518,3581.0,4.68227,11.9702,10.8568,0.000524,,10.8568,LS_only,0.001259,0,Very_Low
235949342,3600.0,4.71865,11.972,10.814,0.000994,11.8333,10.814,Match,0.001121,2,Medium
258923893,3618.0,4.70302,11.9725,10.7812,0.000211,,10.7812,LS_only,0.000593,0,Very_Low
420900133,3566.0,4.68579,11.9745,9.8571,0.000245,,9.8571,LS_only,0.000584,0,Very_Low
307601091,3947.0,4.63738,11.9748,6.8865,0.000499,,6.8865,LS_only,0.00087,0,Very_Low
118388764,3330.0,4.87353,11.9772,4.5596,0.000402,,4.5596,LS_only,0.000832,0,Very_Low
359496762,3220.0,4.88512,11.9773,13.2692,0.000324,,13.2692,LS_only,0.000651,0,Very_Low
230120143,2868.0,5.06698,11.9775,8.2359,0.000876,0.75,8.2359,Match,0.002667,1,Low
232628654,3352.0,4.76159,11.9802,2.2697,0.027574,2.25,2.2697,Match,0.020446,3,High
198179255,3776.0,4.60801,11.9802,4.4691,0.000195,,4.4691,LS_only,0.000541,0,Very_Low
312341223,3242.0,4.77912,11.9803,6.6149,0.000979,,6.6149,LS_only,0.001683,0,Very_Low
279282998,3780.0,4.71563,11.9819,3.1319,0.000283,,3.1319,LS_only,0.000745,0,Very_Low
354476633,3738.0,4.63642,11.982,5.158,0.000225,,5.158,LS_only,0.000555,0,Very_Low
374124729,3893.0,4.65555,11.9823,6.5888,0.00096,6.6667,6.5888,Match,0.000989,2,Medium
269105266,3293.0,4.98744,11.9835,1.8579,0.002049,3.75,3.75,Harmonic_Corrected,0.003286,1,Low
467579180,3610.0,4.85314,11.9836,5.615,0.000319,,5.615,LS_only,0.000752,0,Very_Low
368735559,3405.0,4.7694,11.984,2.2669,0.002413,,2.2669,LS_only,0.007027,1,Low
327446606,3489.0,4.81059,11.9844,10.8673,0.000623,,10.8673,LS_only,0.001291,0,Very_Low
117175455,3741.0,4.56432,11.9851,0.5615,0.000845,1.25,0.5615,Match,0.012434,1,Low
431966965,3420.0,4.8937,11.9876,15.0,0.004572,,15.0,LS_only,0.006921,1,Low
240796800,3920.0,4.65963,11.988,11.9577,0.001002,0.6667,11.9577,Match,0.001134,1,Low
279059303,3976.0,4.65236,11.9882,7.0197,0.0006,,7.0197,LS_only,0.000879,0,Very_Low
470789613,3317.0,4.77073,11.9884,0.7376,0.007976,0.8333,0.7376,Match,0.011375,2,Medium
332375314,3397.0,4.89444,11.9887,2.0738,0.000361,,2.0738,LS_only,0.000787,0,Very_Low
198184811,3880.0,4.65136,11.9905,2.6257,0.000213,,2.6257,LS_only,0.000508,0,Very_Low
371422711,3394.0,4.85591,11.9923,7.4607,0.000523,,7.4607,LS_only,0.000877,0,Very_Low
301738310,3834.0,4.57358,11.9945,2.5485,0.000323,,2.5485,LS_only,0.000702,0,Very_Low
236934937,3869.0,4.75875,11.9959,7.8947,0.000414,,7.8947,LS_only,0.000677,0,Very_Low
399203199,3762.0,4.64542,11.9959,2.2805,0.020501,2.1667,2.2805,Match,0.024656,3,High
61085196,3002.0,5.09871,11.997,5.4183,0.00056,0.75,5.4183,Match,0.002385,1,Low
238750002,3535.0,4.74323,11.9993,0.912,0.000777,0.9167,0.912,Match,0.001166,2,Medium
419524194,3598.0,4.75651,12.0002,6.2647,0.000435,,6.2647,LS_only,0.001039,0,Very_Low
375721487,3520.0,4.81818,12.0011,1.0414,0.000226,,1.0414,LS_only,0.000601,0,Very_Low
237289147,3757.0,4.67512,12.0035,9.1304,0.000606,,9.1304,LS_only,0.000827,0,Very_Low
54710093,3706.0,4.70184,12.0043,5.9371,0.000642,,5.9371,LS_only,0.001036,0,Very_Low
458778313,3644.0,4.73649,12.0044,4.5484,0.001222,0.75,4.5484,Match,0.001789,1,Low
63716659,3335.0,4.92037,12.0047,3.3825,0.000594,,3.3825,LS_only,0.00116,0,Very_Low
54527757,3857.0,4.64362,12.0048,6.6019,0.000575,,6.6019,LS_only,0.000821,0,Very_Low
232623426,3904.0,4.58195,12.0051,15.0,0.000412,,15.0,LS_only,0.00085,0,Very_Low
367856103,3601.0,4.74966,12.0054,2.4493,0.000443,,2.4493,LS_only,0.000871,0,Very_Low
348235967,3839.0,4.67078,12.0066,10.8462,0.001997,10.3333,10.8462,Match,0.002301,2,Medium
317713012,3836.0,4.62972,12.0072,10.8568,0.00046,1.0833,10.8568,Match,0.000609,1,Low
270012643,3745.0,4.64361,12.0073,0.7665,0.000973,0.75,0.7665,Match,0.001493,2,Medium
219856119,3623.0,4.69718,12.0086,7.6602,0.000704,,7.6602,LS_only,0.000967,0,Very_Low
229715404,3825.0,4.74513,12.0091,8.4146,0.000958,1.1667,8.4146,Match,0.001313,1,Low
435680679,3477.0,4.80326,12.0111,11.8235,0.000608,,11.8235,LS_only,0.000737,0,Very_Low
13529372,3411.0,4.82539,12.0113,2.0611,0.000859,1.4167,2.0611,Match,0.002352,1,Low
233055558,3812.0,4.6447,12.0114,15.0,0.000202,,15.0,LS_only,0.000507,0,Very_Low
67635138,3830.0,4.74741,12.0127,9.1558,0.00027,,9.1558,LS_only,0.000623,0,Very_Low
229500837,3587.0,4.77089,12.0135,6.5493,0.001273,,6.5493,LS_only,0.001626,0,Very_Low
219819314,3843.0,4.64225,12.0144,8.4012,0.000474,,8.4012,LS_only,0.00066,0,Very_Low
387606902,3717.0,4.71545,12.0153,7.9346,0.000777,0.5833,7.9346,Match,0.001117,1,Low
407353629,3630.0,4.63165,12.0154,11.9748,0.003018,,11.9748,LS_only,0.00559,1,Low
370275578,3761.0,4.61168,12.017,1.6932,0.017546,1.6667,1.6932,Match,0.013325,3,High
312252141,3514.0,4.76953,12.0177,9.1685,0.000608,9.25,9.1685,Match,0.001021,2,Medium
288677141,3974.0,4.65854,12.0181,2.2697,0.000294,,2.2697,LS_only,0.000583,0,Very_Low
470940894,3535.0,4.82113,12.0196,13.241,0.000628,13.25,13.241,Match,0.000891,2,Medium
199522486,3544.0,4.72246,12.02,10.7702,0.000994,1.3333,10.7702,Match,0.001225,1,Low
311235628,3594.0,4.73882,12.0202,11.7665,0.003934,0.75,11.7665,Match,0.003492,2,Medium
408781227,3640.0,4.76179,12.0217,5.8861,0.000949,0.5833,5.8861,Match,0.001498,1,Low
286305130,3343.0,4.82932,12.0217,4.9418,0.000451,,4.9418,LS_only,0.001311,0,Very_Low
275137629,3417.0,4.82447,12.023,3.4729,0.005068,3.3333,3.4729,Match,0.004594,3,High
283942773,3883.0,4.65137,12.0235,3.2972,0.001001,,3.2972,LS_only,0.002466,0,Very_Low
259098640,3491.0,4.84574,12.024,11.8966,0.00026,,11.8966,LS_only,0.000623,0,Very_Low
229743813,3273.0,4.89448,12.0241,1.4666,0.000222,,1.4666,LS_only,0.000564,0,Very_Low
357097676,3945.0,4.6314,12.0248,11.8966,0.000532,1.4167,11.8966,Match,0.000683,1,Low
237103535,3730.0,4.76768,12.0249,1.8785,0.000537,,1.8785,LS_only,0.000953,0,Very_Low
233094169,3565.0,4.75627,12.0269,8.4146,0.000448,1.4167,8.4146,Match,0.000726,1,Low
199571641,3864.0,4.68123,12.0301,2.3558,0.000403,,2.3558,LS_only,0.000727,0,Very_Low
118441990,3845.0,4.77517,12.0325,5.146,0.000213,,5.146,LS_only,0.000564,0,Very_Low
202929684,3205.0,4.91182,12.0341,0.912,0.009386,,0.912,LS_only,0.026059,1,Low
235952737,4000.0,4.62889,12.0355,6.5493,0.000348,,6.5493,LS_only,0.00067,0,Very_Low
84335903,3321.0,4.92752,12.0373,0.9299,0.002619,1.9167,1.9167,Harmonic_Corrected,0.00459,2,Medium
237068411,3677.0,4.74187,12.0375,7.8947,0.000432,,7.8947,LS_only,0.000811,0,Very_Low
367836343,3742.0,4.59605,12.0384,11.8513,0.00042,13.3333,11.8513,Match,0.000656,1,Low
264221307,3585.0,4.64745,12.0389,7.354,0.000235,,7.354,LS_only,0.000661,0,Very_Low
368444475,3806.0,4.78625,12.0403,9.965,0.000216,,9.965,LS_only,0.000597,0,Very_Low
268318342,3713.0,4.97696,12.041,4.8947,0.001636,5.0833,4.8947,Match,0.001575,2,Medium
219759451,3669.0,4.70896,12.0431,5.8345,0.000261,,5.8345,LS_only,0.000503,0,Very_Low
458884801,3752.0,4.64579,12.0434,6.213,0.000779,12.6667,12.6667,Harmonic_Corrected,0.001222,1,Low
470908339,3558.0,4.66497,12.044,1.2953,0.004624,1.3333,1.2953,Match,0.004997,3,High
441724138,3800.0,4.69532,12.0445,8.347,0.000363,,8.347,LS_only,0.000737,0,Very_Low
400538037,3826.0,4.65606,12.0464,11.9577,0.000822,,11.9577,LS_only,0.001077,0,Very_Low
362220700,3415.0,4.82478,12.0466,13.2857,0.000395,1.4167,13.2857,Match,0.001741,1,Low
398337183,3559.0,4.86625,12.047,8.428,0.000789,0.6667,8.428,Match,0.000935,1,Low
52855338,3667.0,4.68229,12.0472,13.3125,0.000816,0.75,13.3125,Match,0.001241,1,Low
279525802,3430.0,4.7997,12.0479,9.9415,0.000143,,9.9415,LS_only,0.000493,0,Very_Low
394120462,3278.0,4.88944,12.0483,9.8571,0.00102,,9.8571,LS_only,0.002106,0,Very_Low
377252256,3414.0,4.81078,12.0505,5.5645,0.000338,,5.5645,LS_only,0.000693,0,Very_Low
250481016,3500.0,4.7548,12.0517,3.9488,0.000217,,3.9488,LS_only,0.000613,0,Very_Low
233502388,3899.0,4.34759,12.052,11.7665,0.000376,,11.7665,LS_only,0.000602,0,Very_Low
341870349,3471.0,4.69528,12.0537,4.001,0.004309,4.0,4.001,Match,0.004289,3,High
288312270,3421.0,4.87327,12.0546,2.2558,0.000249,,2.2558,LS_only,0.000591,0,Very_Low
365887694,3616.0,4.74359,12.0547,6.6279,0.000301,,6.6279,LS_only,0.000721,0,Very_Low
302684495,3803.0,4.65234,12.0552,10.8247,0.00054,,10.8247,LS_only,0.000834,0,Very_Low
331866430,3561.0,4.73469,12.0554,9.8571,0.000618,,9.8571,LS_only,0.001099,0,Very_Low
235948629,3618.0,4.76578,12.0568,2.1628,0.00024,,2.1628,LS_only,0.000655,0,Very_Low
301173184,3341.0,4.84602,12.0582,2.2105,0.000262,3.75,2.2105,Match,0.000893,1,Low
385404494,3908.0,4.66177,12.0584,9.0659,0.000978,0.5833,9.0659,Match,0.001021,1,Low
389763019,3939.0,4.70324,12.0586,1.3464,0.000232,,1.3464,LS_only,0.000702,0,Very_Low
354924802,3551.0,4.70874,12.0588,3.5593,0.000267,,3.5593,LS_only,0.000656,0,Very_Low
116008361,3195.0,4.89495,12.0614,0.7128,0.004404,0.75,0.7128,Match,0.00363,3,High
49794215,3524.0,4.79497,12.0629,10.8355,0.001227,,10.8355,LS_only,0.001811,0,Very_Low
288390875,3931.0,4.66496,12.0629,3.0443,0.000598,,3.0443,LS_only,0.00103,0,Very_Low
426419319,3292.0,4.77537,12.0634,2.5311,0.003215,7.5833,2.5311,Match,0.004254,2,Medium
46428778,3358.0,4.83858,12.0643,6.5625,0.008654,13.3333,13.3333,Harmonic_Corrected,0.0074,2,Medium
370118995,3396.0,4.68945,12.0648,11.9577,0.000435,,11.9577,LS_only,0.000706,0,Very_Low
279187727,3611.0,4.63939,12.0653,6.6149,0.00213,12.6667,12.6667,Harmonic_Corrected,0.003098,1,Low
116621695,3781.0,4.59049,12.0659,2.4866,0.003366,2.5,2.4866,Match,0.002681,3,High
200858977,3688.0,4.73828,12.0662,5.3448,0.000515,,5.3448,LS_only,0.000937,0,Very_Low
334490529,3448.0,4.74296,12.0664,6.9934,0.002188,9.0,6.9934,Match,0.003549,1,Low
388036744,3468.0,4.80613,12.0678,1.7581,0.007585,1.75,1.7581,Match,0.006048,3,High
117259862,3778.0,4.6296,12.0678,3.19,0.000357,,3.19,LS_only,0.000787,0,Very_Low
410738236,3744.0,4.70797,12.0689,2.5485,0.000366,0.5833,2.5485,Match,0.000805,1,Low
13468023,3318.0,4.77722,12.069,6.6149,0.002103,13.0833,13.0833,Harmonic_Corrected,0.002333,1,Low
353893969,3570.0,4.77247,12.0691,6.9,0.000178,,6.9,LS_only,0.00048,0,Very_Low
377070955,3545.0,4.93827,12.0693,6.6019,0.00027,,6.6019,LS_only,0.000615,0,Very_Low
385440690,3441.0,4.82328,12.07,6.9403,0.003006,14.3333,14.3333,Harmonic_Corrected,0.003762,2,Medium
284606188,3342.0,4.90488,12.0709,6.9934,0.000348,,6.9934,LS_only,0.000944,0,Very_Low
28998331,3409.0,4.82724,12.0719,6.226,0.000377,,6.226,LS_only,0.000733,0,Very_Low
240780623,3892.0,4.61604,12.075,5.9244,0.000281,,5.9244,LS_only,0.000703,0,Very_Low
256926364,3540.0,4.78806,12.0754,9.8571,0.000355,,9.8571,LS_only,0.000657,0,Very_Low
192801230,3296.0,4.87551,12.0755,6.9536,0.000342,,6.9536,LS_only,0.000717,0,Very_Low
308373462,3424.0,4.80826,12.0763,5.6275,0.000449,,5.6275,LS_only,0.000813,0,Very_Low
341871810,3795.0,4.71414,12.0764,2.5746,0.000348,,2.5746,LS_only,0.000615,0,Very_Low
423928666,3889.0,4.70328,12.0779,10.8568,0.000349,,10.8568,LS_only,0.000566,0,Very_Low
240937774,3472.0,4.81854,12.0785,3.5593,0.000269,,3.5593,LS_only,0.000693,0,Very_Low
389959930,3924.22,4.45115,12.0787,4.4805,0.000257,,4.4805,LS_only,0.000564,0,Very_Low
104029286,3915.0,4.64321,12.0791,9.1304,0.001263,,9.1304,LS_only,0.002114,0,Very_Low
427384704,3392.0,4.86127,12.081,4.582,0.019385,,4.582,LS_only,0.041006,1,Low
421691046,3741.0,4.67744,12.0853,4.5708,0.000864,,4.5708,LS_only,0.001638,0,Very_Low
426089930,3497.0,4.78824,12.088,2.0156,0.006234,2.0,2.0156,Match,0.005753,3,High
379376842,3300.0,4.85291,12.0883,1.6536,0.000299,,1.6536,LS_only,0.000925,0,Very_Low
366872042,3036.0,5.07353,12.0886,6.9536,0.000484,,6.9536,LS_only,0.000804,0,Very_Low
309136925,3711.0,4.78463,12.0889,5.64,0.00019,,5.64,LS_only,0.000607,0,Very_Low
389413259,3376.0,4.81465,12.0891,0.7542,0.012239,1.5,1.5,Harmonic_Corrected,0.012297,2,Medium
224604945,3855.0,4.61266,12.0891,8.4012,0.000355,,8.4012,LS_only,0.00072,0,Very_Low
237281662,3905.0,4.75769,12.0903,9.9057,0.000364,,9.9057,LS_only,0.000639,0,Very_Low
28779003,3285.0,4.87422,12.0915,9.9057,0.00063,0.8333,9.9057,Match,0.002321,1,Low
407245680,3622.0,4.59761,12.0919,4.582,0.000406,,4.582,LS_only,0.000785,0,Very_Low
229913175,3399.0,4.75996,12.0925,3.0531,0.000262,,3.0531,LS_only,0.00055,0,Very_Low
233501728,3816.0,4.68856,12.0933,3.3921,0.000142,,3.3921,LS_only,0.000431,0,Very_Low
356823639,3670.0,4.61232,12.0936,8.4012,0.000516,,8.4012,LS_only,0.000686,0,Very_Low
258799793,3595.0,4.68697,12.0945,5.0735,0.001888,1.9167,5.0735,Match,0.020653,1,Low
364074068,3756.0,4.68309,12.0948,3.0,0.00052,,3.0,LS_only,0.001063,0,Very_Low
229651097,3592.0,4.81349,12.0949,4.8472,0.000219,,4.8472,LS_only,0.00049,0,Very_Low
378737584,3967.0,4.6097,12.0955,4.4008,0.000344,,4.4008,LS_only,0.000821,0,Very_Low
265382981,3730.0,4.68768,12.096,9.1176,0.000839,0.6667,9.1176,Match,0.000988,1,Low
118443612,3514.0,4.85657,12.0981,11.9663,0.000475,,11.9663,LS_only,0.000871,0,Very_Low
320501344,3887.0,4.6043,12.0982,3.6415,0.014407,3.5833,3.6415,Match,0.012445,3,High
233628527,3415.0,4.90433,12.0982,4.4577,0.001084,,4.4577,LS_only,0.001899,0,Very_Low
359675905,3634.0,4.74308,12.0984,4.6505,0.000436,,4.6505,LS_only,0.00075,0,Very_Low
373699199,3434.0,4.88873,12.0995,6.5888,0.000719,13.25,13.25,Harmonic_Corrected,0.001155,1,Low
302777381,3887.0,4.74414,12.0998,6.9536,0.000629,,6.9536,LS_only,0.001137,0,Very_Low
230051646,3399.0,4.84797,12.1005,13.2637,0.001421,,13.2637,LS_only,0.001837,0,Very_Low
449988377,3942.0,4.57739,12.1008,11.9663,0.000704,0.6667,11.9663,Match,0.001135,1,Low
329250769,3349.0,4.90174,12.1009,8.4012,0.000387,,8.4012,LS_only,0.000716,0,Very_Low
427690309,3474.0,4.81516,12.1014,11.9663,0.000368,,11.9663,LS_only,0.000758,0,Very_Low
315776656,3405.0,4.81485,12.1016,4.697,0.000409,,4.697,LS_only,0.000731,0,Very_Low
431856323,3279.0,4.8211,12.1035,0.5765,0.002679,0.5833,0.5765,Match,0.00214,3,High
117617778,3400.0,4.81337,12.104,4.3899,0.000774,,4.3899,LS_only,0.00121,0,Very_Low
353783697,3352.0,4.85474,12.1053,3.3967,0.000456,,3.3967,LS_only,0.000938,0,Very_Low
356893758,3562.0,4.84541,12.1084,6.8865,0.000362,,6.8865,LS_only,0.000634,0,Very_Low
229615939,3980.0,4.59488,12.1092,4.3014,0.000269,8.8333,8.8333,Harmonic_Corrected,0.000623,1,Low
187038217,3412.0,4.7964,12.1114,9.9176,0.002476,11.1667,9.9176,Match,0.002309,2,Medium
399129287,3716.0,4.66012,12.1115,13.3072,0.000717,,13.3072,LS_only,0.00116,0,Very_Low
237207312,3444.0,4.80497,12.1118,2.2906,0.000249,,2.2906,LS_only,0.000585,0,Very_Low
326201351,3437.0,4.88875,12.1121,6.5757,0.000689,,6.5757,LS_only,0.000953,0,Very_Low
118420926,3263.0,4.94573,12.1129,10.8673,0.000268,,10.8673,LS_only,0.000784,0,Very_Low
11329657,3703.0,4.7393,12.1133,11.9492,0.000726,,11.9492,LS_only,0.001149,0,Very_Low
229643864,3717.0,4.69518,12.1138,15.0,0.000441,,15.0,LS_only,0.000682,0,Very_Low
82396308,3819.0,4.76554,12.115,3.7703,0.000481,0.6667,3.7703,Match,0.001107,1,Low
369991550,3671.0,4.66121,12.1158,4.2323,0.008021,4.3333,4.2323,Match,0.006845,3,High
428302159,3399.0,4.7941,12.1184,9.0659,0.00132,16.1667,9.0659,Match,0.003116,1,Low
63781635,2848.0,5.18046,12.1194,0.6919,0.000527,0.8333,0.6919,Match,0.004367,1,Low
377291269,3463.0,4.79927,12.121,1.8826,0.000272,,1.8826,LS_only,0.00074,0,Very_Low
470196589,3290.0,4.85497,12.1213,0.9319,0.014487,0.9167,0.9319,Match,0.011173,3,High
400502041,3711.0,4.76692,12.1232,4.2323,0.000853,,4.2323,LS_only,0.001484,0,Very_Low
403316110,3809.0,4.68817,12.1242,11.9577,0.000694,,11.9577,LS_only,0.001196,0,Very_Low
470789611,3393.0,4.79653,12.1249,2.1109,0.012568,2.1667,2.1109,Match,0.01289,3,High
240923850,3312.0,4.92836,12.1249,5.6275,0.001212,0.75,5.6275,Match,0.001823,1,Low
54202777,3563.0,4.75423,12.1252,3.7108,0.003224,3.6667,3.7108,Match,0.003597,3,High
50267150,3947.0,4.65181,12.1265,9.0919,0.000728,1.25,9.0919,Match,0.000832,1,Low
82239365,3423.0,4.7036,12.1308,1.8063,0.00699,1.75,1.8063,Match,0.005388,3,High
331930989,3487.0,4.69012,12.1308,5.9497,0.000979,5.6667,5.9497,Match,0.001189,2,Medium
311706554,3972.0,4.62057,12.1311,5.9371,0.001112,12.8333,12.8333,Harmonic_Corrected,0.00167,1,Low
312862941,3810.0,4.56875,12.1312,1.835,0.00385,1.8333,1.835,Match,0.003846,3,High
356823091,3875.0,4.61881,12.1327,10.7702,0.0002,,10.7702,LS_only,0.000539,0,Very_Low
233632813,3356.0,4.8461,12.1329,9.8325,0.000353,,9.8325,LS_only,0.000706,0,Very_Low
390526848,3594.0,4.81984,12.135,11.8786,0.000875,0.75,11.8786,Match,0.001613,1,Low
34712286,3407.0,4.92301,12.1366,4.1066,0.000642,,4.1066,LS_only,0.001288,0,Very_Low
265298981,3373.0,4.84526,12.1368,6.5493,0.001636,0.8333,6.5493,Match,0.001855,1,Low
271026478,3785.0,4.6731,12.1372,4.2537,0.000789,13.1667,4.2537,Match,0.001467,1,Low
129870413,3506.0,4.80774,12.1375,3.8209,0.000201,,3.8209,LS_only,0.000512,0,Very_Low
399855673,3746.0,4.73144,12.1385,4.2902,0.000646,0.5833,4.2902,Match,0.001174,1,Low
434263715,3728.0,4.65519,12.1414,4.243,0.000461,,4.243,LS_only,0.001136,0,Very_Low
284889388,3968.0,4.64811,12.1432,13.2692,0.000328,,13.2692,LS_only,0.000573,0,Very_Low
22946349,3526.0,4.81771,12.1436,11.9577,0.001023,1.3333,11.9577,Match,0.001184,1,Low
14046558,3522.0,4.82606,12.1439,3.4539,0.000576,,3.4539,LS_only,0.001329,0,Very_Low
81822105,3490.0,4.8212,12.1455,6.8729,0.000673,0.75,6.8729,Match,0.000988,1,Low
428051349,3369.0,4.83499,12.1473,6.9536,0.001155,,6.9536,LS_only,0.001692,0,Very_Low
356894257,3997.0,4.61296,12.1476,6.1475,0.000328,,6.1475,LS_only,0.000604,0,Very_Low
356786247,3603.0,4.80436,12.1478,1.6612,0.00023,,1.6612,LS_only,0.000627,0,Very_Low
236775812,3339.0,4.8654,12.1487,9.0789,0.000321,,9.0789,LS_only,0.000749,0,Very_Low
376773031,3876.0,4.69234,12.1496,2.2669,0.000365,,2.2669,LS_only,0.00083,0,Very_Low
288268225,3758.0,4.73997,12.1499,10.7592,0.000281,,10.7592,LS_only,0.000531,0,Very_Low
379319519,3792.0,4.68798,12.1513,6.5757,0.001627,13.1667,13.1667,Harmonic_Corrected,0.002119,1,Low
326201262,3612.0,4.74165,12.1519,9.1685,0.000634,,9.1685,LS_only,0.000858,0,Very_Low
265202603,3847.0,4.65846,12.1526,13.2803,0.000334,,13.2803,LS_only,0.000668,0,Very_Low
374301984,3543.0,4.72882,12.1537,10.8462,0.000904,1.0833,10.8462,Match,0.001112,1,Low
417668048,3664.0,4.81142,12.1538,3.2881,0.000243,,3.2881,LS_only,0.000631,0,Very_Low
280074932,3811.0,4.65049,12.1578,11.9231,0.000647,,11.9231,LS_only,0.000919,0,Very_Low
285424004,3395.0,4.88199,12.1579,6.6019,0.000558,,6.6019,LS_only,0.000951,0,Very_Low
444726013,3634.0,4.62745,12.1582,3.2791,0.002362,3.3333,3.2791,Match,0.002708,3,High
233530909,3426.0,4.74871,12.16,10.7812,0.000347,,10.7812,LS_only,0.000726,0,Very_Low
199607751,3536.0,4.7649,12.16,3.0443,0.001895,,3.0443,LS_only,0.002909,0,Very_Low
229783705,3479.0,4.77402,12.1616,2.7033,0.007039,2.6667,2.7033,Match,0.006025,3,High
312263641,3471.0,4.78644,12.162,6.2518,0.001483,13.0,13.0,Harmonic_Corrected,0.002375,1,Low
265069947,3699.0,4.60022,12.1629,3.8309,0.000488,,3.8309,LS_only,0.001022,0,Very_Low
219868114,3268.0,4.81,12.1634,1.6837,0.000223,,1.6837,LS_only,0.000528,0,Very_Low
1884524549,3656.0,4.82148,12.1637,1.2575,0.012255,1.25,1.2575,Match,0.011199,3,High
13615370,3781.0,4.67842,12.1645,4.5259,0.000614,,4.5259,LS_only,0.001196,0,Very_Low
400126289,3498.0,4.8487,12.1656,8.428,0.000554,,8.428,LS_only,0.001077,0,Very_Low
445246099,3824.0,4.68099,12.166,11.9577,0.000819,1.25,11.9577,Match,0.00095,1,Low
353376666,3771.0,4.67227,12.167,4.72,0.000373,,4.72,LS_only,0.0008,0,Very_Low
22740298,3399.0,4.8504,12.1674,6.2647,0.000366,,6.2647,LS_only,0.000961,0,Very_Low
13450258,3938.0,4.65193,12.1678,4.2108,0.000447,,4.2108,LS_only,0.000859,0,Very_Low
370943224,3243.0,5.02902,12.1679,13.3072,0.007496,,13.3072,LS_only,0.01153,1,Low
34553729,3360.0,4.81605,12.1688,15.0,0.000699,,15.0,LS_only,0.001866,0,Very_Low
348766122,3494.0,4.80402,12.1688,4.9065,0.000757,,4.9065,LS_only,0.001408,0,Very_Low
408727812,3343.0,4.73408,12.1692,1.6973,0.007911,1.6667,1.6973,Match,0.006565,3,High
101219357,3688.0,4.82943,12.1716,2.7518,0.000438,,2.7518,LS_only,0.000906,0,Very_Low
387413263,3617.0,4.71602,12.1719,9.1685,0.001135,,9.1685,LS_only,0.001849,0,Very_Low
269662126,3440.0,4.90931,12.1725,5.615,0.000177,,5.615,LS_only,0.000516,0,Very_Low
357687420,3482.0,4.68036,12.1726,10.7922,0.000431,,10.7922,LS_only,0.000834,0,Very_Low
252108608,3962.0,4.60422,12.1726,10.8247,0.000795,,10.8247,LS_only,0.000883,0,Very_Low
240794193,3943.0,4.57285,12.1739,10.8568,0.001396,,10.8568,LS_only,0.001464,0,Very_Low
434539878,3686.0,4.73657,12.175,4.2323,0.00071,,4.2323,LS_only,0.001061,0,Very_Low
116496124,3999.0,4.58264,12.1753,1.0322,0.003876,2.0833,2.0833,Harmonic_Corrected,0.005017,2,Medium
230396132,3820.0,4.67244,12.1754,10.7812,0.000402,0.5833,10.7812,Match,0.000808,1,Low
316627328,2869.0,5.21286,12.1755,6.9403,0.002793,,6.9403,LS_only,0.004266,1,Low
427925511,3766.0,4.62628,12.1766,0.5193,0.000194,,0.5193,LS_only,0.000638,0,Very_Low
357676873,3523.0,4.70128,12.1789,3.6911,0.001219,3.5833,3.6911,Match,0.001881,2,Medium
280130944,3916.0,4.63688,12.1798,11.9318,0.000459,,11.9318,LS_only,0.00083,0,Very_Low
387702795,3928.0,4.72499,12.1804,3.3639,0.000317,,3.3639,LS_only,0.000674,0,Very_Low
407353770,3913.0,4.63995,12.1818,9.1935,0.001023,8.8333,9.1935,Match,0.001251,2,Medium
229781583,3692.0,4.71598,12.1819,7.8409,0.000866,0.8333,7.8409,Match,0.001132,1,Low
455825451,3384.0,4.85604,12.1857,0.513,0.005837,,0.513,LS_only,0.028231,1,Low
274845152,3614.0,4.74817,12.1858,6.5625,0.000611,12.9167,12.9167,Harmonic_Corrected,0.000917,1,Low
319715220,3951.0,4.66838,12.1861,10.8673,0.006755,1.0,10.8673,Match,0.009424,2,Medium
178044388,3252.0,4.89471,12.1862,11.9231,0.000412,,11.9231,LS_only,0.000829,0,Very_Low
85595350,3383.0,4.90996,12.1868,9.9176,0.000258,,9.9176,LS_only,0.000703,0,Very_Low
368310784,3450.0,4.83521,12.1868,7.0066,0.000537,,7.0066,LS_only,0.001044,0,Very_Low
236770651,3567.0,4.77346,12.1895,11.8876,0.00059,0.75,11.8876,Match,0.000783,1,Low
198162530,3717.0,4.67682,12.1898,11.8876,0.000586,,11.8876,LS_only,0.000884,0,Very_Low
385048602,3027.0,5.15391,12.1905,13.2692,0.000307,,13.2692,LS_only,0.000755,0,Very_Low
73641828,3274.0,4.89126,12.1908,11.9577,0.000918,,11.9577,LS_only,0.001637,0,Very_Low
129869116,3613.0,4.80069,12.191,5.6525,0.000335,,5.6525,LS_only,0.000765,0,Very_Low
233680107,3922.0,4.62289,12.1919,10.7592,0.000671,0.8333,10.7592,Match,0.000868,1,Low
251357065,3716.0,4.66674,12.1937,9.0659,0.001136,8.8333,9.0659,Match,0.001207,2,Medium
364075630,3019.0,5.08635,12.1938,4.5371,0.001035,,4.5371,LS_only,0.003146,0,Very_Low
229953261,3843.0,4.69334,12.1939,3.6116,0.00118,14.0,3.6116,Match,0.001606,1,Low
219815508,3900.0,4.61792,12.1941,13.2692,0.000473,,13.2692,LS_only,0.000737,0,Very_Low
329172918,3639.0,4.68164,12.1954,15.0,0.000449,,15.0,LS_only,0.001138,0,Very_Low
54796251,3311.0,4.94313,12.1956,11.9577,0.001487,9.6667,11.9577,Match,0.002375,1,Low
376546835,3822.0,4.64768,12.1969,2.2669,0.000265,,2.2669,LS_only,0.000647,0,Very_Low
240715769,3799.0,4.63455,12.198,8.507,0.000942,,8.507,LS_only,0.001701,0,Very_Low
312147716,3882.0,4.65971,12.1991,6.6019,0.000527,,6.6019,LS_only,0.00101,0,Very_Low
354790015,3862.0,4.67631,12.1993,4.7315,0.000733,,4.7315,LS_only,0.001298,0,Very_Low
356919408,3905.0,4.63055,12.1995,8.4012,0.000736,,8.4012,LS_only,0.000881,0,Very_Low
258511230,3478.0,4.93639,12.1998,13.2857,0.000677,1.4167,13.2857,Match,0.000944,1,Low
241131036,3451.0,4.74101,12.2005,6.9934,0.000304,,6.9934,LS_only,0.000778,0,Very_Low
219787707,3550.0,4.67135,12.2006,6.8865,0.000156,,6.8865,LS_only,0.000509,0,Very_Low
117622218,3749.0,4.75736,12.2007,3.27,0.000346,22.6667,3.27,Match,0.000948,1,Low
251231245,3476.0,4.76504,12.2008,4.6505,0.000437,,4.6505,LS_only,0.00089,0,Very_Low
289572405,3407.0,4.70181,12.2025,10.7592,0.00042,,10.7592,LS_only,0.00071,0,Very_Low
81304761,3381.0,4.89706,12.2038,6.4961,0.014205,6.5,6.4961,Match,0.011295,3,High
420135095,3316.0,4.85844,12.2055,9.1432,0.000539,9.75,9.1432,Match,0.000973,2,Medium
230395127,3190.0,4.86699,12.2063,4.1457,0.000438,,4.1457,LS_only,0.000867,0,Very_Low
250796011,3379.0,4.86788,12.2066,6.2518,0.000528,,6.2518,LS_only,0.001086,0,Very_Low
302778903,3667.0,4.71681,12.2071,4.5146,0.000837,9.1667,9.1667,Harmonic_Corrected,0.001527,1,Low
251576314,3656.0,4.66099,12.2074,9.0133,0.000584,1.3333,9.0133,Match,0.001028,1,Low
390240599,3704.0,4.71828,12.2079,4.3789,0.000575,,4.3789,LS_only,0.0014,0,Very_Low
356701213,3776.0,4.6615,12.2079,8.8497,0.000851,1.3333,8.8497,Match,0.001116,1,Low
301477968,3542.0,4.74263,12.2081,6.5757,0.000693,1.3333,6.5757,Match,0.003134,1,Low
11337032,3837.0,4.62225,12.2102,6.2389,0.00037,,6.2389,LS_only,0.000835,0,Very_Low
230091879,3845.0,4.67795,12.2116,11.7761,0.000369,,11.7761,LS_only,0.000648,0,Very_Low
311188656,3679.0,4.69458,12.2122,7.6027,0.000489,,7.6027,LS_only,0.000893,0,Very_Low
420175617,3468.0,4.85167,12.2126,3.0531,0.00029,,3.0531,LS_only,0.000628,0,Very_Low
376354629,3889.0,4.73531,12.2129,0.5782,0.001218,0.5833,0.5782,Match,0.001248,2,Medium
346594558,3340.0,4.86662,12.2141,1.6773,0.000314,,1.6773,LS_only,0.000773,0,Very_Low
34939903,3500.0,4.79947,12.2142,4.7545,0.000326,,4.7545,LS_only,0.000949,0,Very_Low
436883029,3253.0,4.92049,12.2149,11.9663,0.000425,,11.9663,LS_only,0.000821,0,Very_Low
85590561,3558.0,4.77901,12.2153,3.3639,0.000335,,3.3639,LS_only,0.000706,0,Very_Low
283944247,3565.0,4.78562,12.2154,6.2647,0.000473,,6.2647,LS_only,0.001297,0,Very_Low
387408783,3385.0,4.78465,12.2165,1.0356,0.009387,1.0,1.0356,Match,0.007716,3,High
101032472,3486.0,4.79484,12.2172,4.4691,0.000415,,4.4691,LS_only,0.001037,0,Very_Low
207441832,3585.0,4.76971,12.2195,11.8876,0.000272,,11.8876,LS_only,0.000648,0,Very_Low
359312638,3794.0,4.7888,12.2201,2.2038,0.000322,,2.2038,LS_only,0.000866,0,Very_Low
219874414,3446.0,4.72253,12.2203,1.0248,0.000776,1.0,1.0248,Match,0.001148,2,Medium
316134319,3161.0,5.02102,12.2205,0.7026,0.001047,0.6667,0.7026,Match,0.001868,2,Medium
417747738,3281.0,4.86882,12.2207,1.2836,0.001814,,1.2836,LS_only,0.002706,0,Very_Low
233730720,3593.0,4.77096,12.2209,3.4063,0.000185,,3.4063,LS_only,0.000513,0,Very_Low
235934617,3401.0,4.81379,12.2222,7.8814,0.000532,,7.8814,LS_only,0.00079,0,Very_Low
379378960,3564.0,4.75917,12.2224,2.2173,0.000528,4.1667,4.1667,Harmonic_Corrected,0.000989,1,Low
236934929,3560.0,4.78463,12.2227,6.9403,0.001234,13.0833,13.0833,Harmonic_Corrected,0.001666,1,Low
229497183,3802.0,4.67682,12.2231,11.9143,0.001224,12.25,11.9143,Match,0.0012,2,Medium
271655867,3972.0,4.63751,12.2231,7.0197,0.000977,,7.0197,LS_only,0.00164,0,Very_Low
186967393,3359.0,4.89261,12.2245,11.9492,0.000781,,11.9492,LS_only,0.001307,0,Very_Low
385438696,3442.0,4.81233,12.2257,6.4961,0.000558,13.0,13.0,Harmonic_Corrected,0.000935,1,Low
396323016,3246.0,4.87073,12.2272,5.9244,0.000361,,5.9244,LS_only,0.000862,0,Very_Low
233604949,3882.0,4.62903,12.2275,11.8786,0.000526,,11.8786,LS_only,0.000831,0,Very_Low
376194202,3805.0,4.60903,12.2276,3.1811,0.000342,,3.1811,LS_only,0.001046,0,Very_Low
417412274,3456.0,4.80315,12.2285,6.5757,0.001354,13.1667,13.1667,Harmonic_Corrected,0.001998,1,Low
470804724,3820.0,4.63571,12.2301,5.6525,0.000467,1.25,5.6525,Match,0.000729,1,Low
251487142,3597.0,4.7866,12.2306,2.0852,0.032421,2.0833,2.0852,Match,0.026774,3,High
255803942,3702.0,4.7298,12.2309,11.9663,0.000842,,11.9663,LS_only,0.001593,0,Very_Low
198163129,3559.0,4.74593,12.2309,3.0443,0.00041,,3.0443,LS_only,0.000836,0,Very_Low
365888166,3652.0,4.75498,12.2318,11.9663,0.00027,,11.9663,LS_only,0.000746,0,Very_Low
224604854,3824.0,4.64231,12.2322,1.5149,0.000181,,1.5149,LS_only,0.000593,0,Very_Low
285035817,3923.0,4.63225,12.2332,6.6149,0.001419,,6.6149,LS_only,0.002178,0,Very_Low
367069981,3482.0,4.84451,12.2335,10.8568,0.000409,,10.8568,LS_only,0.000787,0,Very_Low
453154535,3957.0,4.65282,12.234,15.0,0.004195,0.6667,15.0,Match,0.007513,2,Medium
338369013,3589.0,4.82147,12.2342,6.6279,0.000854,13.1667,13.1667,Harmonic_Corrected,0.001399,1,Low
420471403,3878.0,4.62882,12.2378,2.2805,0.00031,,2.2805,LS_only,0.000795,0,Very_Low
235987619,3593.0,4.73442,12.2394,9.8936,0.000845,0.9167,9.8936,Match,0.001081,1,Low
259168010,3861.0,4.68685,12.241,7.8409,0.000399,,7.8409,LS_only,0.000903,0,Very_Low
139535140,3606.0,4.84866,12.2415,4.0857,0.000138,,4.0857,LS_only,0.000525,0,Very_Low
374607037,3930.0,4.68354,12.2429,10.8462,0.001401,0.8333,10.8462,Match,0.001721,1,Low
232619085,3527.0,4.64103,12.2431,3.4349,0.000294,,3.4349,LS_only,0.000614,0,Very_Low
470798300,3532.0,4.74552,12.2443,10.8673,0.002495,1.0,10.8673,Match,0.00247,2,Medium
428747726,3425.0,4.76818,12.2445,9.7952,0.001455,10.5,9.7952,Match,0.001526,2,Medium
376774769,3780.0,4.68305,12.2466,7.4343,0.000649,,7.4343,LS_only,0.001313,0,Very_Low
424731063,3681.0,4.68632,12.2473,10.7368,0.000586,0.5833,10.7368,Match,0.000747,1,Low
240982417,3597.0,4.75612,12.2477,3.3546,0.000478,,3.3546,LS_only,0.000935,0,Very_Low
302550241,3542.0,4.89544,12.2492,3.5787,0.000384,,3.5787,LS_only,0.000913,0,Very_Low
192690221,3189.0,4.97182,12.2495,4.3679,0.000766,13.4167,4.3679,Match,0.001567,1,Low
118391363,3480.0,4.9009,12.2501,2.5787,0.000866,,2.5787,LS_only,0.00167,0,Very_Low
353687105,3287.0,4.93744,12.2502,4.0646,0.008653,4.0,4.0646,Match,0.006734,3,High
288601772,3766.0,4.70658,12.2504,3.6316,0.000243,,3.6316,LS_only,0.000632,0,Very_Low
434806686,3786.0,4.73865,12.2507,10.8779,0.001365,0.75,10.8779,Match,0.001985,1,Low
219787770,3210.0,4.91247,12.251,1.5149,0.000291,1.25,1.5149,Match,0.002065,1,Low
385441690,3874.0,4.66143,12.2511,10.814,0.000494,0.75,10.814,Match,0.000884,1,Low
301741542,3759.0,4.72501,12.2517,6.9802,0.000948,13.1667,13.1667,Harmonic_Corrected,0.0016,1,Low
406594865,3462.0,4.86673,12.2523,1.3464,0.00025,,1.3464,LS_only,0.000675,0,Very_Low
240718579,3634.0,4.74505,12.2535,0.6277,0.001407,1.25,1.25,Harmonic_Corrected,0.002304,1,Low
219428571,3170.0,4.89962,12.2538,5.7429,0.001728,,5.7429,LS_only,0.002696,0,Very_Low
52710498,3780.0,4.67736,12.2546,0.6728,0.009289,0.6667,0.6728,Match,0.007222,3,High
13700087,3459.0,4.60725,12.2548,2.5978,0.00024,,2.5978,LS_only,0.000643,0,Very_Low
362963879,3326.0,4.91451,12.2552,3.1232,0.000483,13.0,3.1232,Match,0.001033,1,Low
13079472,3667.0,4.70012,12.2554,0.7467,0.02929,0.75,0.7467,Match,0.023787,3,High
433784300,3549.0,4.79555,12.257,6.2647,0.000505,,6.2647,LS_only,0.000899,0,Very_Low
233602827,3959.0,4.68416,12.2574,13.2637,0.000459,13.0,13.2637,Match,0.000878,2,Medium
270826201,3537.0,4.79377,12.2599,6.2647,0.000508,,6.2647,LS_only,0.000875,0,Very_Low
116008385,3528.0,4.8266,12.2601,6.226,0.000432,,6.226,LS_only,0.000827,0,Very_Low
13026234,3395.0,4.79897,12.262,6.2518,0.000723,,6.2518,LS_only,0.001334,0,Very_Low
219739642,3563.0,4.71564,12.2629,3.1184,0.000999,,3.1184,LS_only,0.00181,0,Very_Low
441810113,3442.0,4.80935,12.2629,11.8328,0.000594,1.4167,11.8328,Match,0.000831,1,Low
250678371,3665.0,4.89665,12.263,6.9802,0.000558,,6.9802,LS_only,0.000937,0,Very_Low
219863288,3780.0,4.65147,12.2641,5.9863,0.000922,0.5833,5.9863,Match,0.001062,1,Low
431803114,3441.0,4.80928,12.2654,6.9669,0.00073,,6.9669,LS_only,0.001688,0,Very_Low
343410928,3120.0,4.98484,12.2656,3.9488,0.000466,,3.9488,LS_only,0.001032,0,Very_Low
427466729,3865.0,4.61963,12.2656,3.3825,0.000622,10.1667,3.3825,Match,0.000887,1,Low
427731217,3618.0,4.6335,12.2661,2.6962,0.004701,2.75,2.6962,Match,0.004819,3,High
229950089,3805.0,4.6347,12.2664,0.8801,0.000261,,0.8801,LS_only,0.000819,0,Very_Low
264007345,3533.0,4.72055,12.2668,6.5757,0.021165,13.1667,13.1667,Harmonic_Corrected,0.029583,2,Medium
307957392,3201.0,4.97674,12.2694,7.7725,0.00046,,7.7725,LS_only,0.000814,0,Very_Low
279842588,3720.0,4.62305,12.2703,4.5146,0.004952,4.5833,4.5146,Match,0.004914,3,High
82561650,3846.0,4.67167,12.2712,6.2,0.003556,6.6667,6.2,Match,0.004782,3,High
289589304,3406.0,4.79802,12.2722,3.866,0.000368,,3.866,LS_only,0.000818,0,Very_Low
265429516,3936.0,4.63952,12.273,1.1729,0.000208,,1.1729,LS_only,0.000664,0,Very_Low
229644238,3915.0,4.71435,12.2731,0.8839,0.00022,,0.8839,LS_only,0.00062,0,Very_Low
125738790,3590.0,4.83821,12.2733,2.2038,0.000304,,2.2038,LS_only,0.000855,0,Very_Low
427766763,3921.0,4.62992,12.2734,4.243,0.000389,,4.243,LS_only,0.000855,0,Very_Low
415879735,3296.0,4.98992,12.2743,5.146,0.001675,5.25,5.146,Match,0.001693,2,Medium
367837463,3671.0,4.78323,12.2752,1.1386,0.000233,,1.1386,LS_only,0.000582,0,Very_Low
333870463,3549.0,4.69116,12.276,7.3944,0.000468,,7.3944,LS_only,0.000824,0,Very_Low
249919046,3831.0,4.65366,12.2762,2.6055,0.000342,,2.6055,LS_only,0.000732,0,Very_Low
370060089,3476.0,4.68386,12.2766,11.9577,0.000223,,11.9577,LS_only,0.000775,0,Very_Low
316254170,3573.0,4.7889,12.277,6.9403,0.00084,,6.9403,LS_only,0.001539,0,Very_Low
365597431,3473.0,4.80462,12.2772,6.6019,0.000569,,6.6019,LS_only,0.001184,0,Very_Low
306188777,3535.0,4.80415,12.2772,11.9405,0.000616,0.5833,11.9405,Match,0.00098,1,Low
275479421,3472.0,4.82643,12.2792,6.9403,0.000398,,6.9403,LS_only,0.001049,0,Very_Low
422554587,3782.0,4.61125,12.2794,10.8568,0.000599,,10.8568,LS_only,0.000917,0,Very_Low
427323148,3363.0,5.04192,12.2821,4.3899,0.000501,9.0,9.0,Harmonic_Corrected,0.00084,1,Low
389908768,3540.0,4.77587,12.2824,0.834,0.000725,1.6667,1.6667,Harmonic_Corrected,0.001221,1,Low
450125386,3426.0,4.6156,12.2826,1.9315,0.000514,,1.9315,LS_only,0.001527,0,Very_Low
316517667,3682.0,4.7141,12.2833,6.5094,0.000829,0.8333,6.5094,Match,0.00104,1,Low
160550882,3666.0,4.73061,12.2837,2.5862,0.000505,13.25,2.5862,Match,0.000983,1,Low
353936060,3475.0,4.76386,12.2838,3.1364,0.000206,,3.1364,LS_only,0.000656,0,Very_Low
376299645,3918.0,4.65836,12.2842,10.8247,0.002012,11.25,10.8247,Match,0.002005,2,Medium
302077107,3875.0,4.6587,12.2856,10.814,0.000504,,10.814,LS_only,0.00101,0,Very_Low
255978671,3945.0,4.63039,12.2913,10.8673,0.003513,0.5833,10.8673,Match,0.005449,2,Medium
289624192,3903.0,4.61611,12.2919,5.5518,0.000349,,5.5518,LS_only,0.000731,0,Very_Low
230385416,3927.0,4.74991,12.2935,7.8,0.000703,,7.8,LS_only,0.001031,0,Very_Low
233744724,3342.0,4.84099,12.2936,4.6622,0.000497,,4.6622,LS_only,0.000815,0,Very_Low
63589034,3177.0,4.97205,12.2939,1.0448,0.007347,10.1667,1.0448,Match,0.017043,2,Medium
348229948,3555.0,4.75467,12.294,3.1057,0.000272,,3.1057,LS_only,0.00078,0,Very_Low
415957794,3028.0,4.99916,12.2963,0.7152,0.001482,1.0833,0.7152,Match,0.010213,1,Low
302773444,3887.0,4.57525,12.3007,6.5888,0.00057,,6.5888,LS_only,0.001437,0,Very_Low
229760249,3431.0,4.81097,12.3012,0.6699,0.00051,0.6667,0.6699,Match,0.000807,2,Medium
389968535,3562.0,4.67417,12.3026,3.1364,0.003411,3.0833,3.1364,Match,0.002843,3,High
285935679,3680.0,4.79797,12.3031,4.3789,0.003139,21.5,4.3789,Match,0.004366,2,Medium
353895848,3400.0,4.85744,12.3033,3.3079,0.000295,,3.3079,LS_only,0.000533,0,Very_Low
258922572,3688.0,4.73086,12.3044,8.4012,0.00049,8.0833,8.4012,Match,0.000733,2,Medium
229684154,3869.0,4.68243,12.3072,3.2517,0.000317,,3.2517,LS_only,0.000762,0,Very_Low
230076121,3691.0,4.71488,12.3079,5.1946,0.000348,,5.1946,LS_only,0.000698,0,Very_Low
104028931,3996.0,4.58967,12.308,5.8861,0.00032,,5.8861,LS_only,0.00075,0,Very_Low
51955556,3885.0,4.66615,12.3085,10.8568,0.000762,9.1667,10.8568,Match,0.000957,1,Low
368727761,3385.0,4.89503,12.3102,2.2025,0.000842,,2.2025,LS_only,0.001698,0,Very_Low
229618478,3966.0,4.63584,12.3105,11.8876,0.000162,,11.8876,LS_only,0.00058,0,Very_Low
397281820,3699.0,4.65763,12.3111,6.5625,0.000614,,6.5625,LS_only,0.001235,0,Very_Low
53965431,3588.0,4.83971,12.312,7.4476,0.000389,,7.4476,LS_only,0.00087,0,Very_Low
251149777,3488.0,4.71609,12.3163,4.5146,0.003814,4.5,4.5146,Match,0.004398,3,High
284430205,3288.0,4.81796,12.3173,7.0066,0.051415,,7.0066,LS_only,0.123115,1,Low
403881701,3542.0,4.74627,12.3174,6.9135,0.001454,0.75,6.9135,Match,0.002377,1,Low
251816893,3692.0,4.77686,12.319,4.3236,0.000663,,4.3236,LS_only,0.001141,0,Very_Low
82490722,3772.0,4.67465,12.3193,11.8966,0.000817,13.0833,11.8966,Match,0.001166,2,Medium
67390998,3050.0,5.04777,12.3203,3.9488,0.000438,,3.9488,LS_only,0.001101,0,Very_Low
377073905,3795.0,4.71041,12.3207,10.8568,0.000978,0.5833,10.8568,Match,0.001105,1,Low
311233767,3371.0,4.85523,12.3208,4.875,0.000401,,4.875,LS_only,0.000752,0,Very_Low
347426057,3354.0,5.00283,12.3221,4.3679,0.000335,,4.3679,LS_only,0.000808,0,Very_Low
235687447,3547.0,4.77153,12.323,6.1607,0.00032,,6.1607,LS_only,0.000781,0,Very_Low
378766829,3789.0,4.69589,12.3233,9.965,0.00035,,9.965,LS_only,0.000842,0,Very_Low
232633580,3499.0,4.77642,12.3247,6.8865,0.000263,,6.8865,LS_only,0.000634,0,Very_Low
12002586,3823.0,4.64588,12.3254,10.8462,0.000614,,10.8462,LS_only,0.00136,0,Very_Low
332494764,3106.0,5.0023,12.3258,5.9371,0.001306,12.9167,12.9167,Harmonic_Corrected,0.001847,1,Low
467361606,3201.0,5.02153,12.3273,2.5561,0.001024,2.5833,2.5561,Match,0.001305,2,Medium
441810922,3882.0,4.67862,12.3274,3.3389,0.000408,,3.3389,LS_only,0.000893,0,Very_Low
332869938,3494.0,4.88781,12.3298,1.1464,0.000298,,1.1464,LS_only,0.00077,0,Very_Low
279186939,3757.0,4.71194,12.3301,4.5708,0.003103,18.3333,4.5708,Match,0.007235,2,Medium
12989930,3532.0,4.81882,12.3321,7.4077,0.000612,,7.4077,LS_only,0.00128,0,Very_Low
264803957,3960.0,4.65307,12.3335,4.9301,0.001049,9.25,9.25,Harmonic_Corrected,0.001547,1,Low
292519957,3193.0,4.99711,12.3345,4.5484,0.000672,4.5833,4.5484,Match,0.00094,2,Medium
233741643,3588.0,4.67276,12.3346,0.8208,0.000166,,0.8208,LS_only,0.000552,0,Very_Low
229449838,3760.0,4.70729,12.3349,9.8694,0.000611,,9.8694,LS_only,0.000832,0,Very_Low
404003406,3689.0,4.68135,12.3358,6.5888,0.000374,,6.5888,LS_only,0.000919,0,Very_Low
301168321,3906.0,4.62285,12.3365,6.2389,0.000311,0.5833,6.2389,Match,0.00078,1,Low
264193960,3774.0,4.76903,12.3367,4.3458,0.000395,,4.3458,LS_only,0.000763,0,Very_Low
256929683,3330.0,4.94264,12.3371,7.8679,0.0005,,7.8679,LS_only,0.000889,0,Very_Low
233074272,3382.0,4.76653,12.3383,3.2151,0.001068,3.3333,3.2151,Match,0.001225,2,Medium
219881125,3701.0,4.73827,12.3398,13.2237,0.000386,13.3333,13.2237,Match,0.000793,2,Medium
279946698,3675.0,4.80285,12.3399,6.1343,0.001545,,6.1343,LS_only,0.002217,0,Very_Low
235930678,3252.0,4.88617,12.34,1.1029,0.000391,,1.1029,LS_only,0.000979,0,Very_Low
385101977,3628.0,4.83038,12.3417,9.9415,0.001059,,9.9415,LS_only,0.002002,0,Very_Low
366070267,3565.0,4.82236,12.3424,10.8673,0.000298,,10.8673,LS_only,0.000729,0,Very_Low
63562714,3453.0,4.84281,12.3424,3.4634,0.000497,,3.4634,LS_only,0.000967,0,Very_Low
279600998,3345.0,4.87822,12.3451,6.9403,0.000491,,6.9403,LS_only,0.001158,0,Very_Low
73693127,3454.0,4.79211,12.3459,4.5596,0.000355,,4.5596,LS_only,0.000786,0,Very_Low
428055049,3434.0,4.64353,12.3465,6.9802,0.001104,13.1667,13.1667,Harmonic_Corrected,0.00146,1,Low
397235403,3386.0,4.88042,12.347,6.5888,0.000667,,6.5888,LS_only,0.001528,0,Very_Low
389540661,3567.0,4.78773,12.3489,10.8568,0.000532,,10.8568,LS_only,0.001776,0,Very_Low
352769233,3735.0,4.60714,12.3503,2.1827,0.000597,,2.1827,LS_only,0.001493,0,Very_Low
46505495,3402.0,4.84688,12.3512,5.122,0.000259,,5.122,LS_only,0.000792,0,Very_Low
252187659,3544.0,4.7432,12.3513,3.3546,0.000381,,3.3546,LS_only,0.000902,0,Very_Low
354626473,3411.0,4.80199,12.3522,2.6806,0.00022,,2.6806,LS_only,0.000696,0,Very_Low
264391731,3763.0,4.84006,12.3527,10.7922,0.000834,,10.7922,LS_only,0.000935,0,Very_Low
230395228,3177.0,4.86756,12.3535,0.7814,0.005749,0.75,0.7814,Match,0.004236,3,High
233568014,3687.0,4.70556,12.3536,10.7592,0.000476,,10.7592,LS_only,0.000717,0,Very_Low
458874148,3776.0,4.66164,12.3549,6.9802,0.000793,0.6667,6.9802,Match,0.001245,1,Low
459984820,3805.0,4.70045,12.3558,1.1347,0.0002,,1.1347,LS_only,0.000616,0,Very_Low
415961046,3341.0,4.82605,12.356,10.8462,0.000723,0.75,10.8462,Match,0.000974,1,Low
422608368,3633.0,4.66893,12.3589,3.2167,0.000511,,3.2167,LS_only,0.001061,0,Very_Low
77634567,3211.0,4.96169,12.3589,6.6019,0.000488,,6.6019,LS_only,0.000963,0,Very_Low
470778497,3419.0,4.72567,12.3595,0.8553,0.008634,0.8333,0.8553,Match,0.007234,3,High
28672674,3209.0,4.87772,12.3596,3.3825,0.009422,3.3333,3.3825,Match,0.007747,3,High
117869042,3897.0,4.67261,12.36,7.9081,0.001133,8.8333,7.9081,Match,0.001445,1,Low
467334840,3396.0,4.78084,12.3604,5.3939,0.000879,,5.3939,LS_only,0.001444,0,Very_Low
301269439,3658.0,4.73354,12.3609,9.1558,0.002044,8.0,9.1558,Match,0.002136,1,Low
10426191,3738.0,4.7263,12.3636,6.5888,0.000599,,6.5888,LS_only,0.00114,0,Very_Low
219873666,3900.0,4.64097,12.3653,3.4418,0.000253,,3.4418,LS_only,0.000601,0,Very_Low
376297461,3612.0,4.86854,12.3657,4.5259,0.000302,,4.5259,LS_only,0.000735,0,Very_Low
417663304,3584.0,4.80652,12.3685,15.0,0.000599,,15.0,LS_only,0.00095,0,Very_Low
359633377,3711.0,4.76103,12.3701,2.1233,0.000775,,2.1233,LS_only,0.00193,0,Very_Low
235683572,3610.0,4.74836,12.3706,8.4146,0.001754,1.1667,8.4146,Match,0.002026,1,Low
441721069,3800.0,4.69611,12.3707,8.9052,0.000977,8.6667,8.9052,Match,0.001058,2,Medium
312252503,3999.0,4.62389,12.3709,0.8616,0.000601,,0.8616,LS_only,0.001247,0,Very_Low
372639357,3431.0,4.79397,12.3714,9.1685,0.000563,0.5833,9.1685,Match,0.00095,1,Low
445444084,3289.0,4.94255,12.3717,6.6019,0.004282,12.9167,12.9167,Harmonic_Corrected,0.00501,2,Medium
199663926,3916.0,4.66303,12.3735,9.8449,0.000584,,9.8449,LS_only,0.000866,0,Very_Low
230134468,3445.0,4.75848,12.3742,4.4845,0.008356,4.1667,4.4845,Match,0.007777,3,High
461343199,3768.0,4.62131,12.3748,6.6149,0.000281,,6.6149,LS_only,0.000771,0,Very_Low
26647592,3490.0,4.91044,12.375,6.5625,0.000564,,6.5625,LS_only,0.001123,0,Very_Low
245399303,3996.0,4.58698,12.375,10.8355,0.000935,0.6667,10.8355,Match,0.001244,1,Low
233735301,3445.0,4.8487,12.3755,15.0,0.000269,,15.0,LS_only,0.000625,0,Very_Low
453151064,3711.0,4.65514,12.3756,5.9371,0.00371,0.8333,5.9371,Match,0.005804,2,Medium
403576794,3788.0,4.64788,12.3757,6.9934,0.000531,,6.9934,LS_only,0.000956,0,Very_Low
264174054,3790.0,4.66715,12.3758,4.3347,0.000311,,4.3347,LS_only,0.000582,0,Very_Low
49857122,3992.0,4.63394,12.3761,9.1048,0.000787,0.5833,9.1048,Match,0.001289,1,Low
259253371,3799.0,4.64617,12.3768,3.4729,0.000659,,3.4729,LS_only,0.001486,0,Very_Low
441812710,3692.0,4.71162,12.3771,7.7725,0.000258,,7.7725,LS_only,0.000668,0,Very_Low
418257102,3452.0,4.79517,12.3773,9.1685,0.00091,1.25,9.1685,Match,0.002215,1,Low
428738405,3365.0,4.98213,12.3787,5.615,0.0003,,5.615,LS_only,0.000726,0,Very_Low
301476901,3567.0,4.78998,12.3794,2.0611,0.000673,,2.0611,LS_only,0.001712,0,Very_Low
256482117,3859.0,4.59341,12.3795,7.381,0.000488,,7.381,LS_only,0.000806,0,Very_Low
229483903,3406.0,4.80904,12.3799,11.9143,0.000323,,11.9143,LS_only,0.000864,0,Very_Low
470842239,3589.0,4.73638,12.3801,5.9623,0.001398,,5.9623,LS_only,0.002398,0,Very_Low
52341699,3946.0,4.63042,12.3805,11.9577,0.003004,11.6667,11.9577,Match,0.002842,3,High
12646163,3852.0,4.65448,12.3805,3.1057,0.000662,,3.1057,LS_only,0.001185,0,Very_Low
259145966,3897.0,4.65556,12.3806,8.494,0.001027,,8.494,LS_only,0.001673,0,Very_Low
235929668,3433.0,4.81183,12.381,7.8814,0.000545,,7.8814,LS_only,0.001024,0,Very_Low
366072761,3562.0,4.58388,12.3815,9.181,0.007802,3.9167,9.181,Match,0.020333,2,Medium
316247386,3974.0,4.62721,12.3822,7.8814,0.000524,,7.8814,LS_only,0.001231,0,Very_Low
233070145,3596.0,4.8089,12.3824,4.1457,0.000152,,4.1457,LS_only,0.000517,0,Very_Low
312856491,3966.0,4.64882,12.3838,7.4343,0.001018,0.5833,7.4343,Match,0.002011,1,Low
379374792,3851.0,4.62931,12.3845,7.9213,0.002322,9.25,7.9213,Match,0.002567,2,Medium
237293455,3614.0,4.72726,12.385,9.1304,0.00064,0.5833,9.1304,Match,0.000989,1,Low
376996709,3806.0,4.67003,12.3852,4.6622,0.000274,,4.6622,LS_only,0.000692,0,Very_Low
236758438,3555.0,4.83508,12.3853,2.1362,0.000638,,2.1362,LS_only,0.001174,0,Very_Low
367454517,3302.0,4.85647,12.3863,3.1145,0.000653,,3.1145,LS_only,0.001381,0,Very_Low
199526452,3865.0,4.74367,12.3876,2.2488,0.000242,,2.2488,LS_only,0.000664,0,Very_Low
410438780,3584.0,4.77632,12.388,3.6812,0.004784,3.6667,3.6812,Match,0.003793,3,High
138054211,3258.0,4.86454,12.3894,1.8836,0.006756,1.8333,1.8836,Match,0.005285,3,High
409521513,3424.0,4.85706,12.39,4.3789,0.000303,,4.3789,LS_only,0.000808,0,Very_Low
366760231,3456.0,4.83706,12.3909,3.1989,0.000264,,3.1989,LS_only,0.00073,0,Very_Low
402950752,3493.0,4.80365,12.3912,6.1475,0.000415,,6.1475,LS_only,0.000852,0,Very_Low
243335025,3601.0,4.78651,12.3916,2.2395,0.000235,,2.2395,LS_only,0.000632,0,Very_Low
116884415,3919.0,4.59348,12.3931,9.9176,0.000487,0.5833,9.9176,Match,0.00081,1,Low
233089039,3958.0,4.65187,12.3933,8.4413,0.000975,8.6667,8.4413,Match,0.001084,2,Medium
284145966,3860.0,4.68939,12.3934,4.7545,0.000952,,4.7545,LS_only,0.001613,0,Very_Low
21117913,3454.0,4.85448,12.3967,3.5787,0.000372,,3.5787,LS_only,0.000804,0,Very_Low
450143418,3356.0,4.95014,12.3976,2.1362,0.000561,,2.1362,LS_only,0.001311,0,Very_Low
85528741,3361.0,4.80807,12.3983,3.3639,0.000488,,3.3639,LS_only,0.001061,0,Very_Low
233205846,3985.0,4.67092,12.3996,4.1457,0.000248,,4.1457,LS_only,0.000644,0,Very_Low
235929667,3437.0,4.81241,12.4005,9.1176,0.000546,,9.1176,LS_only,0.000993,0,Very_Low
230121228,3654.0,4.67301,12.402,11.7665,0.000667,0.5833,11.7665,Match,0.000824,1,Low
116217854,3410.0,4.93998,12.4022,5.9244,0.000678,,5.9244,LS_only,0.001263,0,Very_Low
334754198,3802.0,4.73035,12.4029,11.8876,0.002541,1.0,11.8876,Match,0.002287,2,Medium
427654745,3932.0,4.67488,12.4031,13.3125,0.00057,0.75,13.3125,Match,0.000881,1,Low
387270798,3470.0,4.77258,12.4048,7.381,0.000233,,7.381,LS_only,0.000706,0,Very_Low
233212839,3287.0,4.9035,12.4056,9.0529,0.000474,,9.0529,LS_only,0.000846,0,Very_Low
233232310,3917.0,4.67497,12.406,9.0659,0.000335,,9.0659,LS_only,0.000779,0,Very_Low
251276737,3568.0,4.82072,12.406,11.9231,0.000347,,11.9231,LS_only,0.000934,0,Very_Low
29056869,3389.0,4.85829,12.4065,1.9255,0.000403,,1.9255,LS_only,0.001177,0,Very_Low
301828564,3394.0,4.93822,12.4069,4.3789,0.002512,4.25,4.3789,Match,0.002925,3,High
407572896,3569.0,4.7867,12.4069,9.0919,0.001048,9.0833,9.0919,Match,0.001181,2,Medium
368447751,3448.0,4.79436,12.407,1.9434,0.000285,,1.9434,LS_only,0.000806,0,Very_Low
233157939,3565.0,4.76698,12.4082,3.4158,0.000296,,3.4158,LS_only,0.000665,0,Very_Low
348027493,3242.0,4.966,12.4093,4.3789,0.000372,,4.3789,LS_only,0.000801,0,Very_Low
370061827,3373.0,4.91362,12.4093,10.8462,0.000459,0.5833,10.8462,Match,0.001049,1,Low
199710041,3770.0,4.64699,12.4095,0.5857,0.000177,,0.5857,LS_only,0.000653,0,Very_Low
34754679,3386.0,4.85981,12.4105,4.3899,0.000288,,4.3899,LS_only,0.000796,0,Very_Low
198281815,3696.0,4.77023,12.4123,8.2919,0.00068,,8.2919,LS_only,0.000939,0,Very_Low
83143526,3400.0,4.84667,12.4137,11.9748,0.003781,1.1667,11.9748,Match,0.005131,2,Medium
198235884,3496.0,4.79396,12.4157,3.1274,0.012406,,3.1274,LS_only,0.021063,1,Low
271530543,3967.0,4.65658,12.4172,4.5708,0.000519,,4.5708,LS_only,0.001008,0,Very_Low
445378703,3497.0,4.75145,12.4193,5.3571,0.000532,,5.3571,LS_only,0.001189,0,Very_Low
377282797,3740.0,4.60294,12.4201,5.158,0.001409,5.1667,5.158,Match,0.001382,2,Medium
279926164,3269.0,4.8796,12.4208,4.3458,0.000565,,4.3458,LS_only,0.00126,0,Very_Low
285161401,3356.0,4.92768,12.4215,1.9062,0.000245,,1.9062,LS_only,0.000752,0,Very_Low
275465637,3818.0,4.66013,12.4221,6.5493,0.001156,13.0833,13.0833,Harmonic_Corrected,0.001417,1,Low
329153367,3759.0,4.67449,12.4236,13.2637,0.001682,0.75,13.2637,Match,0.00223,1,Low
184687644,3480.0,4.82706,12.4246,5.3939,0.000482,,5.3939,LS_only,0.001127,0,Very_Low
219860288,3281.0,4.90415,12.4251,13.1695,0.000824,13.3333,13.1695,Match,0.001005,2,Medium
397760022,3579.0,4.77564,12.4254,4.7659,0.000475,,4.7659,LS_only,0.000974,0,Very_Low
388601177,3175.0,4.86909,12.4261,1.6909,0.004619,1.6667,1.6909,Match,0.003814,3,High
301989638,3489.0,4.83559,12.4262,2.665,0.000364,,2.665,LS_only,0.00099,0,Very_Low
319716802,3728.0,4.65745,12.4263,1.3733,0.013897,1.3333,1.3733,Match,0.010467,3,High
251174250,3815.0,4.62985,12.4263,9.8449,0.001109,0.75,9.8449,Match,0.001469,1,Low
233618191,3542.0,4.81951,12.4279,6.4961,0.000341,13.1667,13.1667,Harmonic_Corrected,0.00068,1,Low
406640607,3752.0,4.67648,12.428,10.8779,0.000977,0.6667,10.8779,Match,0.001538,1,Low
376403391,3673.0,4.68503,12.4285,9.9296,0.000402,,9.9296,LS_only,0.000832,0,Very_Low
280074385,3481.0,4.68007,12.4286,15.0,0.00056,,15.0,LS_only,0.001079,0,Very_Low
235681891,3303.0,4.91838,12.4289,3.3173,0.000274,,3.3173,LS_only,0.000686,0,Very_Low
362224452,3817.0,4.65674,12.4289,6.9,0.000592,,6.9,LS_only,0.000943,0,Very_Low
279067782,3543.0,4.76471,12.429,2.6361,0.00054,,2.6361,LS_only,0.001345,0,Very_Low
422541479,3593.0,4.68623,12.4291,2.2737,0.000465,,2.2737,LS_only,0.000885,0,Very_Low
422610504,3464.0,4.76186,12.4297,4.4008,0.000489,13.0833,4.4008,Match,0.00089,1,Low
441795832,3777.0,4.72868,12.4298,3.4418,0.000229,,3.4418,LS_only,0.000566,0,Very_Low
399722100,3500.0,4.88166,12.4302,3.2703,0.000776,,3.2703,LS_only,0.001379,0,Very_Low
246978300,3548.0,4.86029,12.4302,3.598,0.000669,,3.598,LS_only,0.001436,0,Very_Low
354869471,3772.0,4.66776,12.4318,4.3679,0.000509,,4.3679,LS_only,0.001113,0,Very_Low
256320814,3925.0,4.65,12.4323,13.3125,0.001171,0.75,13.3125,Match,0.001972,1,Low
433971167,3622.0,4.71156,12.4327,4.2323,0.000481,,4.2323,LS_only,0.001079,0,Very_Low
435822548,3397.0,4.77609,12.4339,9.7952,0.000857,,9.7952,LS_only,0.001798,0,Very_Low
354785188,3109.0,5.04543,12.4341,4.72,0.000353,1.5833,4.72,Match,0.002234,1,Low
302147761,3892.0,4.79229,12.4347,1.327,0.000463,,1.327,LS_only,0.001394,0,Very_Low
198209677,3808.0,4.63367,12.4349,3.7398,0.000708,22.5,3.7398,Match,0.00149,1,Low
445640306,3393.0,4.84756,12.4362,3.1057,0.000243,,3.1057,LS_only,0.000808,0,Very_Low
289623211,3341.0,4.91576,12.437,11.8513,0.000757,,11.8513,LS_only,0.000989,0,Very_Low
420132403,3559.0,4.86011,12.4371,2.4643,0.000281,,2.4643,LS_only,0.000655,0,Very_Low
427322328,3627.0,4.72928,12.4373,4.743,0.000562,,4.743,LS_only,0.001156,0,Very_Low
237205427,3419.0,4.86791,12.4394,1.4807,0.000321,,1.4807,LS_only,0.000673,0,Very_Low
256516370,3290.0,5.00804,12.4395,6.5493,0.000734,,6.5493,LS_only,0.001101,0,Very_Low
91400464,3357.0,4.82447,12.4404,7.9609,0.000454,,7.9609,LS_only,0.000936,0,Very_Low
230078413,3936.0,4.70223,12.4408,5.1818,0.000733,5.0833,5.1818,Match,0.000912,2,Medium
196946817,3315.0,4.92841,12.4411,6.9802,0.004498,6.1667,6.9802,Match,0.004522,2,Medium
252176682,3924.0,4.6204,12.4413,11.9663,0.000871,0.5833,11.9663,Match,0.001298,1,Low
427516047,3794.0,4.67831,12.4427,10.8568,0.000831,0.6667,10.8568,Match,0.001118,1,Low
317652200,3705.0,4.75739,12.4428,9.9415,0.002969,9.1667,9.9415,Match,0.003722,3,High
139353180,3301.0,4.87439,12.4442,4.0857,0.000393,,4.0857,LS_only,0.000915,0,Very_Low
233611282,3761.0,4.67488,12.4459,3.2151,0.000462,,3.2151,LS_only,0.000783,0,Very_Low
139353181,3294.0,4.87339,12.446,4.7545,0.001255,,4.7545,LS_only,0.002029,0,Very_Low
236762247,3933.0,4.67911,12.4461,3.2151,0.000367,,3.2151,LS_only,0.000757,0,Very_Low
229609179,3415.0,4.91603,12.4464,4.2902,0.000327,,4.2902,LS_only,0.000657,0,Very_Low
441763983,3902.0,4.70418,12.4468,3.2902,0.000236,,3.2902,LS_only,0.000626,0,Very_Low
308957863,3462.0,4.97669,12.4473,7.9213,0.001872,0.5833,7.9213,Match,0.003568,1,Low
264220297,3844.0,4.70927,12.4475,11.9143,0.000273,,11.9143,LS_only,0.00071,0,Very_Low
292403432,3302.0,4.93106,12.4479,1.2978,0.018033,1.3333,1.2978,Match,0.01637,3,High
232983872,3448.0,4.72724,12.4489,7.7168,0.000462,,7.7168,LS_only,0.00089,0,Very_Low
285586061,3651.0,4.71842,12.4493,13.3125,0.000914,13.1667,13.3125,Match,0.001738,2,Medium
255922946,3585.0,4.76627,12.4516,13.3072,0.000254,,13.3072,LS_only,0.000729,0,Very_Low
10506748,3559.0,4.76061,12.4517,10.8462,0.000362,,10.8462,LS_only,0.001036,0,Very_Low
252852759,3183.0,4.95161,12.4523,0.5273,0.008745,1.5833,0.5273,Match,0.007947,2,Medium
237210219,3474.0,4.71739,12.4532,4.7085,0.000372,,4.7085,LS_only,0.000787,0,Very_Low
232983096,3351.0,4.96168,12.4533,1.5153,0.000262,,1.5153,LS_only,0.00069,0,Very_Low
365942861,3539.0,4.84463,12.4534,4.5708,0.001417,,4.5708,LS_only,0.002745,0,Very_Low
369823468,3789.0,4.59841,12.4552,9.181,0.001388,,9.181,LS_only,0.002705,0,Very_Low
116370328,3515.0,4.84193,12.4552,6.9802,0.000548,,6.9802,LS_only,0.00111,0,Very_Low
13840107,3424.0,4.80017,12.4555,1.3717,0.005438,2.75,2.75,Harmonic_Corrected,0.011417,2,Medium
12633772,3647.0,4.64547,12.4561,9.9415,0.000875,0.5833,9.9415,Match,0.001231,1,Low
49853887,3849.0,4.64581,12.4562,6.9403,0.001722,13.75,13.75,Harmonic_Corrected,0.00162,1,Low
241119435,3329.0,4.96096,12.4575,11.9492,0.000329,,11.9492,LS_only,0.000883,0,Very_Low
389413255,3290.0,4.85377,12.458,0.7542,0.016982,0.75,0.7542,Match,0.018403,3,High
52263090,3773.0,4.66708,12.4582,13.3125,0.000529,0.6667,13.3125,Match,0.001023,1,Low
461357730,3996.0,4.59592,12.4585,6.2647,0.000352,,6.2647,LS_only,0.000801,0,Very_Low
251766493,3361.0,4.93329,12.4612,11.8605,0.000711,,11.8605,LS_only,0.001051,0,Very_Low
186664624,3324.0,4.88383,12.4614,4.2216,0.000294,,4.2216,LS_only,0.000789,0,Very_Low
251301834,3407.0,4.82986,12.4621,11.8786,0.001013,0.8333,11.8786,Match,0.001395,1,Low
435161126,3298.0,4.96836,12.463,4.4008,0.000862,1.4167,4.4008,Match,0.002658,1,Low
129866360,3374.0,4.84076,12.4631,4.3899,0.000712,0.6667,4.3899,Match,0.001168,1,Low
289591049,3517.0,4.85622,12.4634,3.8555,0.000489,,3.8555,LS_only,0.001185,0,Very_Low
117169094,3421.0,4.76706,12.4645,11.9231,0.000976,,11.9231,LS_only,0.001586,0,Very_Low
82239157,3852.0,4.66122,12.4649,10.8031,0.001108,,10.8031,LS_only,0.002188,0,Very_Low
336006563,3736.0,4.71082,12.465,4.4577,0.000228,,4.4577,LS_only,0.000676,0,Very_Low
353854814,3618.0,4.75417,12.4654,0.6942,0.000196,,0.6942,LS_only,0.000655,0,Very_Low
455954904,3751.0,4.65239,12.4655,15.0,0.003637,,15.0,LS_only,0.005665,1,Low
319844090,3989.0,4.6898,12.4659,2.9582,0.000561,,2.9582,LS_only,0.001503,0,Very_Low
233088548,3553.0,4.72883,12.4667,6.4961,0.000405,,6.4961,LS_only,0.000765,0,Very_Low
461519513,3422.0,4.90488,12.4678,8.3878,0.000836,,8.3878,LS_only,0.001203,0,Very_Low
275484449,3293.0,4.81827,12.4687,2.197,0.01167,2.1667,2.197,Match,0.008878,3,High
363810662,3318.0,4.82158,12.4699,13.3178,0.000545,,13.3178,LS_only,0.00143,0,Very_Low
280412698,3726.0,4.63567,12.4728,11.9231,0.00079,12.9167,11.9231,Match,0.001164,2,Medium
368728040,3734.0,4.70663,12.4732,4.2537,0.00109,,4.2537,LS_only,0.002346,0,Very_Low
229941198,3813.0,4.72639,12.4733,13.2581,0.00119,0.5833,13.2581,Match,0.001411,1,Low
396656425,3419.0,4.81539,12.4747,6.5493,0.000951,,6.5493,LS_only,0.001578,0,Very_Low
252159744,3617.0,4.69972,12.4748,10.8462,0.000501,,10.8462,LS_only,0.000985,0,Very_Low
13352159,3162.0,4.98005,12.4748,0.7419,0.009892,0.75,0.7419,Match,0.007353,3,High
237103533,3616.0,4.8166,12.4751,5.7429,0.000586,,5.7429,LS_only,0.001197,0,Very_Low
441795747,3724.0,4.70001,12.4752,11.8513,0.000308,,11.8513,LS_only,0.000677,0,Very_Low
52038797,3499.0,4.76398,12.4771,11.9577,0.001768,0.5833,11.9577,Match,0.001919,1,Low
387446224,3533.0,4.76222,12.4783,0.6983,0.000946,1.4167,1.4167,Harmonic_Corrected,0.00206,1,Low
388132550,3455.0,4.79508,12.4805,1.0005,0.000317,,1.0005,LS_only,0.000885,0,Very_Low
203010521,3357.0,4.94449,12.4817,4.4008,0.000582,,4.4008,LS_only,0.001136,0,Very_Low
278929614,3520.0,4.77618,12.482,2.1429,0.000606,,2.1429,LS_only,0.001242,0,Very_Low
230078501,3698.0,4.65172,12.482,4.3654,0.000473,,4.3654,LS_only,0.000823,0,Very_Low
428260264,3419.0,4.81739,12.4823,9.0659,0.000842,1.1667,9.0659,Match,0.001545,1,Low
436926843,3402.0,4.8646,12.4832,10.8568,0.002524,10.25,10.8568,Match,0.003128,3,High
279702850,3267.0,4.82529,12.485,6.2518,0.002567,,6.2518,LS_only,0.003483,1,Low
104208182,3948.0,4.59404,12.4851,1.8649,0.000332,,1.8649,LS_only,0.000902,0,Very_Low
237254348,3702.0,4.74396,12.4864,3.5496,0.001346,0.6667,3.5496,Match,0.002422,1,Low
321597670,3587.0,4.79381,12.4866,10.8673,0.000352,,10.8673,LS_only,0.001121,0,Very_Low
420130101,3597.0,4.72026,12.4867,3.0531,0.000344,,3.0531,LS_only,0.000781,0,Very_Low
385256840,3490.0,4.77718,12.4879,9.0529,0.000466,0.5833,9.0529,Match,0.001106,1,Low
387354684,3631.0,4.78103,12.4887,8.494,0.000642,,8.494,LS_only,0.000979,0,Very_Low
219875976,3444.0,4.84899,12.4896,1.3636,0.000228,,1.3636,LS_only,0.000592,0,Very_Low
367739022,3271.0,4.88423,12.49,1.6973,0.00022,,1.6973,LS_only,0.000585,0,Very_Low
308779412,3150.0,5.01641,12.4919,6.9802,0.000484,1.3333,6.9802,Match,0.001398,1,Low
54629538,3386.0,4.88897,12.4919,3.5883,0.000409,,3.5883,LS_only,0.001203,0,Very_Low
331461570,3876.0,4.6692,12.4924,5.4183,0.000594,,5.4183,LS_only,0.00102,0,Very_Low
389914559,3349.0,4.93437,12.4929,8.4146,0.00057,,8.4146,LS_only,0.000885,0,Very_Low
235683377,3328.0,4.91612,12.4934,10.7812,0.000221,,10.7812,LS_only,0.000709,0,Very_Low
184678595,3575.0,4.8626,12.494,0.9489,0.000225,,0.9489,LS_only,0.000688,0,Very_Low
461341887,3682.0,4.73775,12.4947,3.2078,0.000278,,3.2078,LS_only,0.000801,0,Very_Low
366917540,3229.0,4.83673,12.495,6.2518,0.002153,12.1667,12.1667,Harmonic_Corrected,0.002393,1,Low
219755102,3348.0,4.89276,12.4976,10.7592,0.00028,,10.7592,LS_only,0.000674,0,Very_Low
229448801,3659.0,4.71375,12.4987,8.428,0.000443,0.5833,8.428,Match,0.000894,1,Low
71932456,3414.0,4.85641,12.4993,5.9371,0.001244,13.0833,5.9371,Match,0.001949,1,Low
229583029,3589.0,4.76218,12.4993,7.2719,0.000344,,7.2719,LS_only,0.000668,0,Very_Low
434270080,3531.0,4.89812,12.4994,0.9151,0.000267,,0.9151,LS_only,0.000772,0,Very_Low
219897611,3627.0,4.77552,12.4995,8.3058,0.000338,,8.3058,LS_only,0.00069,0,Very_Low
219898841,3515.0,4.71619,12.4999,5.8345,0.000218,,5.8345,LS_only,0.000734,0,Very_Low
279600298,3608.0,4.73809,12.5015,4.3458,0.000757,,4.3458,LS_only,0.00124,0,Very_Low
233201785,3591.0,4.81421,12.5027,4.3014,0.000284,,4.3014,LS_only,0.00075,0,Very_Low
299489133,3590.0,4.89442,12.5027,5.3939,0.00047,,5.3939,LS_only,0.000941,0,Very_Low
252834422,3876.0,4.61953,12.5028,9.9296,0.000509,,9.9296,LS_only,0.001057,0,Very_Low
116403299,3394.0,4.80438,12.5045,4.5146,0.004385,4.25,4.5146,Match,0.00396,3,High
116137651,3790.0,4.67575,12.5047,6.5493,0.000713,13.25,13.25,Harmonic_Corrected,0.000998,1,Low
116989036,3960.0,4.68171,12.5053,8.494,0.003076,1.0833,8.494,Match,0.018066,2,Medium
341816210,3420.0,4.79733,12.5066,5.5772,0.00056,,5.5772,LS_only,0.001305,0,Very_Low
233086272,3699.0,4.69903,12.5073,9.8571,0.000588,0.6667,9.8571,Match,0.000851,1,Low
65643204,3336.0,4.85205,12.5081,5.6525,0.000545,,5.6525,LS_only,0.001247,0,Very_Low
116211632,3428.0,4.75155,12.5087,6.9536,0.000531,,6.9536,LS_only,0.001144,0,Very_Low
233211759,3489.0,4.90122,12.5095,2.1295,0.000868,,2.1295,LS_only,0.003524,0,Very_Low
265196973,3766.0,4.63114,12.5099,1.1654,0.000394,3.4167,1.1654,Match,0.001002,1,Low
265001135,3524.0,4.68662,12.5106,10.814,0.000568,,10.814,LS_only,0.001104,0,Very_Low
51042921,3810.0,4.6612,12.5107,10.7922,0.001339,0.8333,10.7922,Match,0.001491,1,Low
428072211,3959.0,4.65121,12.5118,6.9403,0.000469,,6.9403,LS_only,0.00104,0,Very_Low
137158728,3287.0,4.9742,12.5121,2.2464,0.00051,,2.2464,LS_only,0.001051,0,Very_Low
410507076,3187.0,4.96616,12.5141,0.7067,0.012162,0.6667,0.7067,Match,0.008884,3,High
104058693,3819.0,4.63261,12.5146,4.5259,0.001316,,4.5259,LS_only,0.001929,0,Very_Low
379599588,3856.0,4.58753,12.5147,0.902,0.021861,0.9167,0.902,Match,0.0162,3,High
470679985,3305.0,4.89714,12.5152,2.3702,0.015649,2.25,2.3702,Match,0.013547,3,High
417600723,3460.0,4.84064,12.5161,8.4146,0.00043,,8.4146,LS_only,0.00083,0,Very_Low
408570032,3642.0,4.74629,12.5165,0.8587,0.000842,0.8333,0.8587,Match,0.001324,2,Medium
73491149,3409.0,4.83614,12.5167,9.1685,0.000941,,9.1685,LS_only,0.001372,0,Very_Low
398070165,3496.0,4.83851,12.5167,6.5888,0.000581,,6.5888,LS_only,0.001149,0,Very_Low
329248235,3394.0,4.82151,12.5167,7.381,0.000756,0.6667,7.381,Match,0.001125,1,Low
270053029,3413.0,4.85211,12.5174,2.3045,0.000377,,2.3045,LS_only,0.000879,0,Very_Low
101408163,3517.0,4.82778,12.5186,5.1099,0.000397,,5.1099,LS_only,0.000922,0,Very_Low
450003938,3584.0,4.74852,12.5191,9.9296,0.002198,0.6667,9.9296,Match,0.002426,1,Low
90667817,3323.0,4.94288,12.5192,5.1434,0.000652,,5.1434,LS_only,0.001152,0,Very_Low
399736280,3245.0,4.87122,12.5218,11.8876,0.000822,,11.8876,LS_only,0.001327,0,Very_Low
400538717,3834.0,4.74447,12.523,4.5596,0.001229,0.5833,4.5596,Match,0.001977,1,Low
259039250,3480.0,4.83177,12.524,8.4545,0.000292,,8.4545,LS_only,0.000771,0,Very_Low
461597569,3366.0,4.82977,12.5241,8.3878,0.000722,0.9167,8.3878,Match,0.002512,1,Low
422707452,3991.0,4.6004,12.5252,7.0066,0.000293,,7.0066,LS_only,0.000761,0,Very_Low
456083516,3532.0,4.7987,12.5254,9.7952,0.000681,,9.7952,LS_only,0.00125,0,Very_Low
274802629,3165.0,4.9345,12.5254,15.0,0.000663,,15.0,LS_only,0.001024,0,Very_Low
403254664,3847.0,4.68592,12.5258,5.4061,0.000842,,5.4061,LS_only,0.002054,0,Very_Low
237219280,3912.0,4.74223,12.526,3.5496,0.000259,,3.5496,LS_only,0.000663,0,Very_Low
229605187,3520.0,4.7315,12.5271,7.7863,0.000286,,7.7863,LS_only,0.000803,0,Very_Low
29002055,3246.0,4.85644,12.5281,1.9196,0.005162,,1.9196,LS_only,0.009225,1,Low
353735240,3497.0,4.68724,12.529,8.3878,0.000426,,8.3878,LS_only,0.000712,0,Very_Low
198185138,3744.0,4.70616,12.5295,10.7702,0.000257,,10.7702,LS_only,0.000723,0,Very_Low
256613012,3705.0,4.7543,12.5312,5.9244,0.001062,,5.9244,LS_only,0.001981,0,Very_Low
302549984,3634.0,4.72426,12.532,10.8462,0.006907,11.0,10.8462,Match,0.005695,3,High
272419596,3564.0,4.88314,12.5325,3.401,0.000433,,3.401,LS_only,0.00098,0,Very_Low
81603679,3262.0,4.75285,12.5329,5.8475,0.00992,5.6667,5.8475,Match,0.008795,3,High
256375401,3897.0,4.68271,12.5333,7.381,0.000608,,7.381,LS_only,0.001088,0,Very_Low
258680533,3728.0,4.76215,12.5342,0.6828,0.000856,0.75,0.6828,Match,0.001587,2,Medium
427925798,3908.0,4.63917,12.535,9.181,0.000793,,9.181,LS_only,0.001373,0,Very_Low
467335525,3489.0,4.83171,12.5361,0.5108,0.000218,,0.5108,LS_only,0.000708,0,Very_Low
275463903,3323.0,4.84211,12.5362,0.7868,0.000493,,0.7868,LS_only,0.000856,0,Very_Low
237306673,3500.0,4.78025,12.537,8.4545,0.000296,,8.4545,LS_only,0.000799,0,Very_Low
198414886,3313.0,4.82134,12.5372,4.5032,0.000543,,4.5032,LS_only,0.000948,0,Very_Low
82397698,3979.0,4.59472,12.5372,6.5493,0.000552,0.5833,6.5493,Match,0.001006,1,Low
12868098,3363.0,4.89091,12.5373,3.2881,0.002513,16.8333,3.2881,Match,0.003972,2,Medium
219807827,3702.0,4.72166,12.5373,8.4012,0.000961,9.4167,8.4012,Match,0.001265,1,Low
160602790,3210.0,4.99447,12.5376,0.8778,0.000255,,0.8778,LS_only,0.00081,0,Very_Low
379095939,3637.0,4.74665,12.5377,6.6019,0.000952,0.5833,6.6019,Match,0.001756,1,Low
241137538,3379.0,4.79763,12.5382,6.5888,0.00036,,6.5888,LS_only,0.000849,0,Very_Low
346851422,3345.0,4.90428,12.5385,4.6271,0.002293,,4.6271,LS_only,0.005722,1,Low
67568168,3133.0,4.83406,12.5387,0.7152,0.012959,0.75,0.7152,Match,0.009483,3,High
250500196,3309.0,4.91476,12.5391,4.72,0.000472,,4.72,LS_only,0.001038,0,Very_Low
307987410,3940.0,4.65795,12.5395,1.3182,0.000239,,1.3182,LS_only,0.000626,0,Very_Low
229975545,3837.0,4.67192,12.5396,11.9054,0.000429,,11.9054,LS_only,0.000809,0,Very_Low
229611412,3531.0,4.79874,12.5399,8.4012,0.000356,,8.4012,LS_only,0.000869,0,Very_Low
67570697,3047.0,5.05728,12.5407,0.5008,0.002419,1.4167,0.5008,Match,0.005065,2,Medium
280189982,3524.0,4.73002,12.5409,10.8247,0.000635,,10.8247,LS_only,0.001219,0,Very_Low
355824252,3677.0,4.6331,12.5409,1.6484,0.018085,1.6667,1.6484,Match,0.013885,3,High
285039638,3860.0,4.64589,12.5419,5.9497,0.000821,1.3333,5.9497,Match,0.003219,1,Low
285596906,3779.0,4.61764,12.5424,6.2518,0.006754,11.9167,11.9167,Harmonic_Corrected,0.006568,2,Medium
431764622,3534.0,4.81001,12.5431,3.5204,0.00043,,3.5204,LS_only,0.000812,0,Very_Low
165551882,3429.0,4.90092,12.5441,1.5402,0.000217,,1.5402,LS_only,0.0007,0,Very_Low
394050941,3674.0,4.8273,12.5455,4.4805,0.000427,,4.4805,LS_only,0.0008,0,Very_Low
219810383,3523.0,4.78123,12.5458,0.5798,0.000219,,0.5798,LS_only,0.000645,0,Very_Low
406600107,3780.0,4.68524,12.5462,13.3125,0.001196,0.8333,13.3125,Match,0.001414,1,Low
470772593,3414.0,4.82019,12.5471,6.2518,0.00567,12.8333,12.8333,Harmonic_Corrected,0.008367,2,Medium
240967172,3462.0,4.84144,12.5474,7.8814,0.000912,,7.8814,LS_only,0.001493,0,Very_Low
251224154,3548.0,4.74751,12.5478,3.6316,0.000351,,3.6316,LS_only,0.000834,0,Very_Low
387411240,3186.0,4.81297,12.5491,1.0998,0.000228,,1.0998,LS_only,0.000815,0,Very_Low
376879869,3669.0,4.71191,12.5499,10.7702,0.000841,0.9167,10.7702,Match,0.001067,1,Low
240819543,3707.0,4.81909,12.5503,5.8989,0.001792,13.0833,5.8989,Match,0.002638,1,Low
233728450,3865.0,4.66992,12.5504,13.2637,0.00133,1.3333,13.2637,Match,0.001527,1,Low
71853881,3247.0,4.9303,12.551,6.6019,0.000748,,6.6019,LS_only,0.001415,0,Very_Low
307955351,3625.0,4.81823,12.5511,1.4758,0.000275,,1.4758,LS_only,0.000765,0,Very_Low
417334596,3428.0,4.8383,12.5516,6.6019,0.001131,0.5833,6.6019,Match,0.001815,1,Low
229410798,3608.0,4.74089,12.5528,7.354,0.000353,,7.354,LS_only,0.000821,0,Very_Low
34717708,3342.0,4.87586,12.5533,4.0962,0.000716,,4.0962,LS_only,0.001446,0,Very_Low
233657951,3887.0,4.66111,12.5535,11.8786,0.00044,,11.8786,LS_only,0.000723,0,Very_Low
468278571,3541.0,4.78911,12.554,10.7812,0.002936,10.5833,10.7812,Match,0.003202,3,High
367335228,3510.0,4.85142,12.5561,10.8568,0.000971,0.5833,10.8568,Match,0.001097,1,Low
353074407,3601.0,4.78088,12.5571,6.5888,0.000561,,6.5888,LS_only,0.001322,0,Very_Low
288857260,3316.0,4.93171,12.5572,6.226,0.004967,1.25,6.226,Match,0.034105,2,Medium
229483270,3937.0,4.68298,12.5575,4.8829,0.000199,,4.8829,LS_only,0.000689,0,Very_Low
165530589,3159.0,4.96418,12.5582,1.9541,0.003324,2.0,1.9541,Match,0.002787,3,High
55001280,3903.0,4.6223,12.5584,2.1559,0.000911,,2.1559,LS_only,0.001673,0,Very_Low
237098529,3689.0,4.6896,12.5589,3.0731,0.000359,,3.0731,LS_only,0.000777,0,Very_Low
264797392,3404.0,4.8376,12.5608,4.697,0.000764,,4.697,LS_only,0.001188,0,Very_Low
54046409,3767.0,4.64852,12.5622,10.8673,0.001195,0.8333,10.8673,Match,0.001578,1,Low
256107708,3640.0,4.63911,12.5625,11.9663,0.000664,,11.9663,LS_only,0.001694,0,Very_Low
103946151,3635.0,4.71993,12.563,10.814,0.000824,,10.814,LS_only,0.001164,0,Very_Low
280074384,3577.0,4.73808,12.5632,4.5146,0.000534,,4.5146,LS_only,0.001212,0,Very_Low
400384054,3481.0,4.74665,12.5641,9.965,0.001425,,9.965,LS_only,0.002431,0,Very_Low
403580277,3640.0,4.67333,12.5663,5.4061,0.000729,,5.4061,LS_only,0.001609,0,Very_Low
408620708,3721.0,4.64209,12.5664,0.6104,0.000332,,0.6104,LS_only,0.000961,0,Very_Low
178082084,3349.0,4.90902,12.5664,9.1176,0.000759,,9.1176,LS_only,0.001099,0,Very_Low
365829943,3460.0,4.85315,12.5672,9.9415,0.001973,10.5833,9.9415,Match,0.00257,2,Medium
428616482,3605.0,4.73409,12.5676,1.3164,0.000329,,1.3164,LS_only,0.000909,0,Very_Low
230377324,3839.0,4.67646,12.5685,6.4826,0.001059,6.4167,6.4826,Match,0.001244,2,Medium
178104597,3303.0,4.94208,12.5704,2.76,0.005807,2.75,2.76,Match,0.005081,3,High
13078838,3910.0,4.65179,12.5705,6.226,0.000993,,6.226,LS_only,0.002282,0,Very_Low
139560333,3566.0,4.85305,12.5709,4.743,0.000328,,4.743,LS_only,0.000806,0,Very_Low
13459076,3473.0,4.64332,12.5726,0.7949,0.006787,1.5833,1.5833,Harmonic_Corrected,0.006421,2,Medium
301989032,3638.0,4.72498,12.5728,6.9403,0.000345,,6.9403,LS_only,0.000924,0,Very_Low
245506844,3838.0,4.59302,12.5733,8.494,0.000902,,8.494,LS_only,0.001407,0,Very_Low
468642818,3461.0,4.86921,12.5737,11.9231,0.001186,13.1667,11.9231,Match,0.001602,1,Low
370131495,3248.0,4.9859,12.5742,0.5221,0.005745,2.0833,0.5221,Match,0.004834,2,Medium
53015040,3296.0,4.89321,12.5745,11.9577,0.000347,,11.9577,LS_only,0.001061,0,Very_Low
198210588,3781.0,4.68446,12.5747,1.3291,0.00025,,1.3291,LS_only,0.000642,0,Very_Low
370122417,3700.0,4.72929,12.576,10.8673,0.004926,1.0,10.8673,Match,0.005336,2,Medium
367863781,3180.0,4.97169,12.5764,4.7545,0.000397,,4.7545,LS_only,0.000828,0,Very_Low
356349747,3638.0,4.80521,12.5768,7.8814,0.000261,,7.8814,LS_only,0.000815,0,Very_Low
374692929,3299.0,4.86106,12.5775,5.158,0.00673,1.0,5.158,Match,0.00941,2,Medium
229686220,3661.0,4.82353,12.5789,8.4545,0.000381,,8.4545,LS_only,0.000909,0,Very_Low
420842901,3866.0,4.71549,12.5791,2.1959,0.000582,,2.1959,LS_only,0.001627,0,Very_Low
46534290,3292.0,4.98127,12.5793,2.6131,0.000494,,2.6131,LS_only,0.001286,0,Very_Low
362258727,3204.0,4.95948,12.5795,4.6622,0.000335,,4.6622,LS_only,0.000765,0,Very_Low
233060935,3561.0,4.7114,12.58,7.8409,0.000282,,7.8409,LS_only,0.000723,0,Very_Low
445580861,3205.0,4.88762,12.5817,3.1057,0.00059,13.0,3.1057,Match,0.001079,1,Low
165501015,3919.0,4.68689,12.5822,3.5106,0.000258,,3.5106,LS_only,0.000686,0,Very_Low
138017972,3333.0,4.89857,12.5832,2.9655,0.0005,,2.9655,LS_only,0.001066,0,Very_Low
286637122,3222.0,4.95346,12.5857,8.3742,0.001049,,8.3742,LS_only,0.001542,0,Very_Low
370688114,3618.0,4.70627,12.5863,0.602,0.000896,1.1667,1.1667,Harmonic_Corrected,0.001847,1,Low
207493501,3362.0,4.8266,12.5863,2.0231,0.000461,,2.0231,LS_only,0.0012,0,Very_Low
28909805,3345.0,4.83533,12.5867,1.4857,0.000372,,1.4857,LS_only,0.001548,0,Very_Low
13079020,3925.0,4.62603,12.5871,2.0981,0.00049,,2.0981,LS_only,0.001396,0,Very_Low
232607180,3570.0,4.83278,12.5877,10.7592,0.000262,,10.7592,LS_only,0.000708,0,Very_Low
117110285,3920.0,4.61857,12.5877,5.3817,0.000621,,5.3817,LS_only,0.001578,0,Very_Low
390576461,3312.0,4.91206,12.5882,6.4961,0.000744,1.3333,6.4961,Match,0.001611,1,Low
230087050,3513.0,4.79797,12.5887,7.6744,0.000879,8.5,7.6744,Match,0.001132,1,Low
73528879,3203.0,4.99447,12.5899,0.5871,0.002998,0.5833,0.5871,Match,0.002315,3,High
402897810,3884.0,4.75869,12.59,6.9403,0.000821,0.75,6.9403,Match,0.00109,1,Low
236711782,3368.0,4.79986,12.5904,11.8696,0.000695,,11.8696,LS_only,0.00101,0,Very_Low
348234582,3611.0,4.80049,12.5907,2.8088,0.000487,,2.8088,LS_only,0.001106,0,Very_Low
54990385,3699.0,4.75481,12.5912,10.8568,0.000757,1.3333,10.8568,Match,0.001071,1,Low
265089650,3333.0,4.80527,12.592,3.3453,0.00045,,3.3453,LS_only,0.001014,0,Very_Low
229581854,3522.0,4.6729,12.5928,4.2678,0.000333,,4.2678,LS_only,0.000695,0,Very_Low
284718695,3334.0,4.92144,12.5938,13.3125,0.010659,0.5833,13.3125,Match,0.013994,2,Medium
320525039,3657.0,4.71847,12.594,4.1892,0.000326,,4.1892,LS_only,0.000932,0,Very_Low
11332689,3748.0,4.71415,12.596,6.9802,0.000744,,6.9802,LS_only,0.001748,0,Very_Low
280070427,3388.0,4.89847,12.5963,1.0753,0.000242,,1.0753,LS_only,0.000751,0,Very_Low
427470255,3631.0,4.72936,12.5964,3.2881,0.000617,,3.2881,LS_only,0.001389,0,Very_Low
427595462,3936.0,4.61776,12.5972,5.1699,0.000591,,5.1699,LS_only,0.001043,0,Very_Low
233124171,3766.0,4.70814,12.5983,0.6738,0.000193,,0.6738,LS_only,0.000638,0,Very_Low
428739216,3530.0,4.82716,12.6005,1.2712,0.006963,1.25,1.2712,Match,0.007455,3,High
441714800,3672.0,4.68997,12.6006,10.6334,0.000398,,10.6334,LS_only,0.000878,0,Very_Low
292405896,3631.0,4.81527,12.6017,4.3789,0.000706,13.1667,4.3789,Match,0.001571,1,Low
428077526,3619.0,4.67341,12.6026,7.8814,0.001749,7.9167,7.8814,Match,0.001856,2,Medium
237103217,3700.0,4.70009,12.6038,7.7308,0.00037,,7.7308,LS_only,0.000828,0,Very_Low
258873648,3686.0,4.7442,12.604,5.8475,0.000629,,5.8475,LS_only,0.000982,0,Very_Low
320324484,3401.0,4.80799,12.6045,2.1914,0.000268,,2.1914,LS_only,0.000746,0,Very_Low
370852899,3494.0,4.69231,12.6051,10.8568,0.003746,12.75,10.8568,Match,0.004446,2,Medium
11995368,3646.0,4.74511,12.6062,6.9669,0.001693,13.25,13.25,Harmonic_Corrected,0.002619,1,Low
219807217,3262.0,4.89337,12.6096,1.2783,0.00197,1.25,1.2783,Match,0.001928,2,Medium
336122550,3474.0,4.79374,12.6109,5.3694,0.003402,5.3333,5.3694,Match,0.003032,3,High
388526346,3250.0,4.86418,12.6113,2.2532,0.001467,2.1667,2.2532,Match,0.001679,2,Medium
367002248,3844.0,4.82436,12.6125,1.1464,0.0002,,1.1464,LS_only,0.000664,0,Very_Low
338162079,3256.0,4.91308,12.6128,5.9497,0.000934,,5.9497,LS_only,0.001456,0,Very_Low
316619147,3675.0,4.74609,12.6128,4.3347,0.000685,,4.3347,LS_only,0.001262,0,Very_Low
50508724,3539.0,4.80855,12.6131,3.4158,0.000617,,3.4158,LS_only,0.001333,0,Very_Low
450143416,3321.0,4.97382,12.6142,2.1362,0.000869,,2.1362,LS_only,0.001867,0,Very_Low
417702091,3924.0,4.63682,12.6143,4.9418,0.000702,4.4167,4.9418,Match,0.001052,1,Low
46476250,3173.0,4.89402,12.6148,0.8685,0.000932,4.4167,0.8685,Match,0.00338,1,Low
431899232,3330.0,4.94775,12.6152,3.2791,0.000339,,3.2791,LS_only,0.000945,0,Very_Low
390119283,3646.0,4.68088,12.6155,6.6019,0.00102,,6.6019,LS_only,0.001593,0,Very_Low
233735382,3664.0,4.67736,12.6163,3.2892,0.000528,13.0833,3.2892,Match,0.001049,1,Low
117177038,3943.0,4.66429,12.6167,4.5259,0.000867,9.0,9.0,Harmonic_Corrected,0.001443,1,Low
237099895,3672.0,4.75668,12.6167,4.1129,0.000359,,4.1129,LS_only,0.000797,0,Very_Low
230135143,3798.0,4.6904,12.6168,4.1429,0.001454,4.0833,4.1429,Match,0.001417,2,Medium
429001850,3700.0,4.85096,12.6173,6.8865,0.000269,,6.8865,LS_only,0.000863,0,Very_Low
292610718,3263.0,4.90061,12.6174,5.9371,0.000683,,5.9371,LS_only,0.001675,0,Very_Low
265459994,3709.0,4.79311,12.6178,3.5012,0.001663,,3.5012,LS_only,0.002447,0,Very_Low
288735994,3391.0,4.86427,12.6182,9.1176,0.000715,,9.1176,LS_only,0.001088,0,Very_Low
368733556,3403.0,4.85138,12.6191,3.0343,0.003101,3.0833,3.0343,Match,0.003512,3,High
219429281,3535.0,4.72706,12.6194,3.8451,0.000364,,3.8451,LS_only,0.000795,0,Very_Low
385405376,3943.0,4.70064,12.621,10.7702,0.000939,,10.7702,LS_only,0.001353,0,Very_Low
184778414,3710.0,4.92818,12.621,4.743,0.000336,8.9167,8.9167,Harmonic_Corrected,0.000842,1,Low
237012889,3637.0,4.84484,12.6212,15.0,0.001144,0.6667,15.0,Match,0.001542,1,Low
251152317,3210.0,4.90711,12.6216,6.5493,0.000334,,6.5493,LS_only,0.000977,0,Very_Low
233545908,3839.0,4.74387,12.622,15.0,0.000477,,15.0,LS_only,0.000907,0,Very_Low
192251660,3449.0,4.85964,12.6229,5.134,0.000505,,5.134,LS_only,0.001171,0,Very_Low
396007003,3373.0,4.91519,12.624,13.2911,0.001811,0.75,13.2911,Match,0.002466,1,Low
284049116,3875.0,4.66934,12.624,4.7659,0.000881,,4.7659,LS_only,0.001937,0,Very_Low
317590066,3785.0,4.73636,12.6244,6.6019,0.000593,,6.6019,LS_only,0.000929,0,Very_Low
435271299,3675.0,4.67356,12.6245,4.9652,0.000622,,4.9652,LS_only,0.001501,0,Very_Low
377974457,3425.0,4.86249,12.6258,4.2537,0.000355,,4.2537,LS_only,0.00108,0,Very_Low
367463087,3391.0,4.89544,12.627,6.5757,0.00092,,6.5757,LS_only,0.001645,0,Very_Low
369730689,3764.0,4.74556,12.6277,11.9577,0.000917,,11.9577,LS_only,0.001788,0,Very_Low
353898013,3230.0,4.89622,12.6288,1.6507,0.014812,1.6667,1.6507,Match,0.012388,3,High
230115815,3755.0,4.64822,12.6296,4.1658,0.000252,,4.1658,LS_only,0.000702,0,Very_Low
349978745,3759.0,4.73338,12.6297,6.2389,0.000423,,6.2389,LS_only,0.00124,0,Very_Low
139555010,3362.0,4.86713,12.6309,4.3899,0.002419,4.5,4.3899,Match,0.003055,3,High
385200020,3322.0,4.88852,12.6318,4.7085,0.001008,,4.7085,LS_only,0.001652,0,Very_Low
243336237,3252.0,4.83795,12.6325,1.9456,0.000294,,1.9456,LS_only,0.000815,0,Very_Low
77564268,3378.0,4.85913,12.6326,6.2518,0.0003,,6.2518,LS_only,0.000805,0,Very_Low
233513006,3376.0,4.86668,12.6327,2.7763,0.000261,,2.7763,LS_only,0.000767,0,Very_Low
302776074,3772.0,4.60643,12.634,3.2609,0.00048,,3.2609,LS_only,0.000974,0,Very_Low
434178424,3754.0,4.76369,12.6341,9.181,0.001849,,9.181,LS_only,0.002367,0,Very_Low
229454246,3438.0,4.71395,12.6345,7.3404,0.000441,,7.3404,LS_only,0.000886,0,Very_Low
233208400,3615.0,4.70047,12.635,5.5263,0.000249,,5.5263,LS_only,0.000727,0,Very_Low
365595507,3238.0,4.92007,12.6355,4.3899,0.000704,,4.3899,LS_only,0.001835,0,Very_Low
336119141,3191.0,4.89817,12.6356,8.4545,0.000674,,8.4545,LS_only,0.001126,0,Very_Low
229598094,3460.0,4.81445,12.6356,3.2059,0.000355,,3.2059,LS_only,0.000737,0,Very_Low
233501675,3634.0,4.77978,12.6357,7.6602,0.000776,0.9167,7.6602,Match,0.00114,1,Low
50616459,3406.0,4.80514,12.6362,15.0,0.000443,,15.0,LS_only,0.001049,0,Very_Low
399789568,3508.0,4.76041,12.6363,3.1543,0.000381,,3.1543,LS_only,0.000925,0,Very_Low
229507871,3450.0,4.84045,12.6369,7.381,0.000334,,7.381,LS_only,0.000896,0,Very_Low
229615081,3345.0,4.88833,12.6376,4.6154,0.000399,,4.6154,LS_only,0.000787,0,Very_Low
356893337,3271.0,4.95146,12.6378,3.4063,0.000362,,3.4063,LS_only,0.000721,0,Very_Low
353238667,3794.0,4.65601,12.6382,7.9213,0.000897,,7.9213,LS_only,0.002279,0,Very_Low
354257430,3532.0,4.81323,12.6383,10.8568,0.001374,,10.8568,LS_only,0.001847,0,Very_Low
341839537,3609.0,4.81743,12.6383,1.0883,0.000347,,1.0883,LS_only,0.000867,0,Very_Low
20771214,3494.0,4.79934,12.6389,13.3072,0.001849,12.9167,13.3072,Match,0.002499,2,Medium
77489358,3328.0,4.90754,12.6394,10.8568,0.001128,0.9167,10.8568,Match,0.001344,1,Low
445628672,3488.0,4.73146,12.6396,6.9802,0.000678,0.6667,6.9802,Match,0.00166,1,Low
271654772,3597.0,4.75039,12.6399,10.8673,0.001106,0.6667,10.8673,Match,0.001377,1,Low
390173361,3574.0,4.7142,12.6411,5.6525,0.000317,,5.6525,LS_only,0.000978,0,Very_Low
233684437,3670.0,4.67029,12.6422,2.7437,0.000454,0.75,2.7437,Match,0.006538,1,Low
316253935,3732.0,4.80447,12.6429,8.4677,0.000856,,8.4677,LS_only,0.001544,0,Very_Low
83624822,3676.0,4.71904,12.6432,2.1559,0.000674,,2.1559,LS_only,0.001758,0,Very_Low
251407798,3877.0,4.66501,12.6447,2.6336,0.000319,,2.6336,LS_only,0.000942,0,Very_Low
316556096,3627.0,4.86653,12.6453,3.4539,0.00062,,3.4539,LS_only,0.001257,0,Very_Low
379474523,3775.0,4.67686,12.646,10.8355,0.013982,9.6667,10.8355,Match,0.010801,2,Medium
165498437,3441.0,4.88927,12.646,9.0789,0.000314,,9.0789,LS_only,0.000879,0,Very_Low
424388104,3992.0,4.80579,12.6462,5.0735,0.00053,,5.0735,LS_only,0.000821,0,Very_Low
10973895,3547.0,4.73446,12.6469,10.8462,0.001025,0.8333,10.8462,Match,0.001707,1,Low
444584399,3769.0,4.64913,12.6479,10.8568,0.001797,1.0833,10.8568,Match,0.003091,1,Low
317591348,3916.0,4.71867,12.6489,10.8568,0.000441,,10.8568,LS_only,0.001012,0,Very_Low
232634180,3620.0,4.71993,12.6489,0.6249,0.002225,1.25,1.25,Harmonic_Corrected,0.001961,1,Low
347113476,3845.0,4.66095,12.6492,5.6649,0.006193,,5.6649,LS_only,0.010289,1,Low
229764062,3696.0,4.77629,12.6496,1.4388,0.00028,,1.4388,LS_only,0.000785,0,Very_Low
377810190,3936.0,4.643,12.6504,6.6279,0.000525,,6.6279,LS_only,0.001035,0,Very_Low
427584726,3776.0,4.65758,12.6505,10.8568,0.000631,,10.8568,LS_only,0.000901,0,Very_Low
407154437,3618.0,4.72054,12.6519,4.7659,0.000855,,4.7659,LS_only,0.001573,0,Very_Low
247407208,3134.0,4.878,12.6528,4.1066,0.000765,0.8333,4.1066,Match,0.00376,1,Low
406961662,3808.0,4.61862,12.653,0.8905,0.000849,,0.8905,LS_only,0.001665,0,Very_Low
284889132,3572.0,4.83506,12.6535,1.0987,0.000273,,1.0987,LS_only,0.00082,0,Very_Low
316734661,3544.0,4.73506,12.6547,3.1543,0.000412,,3.1543,LS_only,0.001024,0,Very_Low
366556144,3112.0,4.93109,12.6551,3.3825,0.004934,3.1667,3.3825,Match,0.004242,3,High
298289582,3868.0,4.67101,12.6554,7.3268,0.001047,14.5,14.5,Harmonic_Corrected,0.001726,1,Low
237223946,3780.0,4.67556,12.6572,4.3347,0.000542,13.0833,4.3347,Match,0.000901,1,Low
441809255,3385.0,4.87698,12.659,8.9732,0.001312,1.0,8.9732,Match,0.001667,1,Low
384832640,3612.0,4.70286,12.66,10.7592,0.000709,,10.7592,LS_only,0.001272,0,Very_Low
398336395,3361.0,4.89677,12.6609,7.8544,0.00064,,7.8544,LS_only,0.001241,0,Very_Low
445284073,3667.0,4.76198,12.6621,10.8568,0.000649,,10.8568,LS_only,0.001433,0,Very_Low
233072899,3808.0,4.71794,12.6629,4.3347,0.000389,,4.3347,LS_only,0.000805,0,Very_Low
354968452,3927.0,4.63425,12.6641,6.5625,0.00206,13.25,13.25,Harmonic_Corrected,0.002726,1,Low
233208639,3502.0,4.79052,12.6648,0.7656,0.000251,,0.7656,LS_only,0.000715,0,Very_Low
366110997,3566.0,4.78979,12.6653,13.3125,0.001733,,13.3125,LS_only,0.002723,0,Very_Low
236968383,3263.0,4.87286,12.6653,8.4545,0.002888,10.0,8.4545,Match,0.00289,2,Medium
292517539,3408.0,4.80707,12.666,4.2216,0.000456,,4.2216,LS_only,0.001259,0,Very_Low
445224636,3980.0,4.63191,12.6665,5.3939,0.0016,10.8333,10.8333,Harmonic_Corrected,0.002388,1,Low
377280562,3349.0,4.83143,12.6668,4.2323,0.000541,,4.2323,LS_only,0.001103,0,Very_Low
10422358,3907.0,4.63323,12.6674,6.9802,0.000776,0.6667,6.9802,Match,0.001416,1,Low
229973176,3260.0,4.8257,12.6692,6.4961,0.001049,6.4167,6.4961,Match,0.001293,2,Medium
219845585,3640.0,4.73061,12.6703,5.4878,0.003351,,5.4878,LS_only,0.006364,1,Low
452946910,3411.0,4.69595,12.6714,13.2965,0.001288,13.0833,13.2965,Match,0.002085,2,Medium
233733207,3391.0,4.85731,12.6715,3.5204,0.000282,,3.5204,LS_only,0.00067,0,Very_Low
353314370,3860.0,4.6933,12.6715,4.3789,0.001684,,4.3789,LS_only,0.003358,0,Very_Low
275904522,3805.0,4.65673,12.6737,4.3568,0.000289,,4.3568,LS_only,0.000953,0,Very_Low
320504102,3441.0,4.81593,12.6741,8.4012,0.000294,,8.4012,LS_only,0.000783,0,Very_Low
315937814,3555.0,4.77376,12.6746,2.6953,0.000594,,2.6953,LS_only,0.00176,0,Very_Low
358909029,3444.0,4.8019,12.6747,3.2078,0.00143,3.25,3.2078,Match,0.001456,2,Medium
288500817,3330.0,4.89616,12.6749,2.2374,0.000646,2.25,2.2374,Match,0.002542,2,Medium
229650375,3558.0,4.72809,12.6757,9.0659,0.006305,10.5833,9.0659,Match,0.005737,2,Medium
441792976,3511.0,4.70339,12.676,11.7761,0.000315,,11.7761,LS_only,0.000747,0,Very_Low
470719606,3951.0,4.66248,12.6761,7.9609,0.000796,,7.9609,LS_only,0.001806,0,Very_Low
312978947,3967.0,4.62749,12.6766,0.9552,0.001082,,0.9552,LS_only,0.003294,0,Very_Low
284357957,3780.0,4.67643,12.6766,4.3125,0.000429,,4.3125,LS_only,0.000878,0,Very_Low
251434330,3655.0,4.65759,12.6772,9.0397,0.001021,0.5833,9.0397,Match,0.001482,1,Low
285168749,3507.0,4.84946,12.6775,6.5888,0.000507,,6.5888,LS_only,0.001017,0,Very_Low
229937722,3773.0,4.69876,12.6785,4.4463,0.000901,13.1667,4.4463,Match,0.001286,1,Low
408728735,3342.0,4.96152,12.6803,3.2609,0.000541,,3.2609,LS_only,0.001004,0,Very_Low
199524870,3601.0,4.79255,12.6809,2.3012,0.000501,,2.3012,LS_only,0.000927,0,Very_Low
233051855,3676.0,4.80107,12.681,7.8409,0.000836,,7.8409,LS_only,0.001205,0,Very_Low
229963163,3372.0,4.8633,12.6821,4.4691,0.000876,13.6667,4.4691,Match,0.001359,1,Low
376639298,3895.0,4.65101,12.6823,10.8462,0.000619,,10.8462,LS_only,0.001112,0,Very_Low
390018919,3721.0,4.68062,12.6828,3.2243,0.000275,,3.2243,LS_only,0.000778,0,Very_Low
387998188,3143.0,5.0242,12.6835,11.9577,0.001177,22.9167,22.9167,Harmonic_Corrected,0.00257,1,Low
444796044,3707.0,4.67947,12.6839,10.8462,0.001694,0.6667,10.8462,Match,0.002222,1,Low
232616666,3356.0,4.86923,12.6843,2.8822,0.011915,2.8333,2.8822,Match,0.012734,3,High
279258697,3796.0,4.67757,12.6843,10.8462,0.002383,1.0833,10.8462,Match,0.00255,2,Medium
264912880,3935.0,4.63887,12.6848,4.5259,0.000719,,4.5259,LS_only,0.00148,0,Very_Low
279001501,3826.0,4.67956,12.6855,6.5888,0.000727,0.75,6.5888,Match,0.001435,1,Low
53706849,3876.0,4.57793,12.6874,6.9934,0.001768,13.8333,13.8333,Harmonic_Corrected,0.001934,1,Low
302158231,3699.0,4.69274,12.6876,9.1304,0.001022,,9.1304,LS_only,0.001996,0,Very_Low
435264032,3307.0,4.83851,12.6878,7.0066,0.000581,,7.0066,LS_only,0.001243,0,Very_Low
369279540,3801.0,4.71415,12.6882,11.9318,0.000583,,11.9318,LS_only,0.001254,0,Very_Low
351364969,3804.0,4.64184,12.6883,10.8673,0.00033,,10.8673,LS_only,0.000986,0,Very_Low
470850781,3897.0,4.662,12.6889,11.9748,0.001976,,11.9748,LS_only,0.003336,0,Very_Low
275711736,3604.0,4.65904,12.6893,6.5625,0.000411,,6.5625,LS_only,0.001015,0,Very_Low
10608775,3896.0,4.70105,12.6895,0.6798,0.000647,,0.6798,LS_only,0.001764,0,Very_Low
219104885,3609.0,4.72072,12.6896,4.8472,0.000373,,4.8472,LS_only,0.000846,0,Very_Low
289581681,3609.0,4.75575,12.6903,3.5411,0.000311,,3.5411,LS_only,0.000908,0,Very_Low
287149955,3225.0,5.01791,12.6914,4.4233,0.000284,,4.4233,LS_only,0.000769,0,Very_Low
332151183,3892.0,4.62728,12.6927,11.9577,0.000685,,11.9577,LS_only,0.001244,0,Very_Low
52347095,3716.0,4.59013,12.6942,11.9577,0.001221,,11.9577,LS_only,0.001668,0,Very_Low
11236789,3480.0,4.84402,12.695,2.1827,0.00097,,2.1827,LS_only,0.00198,0,Very_Low
50263622,3757.0,4.63865,12.6954,10.7922,0.001785,0.6667,10.7922,Match,0.002331,1,Low
377982475,3785.0,4.70311,12.6955,6.6149,0.000711,,6.6149,LS_only,0.001582,0,Very_Low
116556399,3272.0,4.85361,12.6956,0.6972,0.000712,0.6667,0.6972,Match,0.00164,2,Medium
271243437,3484.0,4.85006,12.6969,10.8779,0.001137,0.5833,10.8779,Match,0.001634,1,Low
452920657,3907.0,4.59828,12.6973,5.9371,0.001967,13.25,5.9371,Match,0.003633,1,Low
371470115,3591.0,4.87532,12.6976,3.9694,0.000537,,3.9694,LS_only,0.001192,0,Very_Low
232611387,3655.0,4.69073,12.6981,4.6505,0.000885,,4.6505,LS_only,0.001809,0,Very_Low
353320768,3722.0,4.68883,12.6981,6.5757,0.000994,0.8333,6.5757,Match,0.001409,1,Low
236758399,3353.0,4.87021,12.6982,3.1274,0.000227,,3.1274,LS_only,0.00073,0,Very_Low
229940234,3721.0,4.72602,12.6988,3.0443,0.000396,,3.0443,LS_only,0.000859,0,Very_Low
199571528,3419.0,4.86541,12.6992,10.7702,0.000647,0.8333,10.7702,Match,0.001203,1,Low
312856562,3858.0,4.6874,12.6995,6.5888,0.001458,,6.5888,LS_only,0.002266,0,Very_Low
445424979,3361.0,4.79903,12.6998,11.9577,0.000546,,11.9577,LS_only,0.001448,0,Very_Low
397280478,3755.0,4.74047,12.7,6.213,0.000539,,6.213,LS_only,0.001038,0,Very_Low
233527444,3577.0,4.73299,12.7003,7.8,0.000274,,7.8,LS_only,0.000634,0,Very_Low
198388382,3365.0,4.88036,12.702,4.5032,0.000294,,4.5032,LS_only,0.000943,0,Very_Low
233073451,3838.0,4.68847,12.7025,4.8592,0.001295,0.6667,4.8592,Match,0.001578,1,Low
351690736,3684.0,4.67234,12.7029,9.9415,0.002051,9.5833,9.9415,Match,0.00209,2,Medium
356824045,3511.0,4.7922,12.7031,7.8273,0.000997,0.9167,7.8273,Match,0.001475,1,Low
292520482,3059.0,5.11405,12.7033,11.9577,0.005206,12.6667,11.9577,Match,0.004649,3,High
357045188,3279.0,4.94848,12.7054,3.1543,0.003475,,3.1543,LS_only,0.007144,1,Low
259110015,3611.0,4.76173,12.7055,6.9802,0.002562,,6.9802,LS_only,0.0062,1,Low
399581172,3223.0,4.88758,12.7055,0.7196,0.000758,1.25,0.7196,Match,0.005312,1,Low
374788426,3697.0,4.68926,12.7063,8.494,0.001537,,8.494,LS_only,0.003142,0,Very_Low
427466954,3108.0,5.09138,12.7063,9.9415,0.000637,,9.9415,LS_only,0.001178,0,Very_Low
233692706,3636.0,4.73027,12.7066,1.4523,0.000625,,1.4523,LS_only,0.001317,0,Very_Low
286242533,3420.0,4.86853,12.7066,4.5596,0.000917,0.5833,4.5596,Match,0.001418,1,Low
377070281,3797.0,4.7045,12.7067,1.0932,0.000421,,1.0932,LS_only,0.001141,0,Very_Low
369089828,3267.0,4.84863,12.7068,3.8209,0.005529,3.8333,3.8209,Match,0.004588,3,High
434893443,3891.0,4.65564,12.707,4.2537,0.0009,,4.2537,LS_only,0.001749,0,Very_Low
356241590,3149.0,5.03689,12.7078,8.4545,0.000311,,8.4545,LS_only,0.000905,0,Very_Low
441716120,3564.0,4.82168,12.7079,8.1789,0.000334,0.75,8.1789,Match,0.000746,1,Low
198188588,3645.0,4.76777,12.708,6.0542,0.000341,,6.0542,LS_only,0.000905,0,Very_Low
398072819,3940.0,4.6355,12.709,3.4729,0.000391,,3.4729,LS_only,0.001229,0,Very_Low
230071306,3536.0,4.73973,12.7094,11.7953,0.001381,1.75,11.7953,Match,0.001408,1,Low
301912606,3579.0,4.74994,12.7099,2.5485,0.000637,,2.5485,LS_only,0.001308,0,Very_Low
288428750,3531.0,4.71929,12.71,2.5107,0.000272,,2.5107,LS_only,0.000834,0,Very_Low
332491611,3270.0,4.98545,12.7101,2.3253,0.000666,,2.3253,LS_only,0.001674,0,Very_Low
368601162,3704.0,4.71132,12.7104,7.0197,0.001242,,7.0197,LS_only,0.002174,0,Very_Low
237216719,3885.0,4.71521,12.7107,5.0735,0.000411,,5.0735,LS_only,0.00098,0,Very_Low
280069113,3295.0,4.77129,12.7112,0.7416,0.009543,0.75,0.7416,Match,0.009416,3,High
366026193,3608.0,4.73095,12.7121,3.2167,0.000867,,3.2167,LS_only,0.00191,0,Very_Low
275690748,3339.0,4.88532,12.7121,3.0443,0.002243,3.0,3.0443,Match,0.002002,2,Medium
198358201,3855.0,4.67917,12.7128,3.0443,0.000528,,3.0443,LS_only,0.001188,0,Very_Low
13036109,3875.0,4.60997,12.7136,1.5751,0.002451,1.5833,1.5751,Match,0.002676,3,High
317653445,3677.0,4.73775,12.7137,3.3825,0.000307,,3.3825,LS_only,0.000833,0,Very_Low
384913107,3313.0,4.96559,12.7141,6.1343,0.000834,,6.1343,LS_only,0.001293,0,Very_Low
233128986,3316.0,4.8615,12.7142,1.8956,0.000275,,1.8956,LS_only,0.000791,0,Very_Low
232612888,3191.0,5.07785,12.716,13.2524,0.00033,,13.2524,LS_only,0.000845,0,Very_Low
229749413,3656.0,4.81272,12.7165,3.2243,0.000353,,3.2243,LS_only,0.000843,0,Very_Low
77568002,3147.0,4.97713,12.7168,1.1464,0.000293,,1.1464,LS_only,0.000928,0,Very_Low
356870317,3756.0,4.71335,12.7174,13.2637,0.000894,0.6667,13.2637,Match,0.001112,1,Low
302544259,3377.0,4.87368,12.7179,1.7017,0.000535,,1.7017,LS_only,0.001469,0,Very_Low
427731711,3625.0,4.73234,12.718,7.4476,0.001797,0.5833,7.4476,Match,0.002713,1,Low
219090146,3677.0,4.84948,12.7199,4.3014,0.001124,,4.3014,LS_only,0.002155,0,Very_Low
117500951,3651.0,4.77616,12.7199,4.3789,0.001392,,4.3789,LS_only,0.002172,0,Very_Low
271022160,3595.0,4.70416,12.7208,5.9623,0.00096,,5.9623,LS_only,0.00169,0,Very_Low
117806404,3879.0,4.63572,12.7212,6.5888,0.00432,6.3333,6.5888,Match,0.003642,3,High
390247252,3846.0,4.62183,12.7214,6.5888,0.000864,0.8333,6.5888,Match,0.001751,1,Low
417645226,3295.0,4.95481,12.7216,7.381,0.000576,,7.381,LS_only,0.00097,0,Very_Low
353607037,3956.0,4.67351,12.7228,6.5625,0.000598,,6.5625,LS_only,0.001062,0,Very_Low
378941459,3736.0,4.70035,12.7236,2.1893,0.000627,,2.1893,LS_only,0.001289,0,Very_Low
252129543,3503.0,4.8077,12.7245,11.9577,0.000991,,11.9577,LS_only,0.001696,0,Very_Low
229937610,3724.0,4.7077,12.725,10.748,0.001333,0.75,10.748,Match,0.001441,1,Low
456045174,3803.0,4.66053,12.7252,6.6279,0.000408,,6.6279,LS_only,0.0011,0,Very_Low
192592105,3838.0,4.83669,12.7253,3.4824,0.001797,,3.4824,LS_only,0.003506,0,Very_Low
235987206,3524.0,4.78799,12.7253,7.8814,0.000499,,7.8814,LS_only,0.000938,0,Very_Low
332869948,3763.0,4.69071,12.7254,4.5596,0.000652,,4.5596,LS_only,0.001349,0,Very_Low
316047280,3347.0,4.72566,12.7274,4.697,0.000805,,4.697,LS_only,0.001323,0,Very_Low
137156909,3385.0,4.97448,12.7278,13.2857,0.000584,,13.2857,LS_only,0.001258,0,Very_Low
427809432,3082.0,5.08409,12.7281,2.6962,0.000454,,2.6962,LS_only,0.001257,0,Very_Low
452986003,3309.0,4.88734,12.7287,13.3125,0.001084,,13.3125,LS_only,0.002027,0,Very_Low
258776466,3578.0,4.8114,12.7294,2.2189,0.00052,,2.2189,LS_only,0.001012,0,Very_Low
452989720,3203.0,4.94586,12.7315,5.6649,0.003141,5.0833,5.6649,Match,0.003651,2,Medium
160535751,3505.0,4.80406,12.7321,10.748,0.000449,,10.748,LS_only,0.000942,0,Very_Low
116498204,3387.0,4.85854,12.7339,4.3789,0.000637,,4.3789,LS_only,0.00182,0,Very_Low
83973350,3959.0,4.64956,12.7342,7.0066,0.000673,13.0,13.0,Harmonic_Corrected,0.001185,1,Low
5672399,3342.0,5.01356,12.7344,3.841,0.001795,7.4167,7.4167,Harmonic_Corrected,0.003023,1,Low
230129303,3444.0,4.71921,12.7344,4.9254,0.003294,4.5833,4.9254,Match,0.003052,3,High
428205438,3694.0,4.74972,12.7346,6.9536,0.000764,0.6667,6.9536,Match,0.001686,1,Low
230084392,3379.0,4.9095,12.7346,13.2,0.000596,0.5833,13.2,Match,0.000974,1,Low
418410775,3780.0,4.67681,12.735,3.841,0.002201,3.8333,3.841,Match,0.002452,2,Medium
470924133,3593.0,4.7303,12.7358,11.9663,0.000427,,11.9663,LS_only,0.001157,0,Very_Low
372689007,3680.0,4.83396,12.7364,3.0795,0.00031,,3.0795,LS_only,0.00088,0,Very_Low
346931667,3629.0,4.59531,12.7367,4.9535,0.00089,,4.9535,LS_only,0.001967,0,Very_Low
470683727,3388.0,4.87307,12.7367,1.7231,0.017484,1.75,1.7231,Match,0.013198,3,High
374301981,3424.0,4.79313,12.7382,10.8462,0.001531,1.0833,10.8462,Match,0.001884,1,Low
275484317,3838.0,4.64282,12.7389,9.8936,0.000651,,9.8936,LS_only,0.001181,0,Very_Low
232626447,3441.0,4.85531,12.74,3.4063,0.000409,,3.4063,LS_only,0.000915,0,Very_Low
308126348,3137.0,4.89223,12.7404,3.0343,0.011828,3.0833,3.0343,Match,0.009705,3,High
198279258,3462.0,4.82789,12.7405,3.915,0.001589,3.9167,3.915,Match,0.001647,2,Medium
376638433,3983.0,4.69581,12.7412,4.3899,0.000653,4.1667,4.3899,Match,0.001165,2,Medium
397797952,3911.0,4.65593,12.7415,9.181,0.000725,,9.181,LS_only,0.001148,0,Very_Low
229455419,3298.0,5.02967,12.7417,2.013,0.000369,,2.013,LS_only,0.000932,0,Very_Low
366027959,3816.0,4.63491,12.7425,3.4918,0.000379,,3.4918,LS_only,0.000869,0,Very_Low
341817646,3390.0,4.87962,12.7426,3.3079,0.000299,,3.3079,LS_only,0.000787,0,Very_Low
233573351,3590.0,4.68952,12.7436,6.8593,0.000273,,6.8593,LS_only,0.000692,0,Very_Low
306188390,3989.0,4.60981,12.7442,6.5888,0.000732,,6.5888,LS_only,0.00127,0,Very_Low
22942521,3346.0,4.9486,12.7443,11.9577,0.004841,1.3333,11.9577,Match,0.006019,2,Medium
461423950,3875.0,4.67833,12.7444,9.9533,0.00124,0.5833,9.9533,Match,0.001369,1,Low
444835173,3735.0,4.75531,12.7453,2.1173,0.001898,,2.1173,LS_only,0.003541,0,Very_Low
287139872,3652.0,4.71387,12.7463,3.8555,0.000213,,3.8555,LS_only,0.000701,0,Very_Low
252164739,3662.0,4.75876,12.7464,11.9318,0.00173,1.25,11.9318,Match,0.001877,1,Low
271654200,3841.0,4.64054,12.747,7.0197,0.00073,,7.0197,LS_only,0.001277,0,Very_Low
186597420,3492.0,4.86621,12.748,11.9405,0.000361,,11.9405,LS_only,0.000897,0,Very_Low
287152070,3278.0,4.92618,12.7484,3.7193,0.000411,,3.7193,LS_only,0.000924,0,Very_Low
332571654,3138.0,4.90828,12.7488,1.8642,0.001323,14.5833,1.8642,Match,0.004764,1,Low
198185371,3693.0,4.74804,12.7489,10.7368,0.000409,,10.7368,LS_only,0.000942,0,Very_Low
410866600,3471.0,4.83426,12.7492,4.3899,0.000428,,4.3899,LS_only,0.0013,0,Very_Low
280407200,3673.0,4.67456,12.75,9.8936,0.000365,,9.8936,LS_only,0.000975,0,Very_Low
369237959,3587.0,4.79908,12.7516,6.5888,0.003885,12.6667,12.6667,Harmonic_Corrected,0.004733,2,Medium
366517606,3561.0,4.75511,12.7517,7.3944,0.000468,,7.3944,LS_only,0.001024,0,Very_Low
250520063,3343.0,4.84007,12.7523,4.5484,0.000442,,4.5484,LS_only,0.001143,0,Very_Low
397763059,3953.0,4.65103,12.7524,7.9346,0.000629,,7.9346,LS_only,0.001098,0,Very_Low
288517585,3169.0,4.86408,12.7524,0.8824,0.012344,0.9167,0.8824,Match,0.011027,3,High
354546629,3539.0,4.84729,12.7527,4.2323,0.000868,,4.2323,LS_only,0.001667,0,Very_Low
198554875,3568.0,4.86884,12.753,4.4577,0.00043,,4.4577,LS_only,0.000981,0,Very_Low
235934191,3821.0,4.68717,12.7534,7.8814,0.001036,0.6667,7.8814,Match,0.00128,1,Low
377606609,3535.0,4.84857,12.7537,1.2644,0.000392,,1.2644,LS_only,0.001237,0,Very_Low
453305664,3881.0,4.61332,12.754,6.6019,0.000812,,6.6019,LS_only,0.001517,0,Very_Low
265306437,3251.0,4.88558,12.7543,9.9057,0.000743,0.5833,9.9057,Match,0.001031,1,Low
445665792,3589.0,4.75641,12.7546,6.5888,0.000527,,6.5888,LS_only,0.001204,0,Very_Low
187086599,3147.0,4.91251,12.7552,6.226,0.001172,2.1667,6.226,Match,0.003194,1,Low
353079602,3838.0,4.66616,12.7575,5.9244,0.001004,,5.9244,LS_only,0.002114,0,Very_Low
420129758,3524.0,4.77935,12.7577,2.1694,0.000411,,2.1694,LS_only,0.000959,0,Very_Low
368105690,3398.0,4.80761,12.758,6.6279,0.001089,,6.6279,LS_only,0.001758,0,Very_Low
52180381,3332.0,4.86379,12.7595,1.8465,0.001522,0.5833,1.8465,Match,0.003723,1,Low
269929246,3437.0,4.93088,12.7604,4.4118,0.000519,,4.4118,LS_only,0.001369,0,Very_Low
237102124,3721.0,4.66015,12.7604,5.2326,0.000291,,5.2326,LS_only,0.000856,0,Very_Low
233098282,3966.0,4.69929,12.7609,5.3077,0.000287,,5.3077,LS_only,0.000735,0,Very_Low
362961746,3598.0,4.75585,12.7619,9.9533,0.000495,,9.9533,LS_only,0.001078,0,Very_Low
159511173,3524.0,4.83459,12.7621,7.7725,0.000741,7.8333,7.7725,Match,0.001124,2,Medium
279707327,3913.0,4.65334,12.7621,4.5708,0.001672,8.8333,8.8333,Harmonic_Corrected,0.001789,1,Low
219865662,3453.0,4.80157,12.7628,9.7952,0.001177,10.1667,9.7952,Match,0.001518,2,Medium
249859233,3599.0,4.84119,12.7632,0.8714,0.000526,,0.8714,LS_only,0.001515,0,Very_Low
198236586,3462.0,4.79164,12.7632,11.8876,0.001201,0.9167,11.8876,Match,0.001637,1,Low
284192530,3276.0,4.95598,12.7643,2.3154,0.002975,2.25,2.3154,Match,0.00255,3,High
390804628,3915.0,4.62919,12.7645,6.4961,0.001808,13.5,13.5,Harmonic_Corrected,0.002211,1,Low
251515809,3874.0,4.70258,12.766,10.7368,0.001233,0.6667,10.7368,Match,0.001619,1,Low
297693922,3764.0,4.69747,12.7662,4.5259,0.000843,,4.5259,LS_only,0.00139,0,Very_Low
367837191,3705.0,4.73555,12.7664,3.1184,0.000481,,3.1184,LS_only,0.000867,0,Very_Low
444617582,3703.0,4.66601,12.7666,11.9577,0.00098,0.5833,11.9577,Match,0.001721,1,Low
250510279,3499.0,4.8356,12.7674,6.9934,0.00074,,6.9934,LS_only,0.001281,0,Very_Low
219757125,3343.0,4.86288,12.7678,10.7702,0.001472,11.0833,10.7702,Match,0.001898,2,Medium
400827229,3484.0,4.84703,12.7694,1.4427,0.000277,,1.4427,LS_only,0.000833,0,Very_Low
258509306,3480.0,4.79435,12.7702,4.5259,0.000972,13.8333,4.5259,Match,0.001559,1,Low
115915293,3644.0,4.65687,12.771,2.9245,0.001791,2.9167,2.9245,Match,0.002346,2,Medium
117654599,3389.0,4.80742,12.771,4.0541,0.000439,,4.0541,LS_only,0.001267,0,Very_Low
445568543,3508.0,4.8335,12.7715,6.9934,0.002106,,6.9934,LS_only,0.002563,0,Very_Low
434171513,3924.0,4.65079,12.7721,10.8779,0.001801,13.0,10.8779,Match,0.003534,1,Low
403578197,3654.0,4.64893,12.7721,10.8673,0.003673,1.8333,10.8673,Match,0.003452,2,Medium
116209966,3931.0,4.68019,12.7722,6.5625,0.000596,,6.5625,LS_only,0.001574,0,Very_Low
400253484,3439.0,4.84179,12.7731,3.3063,0.000429,,3.3063,LS_only,0.001135,0,Very_Low
366517603,3552.0,4.76008,12.7733,5.8989,0.000813,,5.8989,LS_only,0.001373,0,Very_Low
297650789,3749.0,4.70923,12.7752,6.5493,0.002034,13.0833,13.0833,Harmonic_Corrected,0.002676,1,Low
367142878,3261.0,4.89879,12.7761,10.8247,0.000621,,10.8247,LS_only,0.001106,0,Very_Low
353818806,3804.0,4.76703,12.7762,1.8649,0.000301,,1.8649,LS_only,0.000885,0,Very_Low
377905218,3894.0,4.7215,12.7763,0.6253,0.000462,,0.6253,LS_only,0.001226,0,Very_Low
265272708,3324.0,4.72891,12.7779,1.8236,0.007443,1.8333,1.8236,Match,0.006901,3,High
252146592,3665.0,4.6319,12.7779,5.4061,0.014047,5.3333,5.4061,Match,0.011154,3,High
219859253,3634.0,4.83417,12.7793,8.2919,0.000871,,8.2919,LS_only,0.001224,0,Very_Low
420448703,3633.0,4.74449,12.7802,1.1652,0.001487,3.5,1.1652,Match,0.002531,1,Low
434263702,3898.0,4.69525,12.7803,9.1685,0.000988,0.6667,9.1685,Match,0.001326,1,Low
232682547,3335.0,4.8063,12.7805,6.8729,0.000442,,6.8729,LS_only,0.000833,0,Very_Low
389532828,3258.0,4.88818,12.7807,6.2518,0.000546,,6.2518,LS_only,0.001323,0,Very_Low
376111739,3280.0,4.96255,12.7833,0.9838,0.006801,1.0,0.9838,Match,0.008541,3,High
384842757,3869.0,4.58949,12.7836,6.1211,0.001311,0.75,6.1211,Match,0.001798,1,Low
367856400,3465.0,4.79375,12.7838,6.4422,0.000925,2.5833,6.4422,Match,0.003095,1,Low
445312009,3671.0,4.75043,12.7859,2.2805,0.003773,,2.2805,LS_only,0.007917,1,Low
311234972,3814.0,4.72778,12.7863,4.3421,0.000515,,4.3421,LS_only,0.000942,0,Very_Low
245675509,3522.0,4.63379,12.787,9.1304,0.002742,1.3333,9.1304,Match,0.010442,2,Medium
418223113,3196.0,5.02484,12.7871,4.0751,0.000605,1.0833,4.0751,Match,0.001101,1,Low
427689932,3703.0,4.66664,12.7873,10.8673,0.001531,0.5833,10.8673,Match,0.002234,1,Low
461448916,3402.0,4.81689,12.7877,4.0962,0.005536,4.0833,4.0962,Match,0.004608,3,High
441811392,3211.0,4.98533,12.7878,1.6557,0.000246,,1.6557,LS_only,0.000724,0,Very_Low
259126333,3586.0,4.85312,12.7899,5.8475,0.000376,,5.8475,LS_only,0.000849,0,Very_Low
233656978,3666.0,4.80656,12.7899,4.279,0.000329,,4.279,LS_only,0.000749,0,Very_Low
233732152,3618.0,4.84405,12.7904,4.3125,0.001009,4.4167,4.3125,Match,0.001397,2,Medium
427513697,3953.0,4.64907,12.7906,7.0066,0.000742,,7.0066,LS_only,0.001231,0,Very_Low
444720664,3763.0,4.69783,12.7914,10.8462,0.002244,,10.8462,LS_only,0.002773,0,Very_Low
398156875,3314.0,4.85761,12.7918,6.5888,0.002294,0.6667,6.5888,Match,0.003943,2,Medium
470269751,3244.0,4.90309,12.7918,1.2389,0.041165,1.25,1.2389,Match,0.031925,3,High
441807865,3543.0,4.73725,12.7931,3.4418,0.000858,13.25,3.4418,Match,0.001376,1,Low
117527724,3435.0,4.6293,12.7935,0.7612,0.003085,0.5833,0.7612,Match,0.004377,2,Medium
357045189,3279.0,4.96146,12.7949,4.0435,0.005608,,4.0435,LS_only,0.010678,1,Low
356871098,3406.0,4.82682,12.7949,11.8966,0.000817,0.6667,11.8966,Match,0.00117,1,Low
321448113,3381.0,4.86433,12.7951,8.507,0.000337,,8.507,LS_only,0.000958,0,Very_Low
377340539,3435.0,4.90125,12.7954,6.6019,0.000284,,6.6019,LS_only,0.000863,0,Very_Low
279520861,3680.0,4.71975,12.7956,3.4824,0.000567,,3.4824,LS_only,0.001138,0,Very_Low
275261359,3283.0,4.96354,12.7959,15.0,0.00083,13.1667,15.0,Match,0.001306,1,Low
53964985,3872.0,4.66271,12.7963,13.3072,0.000568,,13.3072,LS_only,0.001251,0,Very_Low
232635922,3759.0,4.80439,12.7963,7.381,0.000634,,7.381,LS_only,0.001033,0,Very_Low
390661155,3511.0,4.77332,12.7966,2.5592,0.005879,2.5,2.5592,Match,0.00617,3,High
52947505,3674.0,4.65987,12.7967,0.8029,0.019774,0.8333,0.8029,Match,0.01467,3,High
331930750,3201.0,4.97811,12.797,0.8111,0.000398,,0.8111,LS_only,0.001097,0,Very_Low
219881731,3522.0,4.85354,12.7973,11.7953,0.000689,,11.7953,LS_only,0.00135,0,Very_Low
384839279,3381.0,4.7992,12.7977,6.1607,0.000939,13.0,13.0,Harmonic_Corrected,0.001483,1,Low
327445384,3251.0,4.9209,12.7998,1.1316,0.009997,1.1667,1.1316,Match,0.007478,3,High
232611241,3347.0,4.80672,12.8002,2.3558,0.001317,2.1667,2.3558,Match,0.001562,2,Medium
433977629,3558.0,4.7083,12.8016,1.3122,0.007244,2.6667,2.6667,Harmonic_Corrected,0.019909,2,Medium
264178910,3031.0,5.0624,12.8018,8.4146,0.000404,,8.4146,LS_only,0.000981,0,Very_Low
316330990,3857.0,4.6633,12.8025,11.9143,0.002244,1.0833,11.9143,Match,0.00244,1,Low
280190847,3416.0,4.79693,12.8031,6.5625,0.000858,0.5833,6.5625,Match,0.001299,1,Low
364122244,3332.0,4.97373,12.8041,6.9802,0.000517,,6.9802,LS_only,0.001023,0,Very_Low
356056068,3252.0,4.77394,12.8047,13.1695,0.000395,,13.1695,LS_only,0.000761,0,Very_Low
229796245,3222.0,4.89499,12.805,2.6953,0.004092,13.0,2.6953,Match,0.005853,2,Medium
252811194,3313.0,4.8341,12.8059,9.9176,0.000924,,9.9176,LS_only,0.001781,0,Very_Low
376971159,3396.0,4.81591,12.8059,0.513,0.005851,1.0,1.0,Harmonic_Corrected,0.005553,2,Medium
374704025,3458.0,4.72533,12.8068,0.9192,0.003237,0.9167,0.9192,Match,0.006277,3,High
90667261,3253.0,4.92229,12.8089,2.7273,0.004794,2.75,2.7273,Match,0.003879,3,High
462619597,3436.0,4.74289,12.8094,0.8824,0.000344,,0.8824,LS_only,0.000932,0,Very_Low
348442688,3925.0,4.67909,12.8098,6.9802,0.002012,0.6667,6.9802,Match,0.003016,1,Low
359679221,3543.0,4.80058,12.81,15.0,0.000259,,15.0,LS_only,0.00085,0,Very_Low
243297689,3730.0,4.78093,12.81,3.2335,0.000424,,3.2335,LS_only,0.000974,0,Very_Low
82688506,3424.0,4.83927,12.8111,2.197,0.000359,,2.197,LS_only,0.001008,0,Very_Low
71978849,3285.0,4.91251,12.8114,2.5712,0.001794,2.4167,2.5712,Match,0.002281,2,Medium
403257282,3389.0,4.94711,12.8118,13.3125,0.01042,0.5833,13.3125,Match,0.014227,2,Medium
21124766,3450.0,4.84358,12.8122,3.2243,0.000495,,3.2243,LS_only,0.0012,0,Very_Low
441739871,3520.0,4.76125,12.8123,4.2597,0.00059,,4.2597,LS_only,0.000946,0,Very_Low
441813157,3468.0,4.84692,12.8124,4.4002,0.000536,4.1667,4.4002,Match,0.000928,2,Medium
302774655,3605.0,4.77242,12.8124,7.8947,0.001558,,7.8947,LS_only,0.002648,0,Very_Low
369729803,3757.0,4.62928,12.813,5.9371,0.001699,12.9167,12.9167,Harmonic_Corrected,0.003038,1,Low
21026125,3210.0,4.92003,12.814,0.8371,0.003035,0.8333,0.8371,Match,0.002767,3,High
302684996,3913.0,4.65866,12.8144,10.8247,0.000674,,10.8247,LS_only,0.001289,0,Very_Low
13079486,3486.0,4.76758,12.8145,0.7467,0.037457,0.8333,0.7467,Match,0.036106,2,Medium
327448203,3783.0,4.71368,12.8156,15.0,0.00431,,15.0,LS_only,0.004511,1,Low
332152077,3670.0,4.73963,12.8162,10.8568,0.003438,,10.8568,LS_only,0.004662,1,Low
10163838,3633.0,4.72846,12.8174,4.2216,0.001261,12.9167,4.2216,Match,0.002481,1,Low
14034600,3563.0,4.86704,12.8175,2.176,0.000932,13.0833,2.176,Match,0.001973,1,Low
82390592,3391.0,4.88026,12.8177,3.5883,0.000829,,3.5883,LS_only,0.001374,0,Very_Low
12104810,3498.0,4.81583,12.8183,4.7315,0.001051,,4.7315,LS_only,0.001938,0,Very_Low
251630511,3913.0,4.6535,12.8186,13.241,0.001507,0.6667,13.241,Match,0.001833,1,Low
249831571,3059.0,5.08497,12.8194,1.1171,0.006369,1.0833,1.1171,Match,0.006204,3,High
376880903,3729.0,4.73913,12.8194,5.3077,0.000452,,5.3077,LS_only,0.000869,0,Very_Low
13260257,3571.0,4.86827,12.8196,4.7085,0.000489,,4.7085,LS_only,0.001149,0,Very_Low
219844898,3825.0,4.7372,12.8197,5.3836,0.000588,,5.3836,LS_only,0.001078,0,Very_Low
10605297,3030.0,4.90595,12.8198,10.8462,0.008693,9.5,10.8462,Match,0.007386,2,Medium
406843227,3770.0,4.68341,12.822,6.6279,0.000457,,6.6279,LS_only,0.00117,0,Very_Low
233680140,3750.0,4.7194,12.8226,2.3012,0.001557,2.3333,2.3012,Match,0.001658,2,Medium
379600755,3605.0,4.654,12.823,3.3546,0.013215,3.3333,3.3546,Match,0.010013,3,High
389900760,3179.0,4.99978,12.8233,4.7315,0.001234,,4.7315,LS_only,0.002628,0,Very_Low
249888080,3315.0,4.88138,12.8251,0.9425,0.000497,,0.9425,LS_only,0.001289,0,Very_Low
403438720,3784.0,4.63966,12.8253,13.3072,0.001218,1.0,13.3072,Match,0.001483,1,Low
251594324,3692.0,4.61304,12.8263,9.0265,0.003725,,9.0265,LS_only,0.004674,1,Low
410708883,3395.0,4.82543,12.8267,1.1808,0.001026,0.75,1.1808,Match,0.004483,1,Low
420265356,3306.0,4.99849,12.827,7.3944,0.000424,,7.3944,LS_only,0.001105,0,Very_Low
403684938,3944.0,4.64196,12.8274,5.146,0.013079,5.1667,5.146,Match,0.01122,3,High
396487014,3258.0,4.88482,12.8278,4.6036,0.021927,4.5,4.6036,Match,0.01982,3,High
428164134,3384.0,4.92536,12.8282,9.1176,0.000628,,9.1176,LS_only,0.001488,0,Very_Low
116621997,3871.0,4.67135,12.8285,4.3458,0.001858,,4.3458,LS_only,0.003383,0,Very_Low
354799201,3878.0,4.64962,12.8298,1.3689,0.000405,,1.3689,LS_only,0.001193,0,Very_Low
390576392,3278.0,4.93827,12.8304,7.8273,0.000494,0.75,7.8273,Match,0.001266,1,Low
229782543,3515.0,4.73499,12.8304,8.428,0.000805,,8.428,LS_only,0.00128,0,Very_Low
396570431,3493.0,4.69611,12.8307,10.8462,0.002884,0.8333,10.8462,Match,0.003518,2,Medium
12828458,3499.0,4.68164,12.8312,6.5757,0.001837,0.75,6.5757,Match,0.00888,1,Low
356821294,3765.0,4.71375,12.8321,9.7826,0.000312,,9.7826,LS_only,0.000824,0,Very_Low
326777406,3625.0,4.77994,12.8322,7.9478,0.002374,,7.9478,LS_only,0.003162,1,Low
249942490,3940.0,4.60673,12.8333,15.0,0.000585,,15.0,LS_only,0.001452,0,Very_Low
317474585,3892.0,4.6713,12.8337,0.7614,0.000234,,0.7614,LS_only,0.000734,0,Very_Low
245541334,3766.0,4.63412,12.8338,4.5484,0.001435,0.5833,4.5484,Match,0.00187,1,Low
470795870,3954.0,4.65422,12.8343,11.9663,0.001494,1.5833,11.9663,Match,0.001747,1,Low
103948521,3570.0,4.77415,12.8343,4.3458,0.001048,13.25,4.3458,Match,0.001562,1,Low
347761314,3502.0,4.80927,12.8351,10.8462,0.009101,,10.8462,LS_only,0.010687,1,Low
198238742,3400.0,4.79193,12.8361,9.0,0.004221,,9.0,LS_only,0.00724,1,Low
399443612,3740.0,4.66732,12.8362,9.9296,0.000826,,9.9296,LS_only,0.001582,0,Very_Low
366580935,3232.0,4.90199,12.8374,1.4358,0.001785,1.4167,1.4358,Match,0.001915,2,Medium
395923300,3408.0,4.85071,12.8383,4.3568,0.000695,,4.3568,LS_only,0.001526,0,Very_Low
370122388,3658.0,4.76221,12.8387,10.8673,0.003589,,10.8673,LS_only,0.004488,1,Low
229672676,3388.0,4.91633,12.8394,4.4845,0.000911,4.0833,4.4845,Match,0.001098,2,Medium
284050381,3415.0,4.7684,12.8417,10.8673,0.009409,1.3333,10.8673,Match,0.013519,2,Medium
251144378,3940.0,4.644,12.8443,11.8966,0.001695,,11.8966,LS_only,0.002094,0,Very_Low
368450584,3823.0,4.68511,12.8444,1.1004,0.000482,,1.1004,LS_only,0.001242,0,Very_Low
241015023,3251.0,4.92327,12.8447,7.3944,0.000697,,7.3944,LS_only,0.00155,0,Very_Low
470923678,3412.0,4.96447,12.8471,7.0066,0.001154,,7.0066,LS_only,0.002003,0,Very_Low
417766930,3431.0,4.90765,12.8477,2.1429,0.000392,,2.1429,LS_only,0.001004,0,Very_Low
251436443,3408.0,4.81834,12.8484,1.1461,0.003878,1.1667,1.1461,Match,0.003968,3,High
263969360,3771.0,4.90556,12.8485,6.5493,0.001332,,6.5493,LS_only,0.001858,0,Very_Low
50044130,3577.0,4.71001,12.8486,3.5496,0.001141,,3.5496,LS_only,0.001857,0,Very_Low
453269374,3527.0,4.80177,12.8492,0.7765,0.00164,1.5,1.5,Harmonic_Corrected,0.002266,1,Low
362225191,3757.0,4.72767,12.8508,2.1037,0.000466,,2.1037,LS_only,0.000911,0,Very_Low
249899391,3623.0,4.7292,12.8509,6.9802,0.000935,,6.9802,LS_only,0.001872,0,Very_Low
353551721,3713.0,4.70286,12.8512,4.5484,0.00127,4.5833,4.5484,Match,0.002232,2,Medium
353819662,3415.0,4.88837,12.8516,7.3268,0.000467,,7.3268,LS_only,0.001086,0,Very_Low
407574348,3317.0,5.13773,12.8517,8.3878,0.027882,0.75,8.3878,Match,0.044059,2,Medium
50263599,3883.0,4.69774,12.8518,10.7922,0.001286,0.6667,10.7922,Match,0.001816,1,Low
72084445,3397.0,4.84996,12.8518,10.8568,0.004129,,10.8568,LS_only,0.004702,1,Low
233199387,3142.0,4.93027,12.852,15.0,0.000841,,15.0,LS_only,0.001482,0,Very_Low
81506915,3193.0,5.04657,12.8524,7.3268,0.000713,0.5833,7.3268,Match,0.001411,1,Low
357527102,3435.0,4.83426,12.8526,4.4919,0.001465,,4.4919,LS_only,0.002535,0,Very_Low
406536926,3296.0,4.88491,12.8529,8.428,0.00196,0.75,8.428,Match,0.002109,1,Low
77322352,3437.0,4.88698,12.853,3.9488,0.000407,,3.9488,LS_only,0.001025,0,Very_Low
420267547,3344.0,4.84938,12.8534,4.8592,0.000991,9.1667,9.1667,Harmonic_Corrected,0.001481,1,Low
279921428,3329.0,4.90928,12.8535,5.8475,0.001515,,5.8475,LS_only,0.002019,0,Very_Low
417664416,3686.0,4.73673,12.8547,6.9669,0.001788,,6.9669,LS_only,0.00292,0,Very_Low
271234263,3715.0,4.73452,12.8554,2.2025,0.000396,,2.2025,LS_only,0.001223,0,Very_Low
435742275,3364.0,4.84116,12.8555,5.2452,0.002583,,5.2452,LS_only,0.004009,1,Low
160599479,3725.0,4.73304,12.8556,8.3058,0.000295,,8.3058,LS_only,0.000792,0,Very_Low
198365980,3683.0,4.7365,12.8563,3.6216,0.000455,,3.6216,LS_only,0.001047,0,Very_Low
271242003,3553.0,4.79674,12.8566,1.8293,0.000694,,1.8293,LS_only,0.001704,0,Very_Low
331512497,3876.0,4.63081,12.8579,11.9318,0.000954,,11.9318,LS_only,0.001416,0,Very_Low
285753035,3806.0,4.66669,12.8586,6.5888,0.001234,,6.5888,LS_only,0.001889,0,Very_Low
55083482,3994.0,4.61167,12.8592,2.5712,0.00034,,2.5712,LS_only,0.00116,0,Very_Low
236764134,3317.0,4.90503,12.8595,5.615,0.008778,11.5,11.5,Harmonic_Corrected,0.008411,2,Medium
354697071,3898.0,4.64237,12.8602,4.3679,0.001123,,4.3679,LS_only,0.002214,0,Very_Low
247400145,3266.0,4.96552,12.8609,11.9748,0.001263,,11.9748,LS_only,0.001826,0,Very_Low
297655906,3274.0,4.86637,12.8611,3.7805,0.002122,3.75,3.7805,Match,0.002633,2,Medium
422540227,3808.0,4.66301,12.8614,6.6149,0.000735,,6.6149,LS_only,0.00159,0,Very_Low
470914950,3470.0,4.95494,12.8618,7.0197,0.002049,13.0,13.0,Harmonic_Corrected,0.002825,1,Low
10870826,3326.0,4.9333,12.8619,2.2669,0.001276,,2.2669,LS_only,0.002661,0,Very_Low
251378568,3598.0,4.70506,12.8634,9.0529,0.001993,1.8333,9.0529,Match,0.002654,1,Low
371002637,3272.0,4.83275,12.8644,1.0636,0.023501,1.0833,1.0636,Match,0.0179,3,High
230380624,3421.0,4.86079,12.8645,1.7513,0.000235,,1.7513,LS_only,0.000807,0,Very_Low
280323250,3665.0,4.69389,12.8658,6.5757,0.000691,,6.5757,LS_only,0.001406,0,Very_Low
233656965,3493.0,4.80832,12.8675,10.7592,0.000965,0.5833,10.7592,Match,0.001088,1,Low
229444326,3417.0,4.91887,12.8677,6.1607,0.000675,,6.1607,LS_only,0.00115,0,Very_Low
356863096,3425.0,4.74745,12.8678,2.6336,0.000584,,2.6336,LS_only,0.001033,0,Very_Low
326885638,3755.0,4.71462,12.868,2.2805,0.001479,,2.2805,LS_only,0.004413,0,Very_Low
452969201,3792.0,4.76645,12.8681,2.7511,0.000913,,2.7511,LS_only,0.002129,0,Very_Low
198186473,3602.0,4.73868,12.8684,8.3333,0.000368,,8.3333,LS_only,0.00079,0,Very_Low
207463935,3476.0,4.85074,12.8685,0.9498,0.000307,,0.9498,LS_only,0.000927,0,Very_Low
408706742,3338.0,4.94264,12.8688,4.3886,0.00047,,4.3886,LS_only,0.001141,0,Very_Low
12909405,3427.0,4.80342,12.8691,5.615,0.003146,11.3333,11.3333,Harmonic_Corrected,0.003961,2,Medium
279499069,3745.0,4.70597,12.8695,6.213,0.001283,0.6667,6.213,Match,0.001923,1,Low
461595886,3230.0,5.00697,12.8702,9.0659,0.001754,8.9167,9.0659,Match,0.00223,2,Medium
396656170,3932.0,4.6549,12.8703,1.0993,0.000423,,1.0993,LS_only,0.001193,0,Very_Low
327011943,3312.0,4.89439,12.8705,4.9301,0.000659,,4.9301,LS_only,0.001273,0,Very_Low
116989163,3403.0,4.61536,12.8711,0.7589,0.007379,0.75,0.7589,Match,0.005872,3,High
348019224,3575.0,4.6102,12.8712,10.8462,0.000912,0.5833,10.8462,Match,0.001436,1,Low
461445459,3886.0,4.69818,12.8717,6.2647,0.000586,,6.2647,LS_only,0.001192,0,Very_Low
334831854,3638.0,4.78363,12.872,10.7592,0.000349,,10.7592,LS_only,0.000963,0,Very_Low
13360804,3468.0,4.93346,12.872,10.8355,0.000433,,10.8355,LS_only,0.001081,0,Very_Low
232676321,3576.0,4.73051,12.8728,9.8449,0.001207,1.1667,9.8449,Match,0.00129,1,Low
252812562,3758.0,4.67908,12.8731,3.27,0.000608,,3.27,LS_only,0.001444,0,Very_Low
237232981,3311.0,4.91149,12.8737,4.3568,0.000702,,4.3568,LS_only,0.001286,0,Very_Low
309056793,3668.0,4.82676,12.874,11.9577,0.001522,,11.9577,LS_only,0.00259,0,Very_Low
332495610,3804.0,4.6895,12.8764,3.1989,0.000709,,3.1989,LS_only,0.001512,0,Very_Low
353781241,3405.0,4.98458,12.877,8.3742,0.000519,,8.3742,LS_only,0.001028,0,Very_Low
397928970,3644.0,4.80871,12.8776,4.3789,0.001345,,4.3789,LS_only,0.00268,0,Very_Low
149851496,3473.0,4.84269,12.8786,4.2323,0.000823,,4.2323,LS_only,0.001585,0,Very_Low
359482441,3315.0,4.88415,12.8795,1.3943,0.000478,12.75,1.3943,Match,0.001312,1,Low
431900940,3326.0,4.86932,12.8802,5.3817,0.002679,16.25,5.3817,Match,0.003081,2,Medium
165549035,3620.0,4.75178,12.8805,9.8936,0.002031,1.3333,9.8936,Match,0.001991,1,Low
12325486,3842.0,4.70457,12.8819,6.5757,0.001126,,6.5757,LS_only,0.00202,0,Very_Low
431767433,3426.0,4.85996,12.8823,6.9669,0.000516,,6.9669,LS_only,0.001299,0,Very_Low
312339776,3692.0,4.75202,12.8823,13.3072,0.001653,0.75,13.3072,Match,0.002508,1,Low
229978252,3488.0,4.7894,12.8848,4.4691,0.001193,21.8333,4.4691,Match,0.001655,1,Low
421117621,3568.0,4.81208,12.8855,3.2972,0.000578,1.5833,1.5833,Subharmonic_Corrected,0.002218,1,Low
389966739,3558.0,4.77899,12.886,5.8732,0.000505,,5.8732,LS_only,0.001098,0,Very_Low
263969021,3548.0,4.77973,12.8862,9.9057,0.000915,0.9167,9.9057,Match,0.001158,1,Low
233577023,3524.0,4.961,12.8865,8.4012,0.00027,,8.4012,LS_only,0.000884,0,Very_Low
251765262,3645.0,4.86269,12.8865,4.6036,0.000709,0.6667,4.6036,Match,0.001392,1,Low
389917014,3682.0,4.87531,12.8871,15.0,0.000511,,15.0,LS_only,0.000917,0,Very_Low
21098583,3122.0,4.99978,12.888,6.6019,0.001088,,6.6019,LS_only,0.001682,0,Very_Low
230119493,3347.0,4.79954,12.8888,7.6602,0.000567,0.5833,7.6602,Match,0.000997,1,Low
436869614,3216.0,5.00676,12.8897,1.1691,0.005125,1.1667,1.1691,Match,0.004028,3,High
379607725,3747.0,4.66672,12.8902,6.5757,0.000971,,6.5757,LS_only,0.001474,0,Very_Low
381779229,3383.0,4.89268,12.8903,9.9415,0.001898,,9.9415,LS_only,0.003699,0,Very_Low
252124767,3292.0,4.99116,12.8906,2.3253,0.000872,,2.3253,LS_only,0.00242,0,Very_Low
229675969,3383.0,4.85112,12.8923,2.5305,0.010266,2.5833,2.5305,Match,0.00844,3,High
237294812,3454.0,4.85152,12.8926,6.9536,0.000404,,6.9536,LS_only,0.001123,0,Very_Low
333802417,3408.0,4.82077,12.893,3.7906,0.000256,,3.7906,LS_only,0.000896,0,Very_Low
280130817,3385.0,4.84494,12.8932,6.9536,0.001155,,6.9536,LS_only,0.001811,0,Very_Low
431898644,3279.0,4.84258,12.8946,2.176,0.000487,,2.176,LS_only,0.001444,0,Very_Low
251791392,3437.0,4.83283,12.895,13.2524,0.000957,,13.2524,LS_only,0.001316,0,Very_Low
315615664,3894.0,4.64557,12.8951,2.5978,0.000469,,2.5978,LS_only,0.001044,0,Very_Low
320044157,3518.0,4.77232,12.8957,11.9405,0.003159,0.9167,11.9405,Match,0.003977,2,Medium
372275092,3427.0,4.71385,12.8968,0.5768,0.007107,0.5833,0.5768,Match,0.006401,3,High
251622893,3893.0,4.62324,12.8982,9.8936,0.000461,,9.8936,LS_only,0.001214,0,Very_Low
402811265,3504.0,4.74454,12.8993,6.5888,0.001329,,6.5888,LS_only,0.002211,0,Very_Low
366187165,3779.0,4.63695,12.8995,6.2647,0.001069,,6.2647,LS_only,0.002567,0,Very_Low
445351605,3868.0,4.66821,12.9003,5.6275,0.00053,,5.6275,LS_only,0.001342,0,Very_Low
101256414,3222.0,5.01381,12.9007,5.8475,0.000777,0.75,5.8475,Match,0.003924,1,Low
271527700,3353.0,4.77587,12.9007,10.8779,0.001618,13.0,10.8779,Match,0.002682,1,Low
249861653,3901.0,4.66323,12.9013,4.5484,0.000969,,4.5484,LS_only,0.001877,0,Very_Low
12746388,3807.0,4.67933,12.9024,6.2389,0.000891,,6.2389,LS_only,0.001942,0,Very_Low
356785359,3407.0,4.82444,12.9029,8.347,0.001036,8.8333,8.347,Match,0.001355,2,Medium
230075220,3446.0,4.86073,12.9032,11.7857,0.000576,,11.7857,LS_only,0.001201,0,Very_Low
419752084,3609.0,4.69285,12.9036,5.6649,0.00121,,5.6649,LS_only,0.002158,0,Very_Low
390897281,3888.0,4.68884,12.9039,9.1048,0.000486,,9.1048,LS_only,0.001468,0,Very_Low
251327071,3744.0,4.68836,12.9042,13.2581,0.000653,,13.2581,LS_only,0.001567,0,Very_Low
302238556,3685.0,4.65409,12.9045,9.8936,0.000685,,9.8936,LS_only,0.001347,0,Very_Low
230391988,3397.0,4.84669,12.9047,6.4692,0.001152,13.1667,13.1667,Harmonic_Corrected,0.001532,1,Low
338161796,3772.0,4.675,12.9049,9.9533,0.004661,11.1667,9.9533,Match,0.004196,2,Medium
5642796,3473.0,4.86259,12.9069,7.0197,0.001055,0.9167,7.0197,Match,0.001656,1,Low
384916503,3516.0,4.71564,12.907,2.1768,0.001061,,2.1768,LS_only,0.002297,0,Very_Low
302159595,3444.0,4.79297,12.9072,2.5636,0.000906,,2.5636,LS_only,0.00227,0,Very_Low
372271493,3646.0,4.75171,12.9078,6.8865,0.000668,,6.8865,LS_only,0.001274,0,Very_Low
417415878,3370.0,4.80151,12.9088,10.8247,0.00118,13.0833,10.8247,Match,0.002414,1,Low
332570014,3302.0,4.86257,12.909,6.5888,0.00055,,6.5888,LS_only,0.001279,0,Very_Low
14034865,3531.0,4.73361,12.9091,2.1694,0.000738,,2.1694,LS_only,0.001664,0,Very_Low
302686340,3589.0,4.7126,12.9092,0.7976,0.001693,1.5833,1.5833,Harmonic_Corrected,0.003032,1,Low
186670415,3510.0,4.8543,12.9096,7.9213,0.002812,,7.9213,LS_only,0.003606,1,Low
65445866,3177.0,5.04102,12.9103,2.1109,0.000369,,2.1109,LS_only,0.001159,0,Very_Low
434806637,3660.0,4.71802,12.9121,13.3072,0.000379,,13.3072,LS_only,0.0012,0,Very_Low
444523826,3905.0,4.64102,12.9122,5.6649,0.001193,,5.6649,LS_only,0.002462,0,Very_Low
293185968,3322.0,4.90699,12.9132,4.2323,0.00041,,4.2323,LS_only,0.001072,0,Very_Low
229788783,3434.0,4.78486,12.9137,7.8409,0.000754,0.75,7.8409,Match,0.00126,1,Low
275762752,3939.0,4.72261,12.914,6.5094,0.000572,,6.5094,LS_only,0.001256,0,Very_Low
67996221,3230.0,4.96874,12.9148,6.5625,0.002395,5.9167,6.5625,Match,0.002696,3,High
470876781,3346.0,4.83373,12.9152,3.3063,0.000743,,3.3063,LS_only,0.001823,0,Very_Low
389632893,3607.0,4.72832,12.9153,1.8236,0.014563,1.8333,1.8236,Match,0.011271,3,High
236713189,3506.0,4.91187,12.9158,1.3182,0.000417,,1.3182,LS_only,0.001204,0,Very_Low
264180192,3445.0,4.96421,12.916,8.4677,0.000827,,8.4677,LS_only,0.001864,0,Very_Low
198162429,3439.0,4.7846,12.9173,11.8876,0.00059,,11.8876,LS_only,0.001029,0,Very_Low
259967568,3378.0,4.91009,12.9179,6.9802,0.000675,,6.9802,LS_only,0.001877,0,Very_Low
230050842,3570.0,4.73982,12.9182,13.2637,0.001474,,13.2637,LS_only,0.002077,0,Very_Low
285668665,3481.0,4.85781,12.92,2.3367,0.001076,,2.3367,LS_only,0.002111,0,Very_Low
232617516,3503.0,4.78309,12.9202,1.8589,0.000306,,1.8589,LS_only,0.000875,0,Very_Low
243278225,3462.0,4.76247,12.9202,5.8604,0.000727,,5.8604,LS_only,0.001423,0,Very_Low
400891204,3007.0,5.15173,12.9202,8.3878,0.000695,,8.3878,LS_only,0.001484,0,Very_Low
237296488,3482.0,4.86464,12.921,13.3019,0.000385,,13.3019,LS_only,0.001053,0,Very_Low
255803944,3540.0,4.80802,12.9213,4.4008,0.001146,,4.4008,LS_only,0.002366,0,Very_Low
311234051,3543.0,4.92243,12.9214,5.3704,0.000984,0.8333,5.3704,Match,0.001459,1,Low
283930809,3506.0,4.71574,12.9216,10.8673,0.015332,1.5,10.8673,Match,0.017416,2,Medium
403438467,3285.0,4.87039,12.9221,13.3072,0.000867,0.9167,13.3072,Match,0.001708,1,Low
233501704,3535.0,4.87445,12.9224,0.9587,0.000252,,0.9587,LS_only,0.000776,0,Very_Low
117314067,3580.0,4.68875,12.9234,3.0882,0.000706,,3.0882,LS_only,0.001415,0,Very_Low
236785450,3736.0,4.74722,12.9235,2.2628,0.000426,,2.2628,LS_only,0.000999,0,Very_Low
53713272,3559.0,4.77066,12.924,0.7975,0.002062,4.0,0.7975,Match,0.004535,1,Low
350071178,3459.0,4.8306,12.9249,11.9405,0.000772,0.75,11.9405,Match,0.001411,1,Low
311235091,3564.0,4.73961,12.9255,8.25,0.001905,9.0,8.25,Match,0.002081,2,Medium
428393738,3926.0,4.64101,12.9263,4.001,0.000695,0.6667,4.001,Match,0.001371,1,Low
71934863,3904.0,4.65566,12.9264,5.1699,0.001076,,5.1699,LS_only,0.002346,0,Very_Low
462619951,3652.0,4.77489,12.9266,1.8956,0.000576,,1.8956,LS_only,0.001248,0,Very_Low
351615518,3541.0,4.78764,12.927,5.4183,0.000874,,5.4183,LS_only,0.001904,0,Very_Low
441715840,3730.0,4.78453,12.9271,10.5858,0.000446,,10.5858,LS_only,0.000986,0,Very_Low
72085979,3638.0,4.79706,12.9278,2.1494,0.001835,,2.1494,LS_only,0.003125,0,Very_Low
444743727,3462.0,4.79302,12.9282,6.5888,0.001457,6.1667,6.5888,Match,0.002312,2,Medium
305044153,3345.0,4.78344,12.9288,6.5888,0.000907,12.9167,12.9167,Harmonic_Corrected,0.00192,1,Low
399134759,3403.0,4.88489,12.9294,10.8568,0.000537,,10.8568,LS_only,0.001255,0,Very_Low
301989300,3951.0,4.64014,12.9298,11.9231,0.001449,1.25,11.9231,Match,0.001603,1,Low
353550320,3890.0,4.66678,12.9303,6.5625,0.002399,6.4167,6.5625,Match,0.002724,3,High
77224436,3235.0,4.99673,12.9303,11.9577,0.000426,,11.9577,LS_only,0.001016,0,Very_Low
233501287,3229.0,4.9713,12.9309,4.9128,0.000722,5.0,4.9128,Match,0.001006,2,Medium
198157501,3512.0,4.7706,12.9318,3.3679,0.00049,,3.3679,LS_only,0.001128,0,Very_Low
357831022,3154.0,5.03029,12.932,6.5757,0.001528,13.0833,13.0833,Harmonic_Corrected,0.003072,1,Low
462620192,3590.0,4.8607,12.9322,6.1607,0.000984,,6.1607,LS_only,0.001751,0,Very_Low
348668302,3765.0,4.66504,12.9323,6.5888,0.000987,,6.5888,LS_only,0.001549,0,Very_Low
422989796,3397.0,4.81521,12.9325,7.381,0.001045,,7.381,LS_only,0.002198,0,Very_Low
406630406,3752.0,4.72087,12.933,6.9934,0.00065,,6.9934,LS_only,0.001081,0,Very_Low
229607373,3582.0,4.77427,12.9341,5.5518,0.000317,,5.5518,LS_only,0.000839,0,Very_Low
351687756,3938.0,4.72264,12.9344,6.2647,0.001012,0.5833,6.2647,Match,0.002072,1,Low
307207575,3588.0,4.77616,12.9368,6.5757,0.001025,,6.5757,LS_only,0.00205,0,Very_Low
232608892,3505.0,4.80208,12.9386,3.2892,0.001455,,3.2892,LS_only,0.002253,0,Very_Low
279606304,3541.0,4.75872,12.9389,6.9934,0.001009,12.9167,12.9167,Harmonic_Corrected,0.001613,1,Low
280415151,3430.0,4.83819,12.9416,10.814,0.000997,1.3333,10.814,Match,0.001419,1,Low
461357617,3402.0,4.84803,12.9417,0.592,0.00041,,0.592,LS_only,0.001104,0,Very_Low
265098605,3372.0,4.81775,12.9421,1.4266,0.007026,1.4167,1.4266,Match,0.006187,3,High
229502129,3546.0,4.80591,12.9432,3.5496,0.000495,,3.5496,LS_only,0.001295,0,Very_Low
230119054,3508.0,4.74564,12.9433,7.6602,0.002172,,7.6602,LS_only,0.002806,0,Very_Low
12734824,3224.0,4.96028,12.944,7.4211,0.000811,0.5833,7.4211,Match,0.00176,1,Low
230069233,3560.0,4.80278,12.9443,4.2114,0.000435,,4.2114,LS_only,0.001043,0,Very_Low
71747132,3575.0,4.67972,12.9451,6.2518,0.002346,6.0833,6.2518,Match,0.003122,3,High
10508208,3443.0,4.7521,12.9454,10.8462,0.001093,,10.8462,LS_only,0.002224,0,Very_Low
332504630,3444.0,4.79391,12.9467,13.2637,0.000527,,13.2637,LS_only,0.001156,0,Very_Low
327369923,3683.0,4.7173,12.9483,5.9497,0.002383,0.5833,5.9497,Match,0.003387,2,Medium
420137203,3426.0,4.84903,12.9487,5.0735,0.000548,,5.0735,LS_only,0.001202,0,Very_Low
235993422,3204.0,4.94374,12.9494,0.5631,0.003639,0.5833,0.5631,Match,0.003125,3,High
229704090,3452.0,4.82003,12.9498,6.5094,0.000317,,6.5094,LS_only,0.000937,0,Very_Low
201114321,3236.0,4.85964,12.9509,4.3125,0.000826,0.9167,4.3125,Match,0.003399,1,Low
288523776,3397.0,4.88053,12.9516,10.7702,0.000324,,10.7702,LS_only,0.000917,0,Very_Low
289581485,3722.0,4.74055,12.9523,8.3058,0.000929,0.5833,8.3058,Match,0.001689,1,Low
367101681,3512.0,4.8703,12.953,6.5493,0.000397,,6.5493,LS_only,0.000946,0,Very_Low
230133607,3671.0,4.76325,12.9542,13.1818,0.003542,,13.1818,LS_only,0.004469,1,Low
233682516,3458.0,4.80616,12.9544,2.17,0.000319,,2.17,LS_only,0.000813,0,Very_Low
250795785,3363.0,4.87452,12.9546,13.2965,0.000471,,13.2965,LS_only,0.001035,0,Very_Low
232682362,3507.0,4.84541,12.9563,1.4758,0.000288,,1.4758,LS_only,0.000784,0,Very_Low
467325858,3542.0,4.86621,12.9563,1.7017,0.000393,,1.7017,LS_only,0.001002,0,Very_Low
224597852,3418.0,4.75734,12.9564,1.7195,0.000309,,1.7195,LS_only,0.001041,0,Very_Low
453183874,3444.0,4.72683,12.9573,7.3944,0.001311,0.5833,7.3944,Match,0.002182,1,Low
82570498,3577.0,4.74002,12.9575,7.354,0.000758,,7.354,LS_only,0.001682,0,Very_Low
238652420,3317.0,4.8878,12.9592,6.5757,0.000817,,6.5757,LS_only,0.001532,0,Very_Low
301477095,3617.0,4.73409,12.9592,6.5888,0.003714,0.8333,6.5888,Match,0.00336,2,Medium
427443763,3808.0,4.68351,12.9593,6.9934,0.002036,12.9167,12.9167,Harmonic_Corrected,0.002759,1,Low
82689824,3806.0,4.75162,12.9604,9.8936,0.001151,,9.8936,LS_only,0.002054,0,Very_Low
259232212,3576.0,4.84526,12.9609,4.3125,0.000575,,4.3125,LS_only,0.001048,0,Very_Low
230125089,3356.0,4.85763,12.9613,3.1039,0.001524,,3.1039,LS_only,0.002776,0,Very_Low
259381853,3374.0,4.89637,12.9627,3.9488,0.000455,,3.9488,LS_only,0.001209,0,Very_Low
51964499,3586.0,4.8253,12.9627,4.9418,0.000674,,4.9418,LS_only,0.001816,0,Very_Low
236767740,3613.0,4.77372,12.963,1.8005,0.000351,,1.8005,LS_only,0.000966,0,Very_Low
445315248,3892.0,4.68273,12.9641,6.2389,0.001019,,6.2389,LS_only,0.001675,0,Very_Low
256612420,3528.0,4.75894,12.9643,6.226,0.001244,,6.226,LS_only,0.001889,0,Very_Low
383553281,3031.0,5.10876,12.9645,1.3583,0.001417,1.3333,1.3583,Match,0.002446,2,Medium
470817750,3582.0,4.67721,12.9654,7.4343,0.007809,7.5,7.4343,Match,0.007551,3,High
265002061,3866.0,4.69035,12.9655,3.6812,0.001369,,3.6812,LS_only,0.00275,0,Very_Low
417304363,3658.0,4.73942,12.9669,6.2647,0.001716,,6.2647,LS_only,0.002657,0,Very_Low
235936782,3272.0,4.89702,12.9672,13.2965,0.07689,13.0833,13.2965,Match,0.084965,3,High
403884024,3621.0,4.83745,12.9678,7.4211,0.000636,,7.4211,LS_only,0.001729,0,Very_Low
453014079,3481.0,4.75564,12.9681,6.6019,0.007163,0.5833,6.6019,Match,0.011788,2,Medium
219775481,3196.0,5.1356,12.9682,8.4012,0.000471,,8.4012,LS_only,0.001023,0,Very_Low
428991040,3271.0,4.92905,12.9687,1.5517,0.007577,1.5833,1.5517,Match,0.006457,3,High
307116954,3775.0,4.66578,12.9687,5.8989,0.000873,,5.8989,LS_only,0.001673,0,Very_Low
82095016,3589.0,4.92495,12.9689,3.1364,0.00063,,3.1364,LS_only,0.001665,0,Very_Low
354836101,3850.0,4.69399,12.9692,11.9318,0.000558,,11.9318,LS_only,0.0012,0,Very_Low
369148606,3509.0,4.83829,12.9693,6.6019,0.001133,,6.6019,LS_only,0.001873,0,Very_Low
245506002,3717.0,4.73918,12.9696,6.9669,0.000829,,6.9669,LS_only,0.001613,0,Very_Low
249949155,3840.0,4.66534,12.9696,1.1029,0.000386,,1.1029,LS_only,0.001215,0,Very_Low
233616461,3580.0,4.78921,12.9697,11.8876,0.000365,,11.8876,LS_only,0.000795,0,Very_Low
283246512,3435.0,4.71474,12.9699,1.6879,0.000486,,1.6879,LS_only,0.001509,0,Very_Low
470677330,3466.0,4.86634,12.97,6.1738,0.000632,,6.1738,LS_only,0.00128,0,Very_Low
450155585,3431.0,4.86091,12.9705,5.9244,0.022988,0.9167,5.9244,Match,0.036776,2,Medium
117116369,3413.0,4.89133,12.9705,2.6208,0.000499,,2.6208,LS_only,0.001337,0,Very_Low
285225084,3613.0,4.70559,12.971,6.6149,0.001666,,6.6149,LS_only,0.002652,0,Very_Low
288513840,3409.0,4.89319,12.9714,15.0,0.001403,0.6667,15.0,Match,0.002457,1,Low
230072725,3393.0,4.78792,12.9722,7.6886,0.000588,,7.6886,LS_only,0.001314,0,Very_Low
354690502,3469.0,4.83155,12.9722,11.9577,0.000581,,11.9577,LS_only,0.001298,0,Very_Low
219881072,3059.0,5.07286,12.9727,3.2419,0.000832,,3.2419,LS_only,0.001331,0,Very_Low
441811894,3136.0,4.95114,12.973,2.1429,0.003434,,2.1429,LS_only,0.013582,1,Low
118390751,3399.0,4.88334,12.9734,6.6019,0.000847,,6.6019,LS_only,0.001567,0,Very_Low
459985664,3629.0,4.74448,12.974,9.7952,0.000769,9.1667,9.7952,Match,0.001016,2,Medium
348673213,3896.0,4.64192,12.974,10.8462,0.000933,,10.8462,LS_only,0.001842,0,Very_Low
251330763,3691.0,4.64851,12.9743,2.6873,0.017381,2.6667,2.6873,Match,0.013673,3,High
258700593,3317.0,4.91121,12.9751,3.2243,0.000305,,3.2243,LS_only,0.000868,0,Very_Low
236783276,3718.0,4.79919,12.9757,2.2837,0.000369,,2.2837,LS_only,0.000943,0,Very_Low
372348896,3559.0,4.77975,12.9771,11.9231,0.000813,,11.9231,LS_only,0.001859,0,Very_Low
316043081,3921.0,4.64998,12.9779,10.7812,0.000556,,10.7812,LS_only,0.001192,0,Very_Low
396568051,3158.0,4.98421,12.9779,6.5493,0.002701,13.1667,13.1667,Harmonic_Corrected,0.003725,2,Medium
445141725,3451.0,4.85908,12.9781,6.9934,0.002645,,6.9934,LS_only,0.002786,1,Low
372390514,3140.0,4.99123,12.9782,0.5566,0.008059,0.5833,0.5566,Match,0.009132,3,High
117111190,3632.0,4.74334,12.9785,3.4634,0.000591,,3.4634,LS_only,0.001789,0,Very_Low
116270235,3443.0,4.84378,12.9791,4.5259,0.00145,13.3333,4.5259,Match,0.001993,1,Low
417234478,3169.0,4.97116,12.9805,1.2049,0.009719,1.1667,1.2049,Match,0.007351,3,High
229588207,3505.0,4.82984,12.9805,7.7308,0.0004,,7.7308,LS_only,0.000819,0,Very_Low
400251250,3460.0,4.71743,12.9806,4.4118,0.000551,,4.4118,LS_only,0.001453,0,Very_Low
49856014,3662.0,4.70484,12.981,11.9231,0.000398,,11.9231,LS_only,0.001468,0,Very_Low
177882009,3315.0,4.8702,12.9813,6.9536,0.000552,13.3333,13.3333,Harmonic_Corrected,0.00137,1,Low
251833430,3494.0,4.74255,12.9817,11.8513,0.0017,1.0,11.8513,Match,0.001784,1,Low
284971405,3274.0,4.87144,12.9827,9.1176,0.000486,,9.1176,LS_only,0.001279,0,Very_Low
258514285,3468.0,4.842,12.9836,0.599,0.001373,0.5833,0.599,Match,0.001496,2,Medium
28694153,3188.0,5.03664,12.9847,1.0932,0.000401,,1.0932,LS_only,0.001136,0,Very_Low
272786763,3531.0,4.79955,12.9857,13.2353,0.000685,,13.2353,LS_only,0.00121,0,Very_Low
444742340,3428.0,4.85533,12.9861,2.1827,0.007364,,2.1827,LS_only,0.016224,1,Low
331857753,3596.0,4.69257,12.9863,11.9492,0.001312,,11.9492,LS_only,0.001981,0,Very_Low
229689348,3365.0,4.79912,12.9865,1.8708,0.000564,,1.8708,LS_only,0.001244,0,Very_Low
251219579,3576.0,4.78085,12.9866,4.2,0.000735,,4.2,LS_only,0.001857,0,Very_Low
279606560,3539.0,4.71826,12.9868,3.3917,0.000985,3.9167,3.3917,Match,0.001868,1,Low
200938697,3450.0,4.88339,12.9876,13.2748,0.000791,,13.2748,LS_only,0.001594,0,Very_Low
354289434,3724.0,4.74549,12.9876,6.2518,0.000741,,6.2518,LS_only,0.001212,0,Very_Low
399623138,3179.0,5.10662,12.9883,6.5625,0.00063,,6.5625,LS_only,0.001288,0,Very_Low
50759279,3422.0,4.86638,12.9887,0.6972,0.000955,,0.6972,LS_only,0.003331,0,Very_Low
428527862,3900.0,4.6833,12.9893,6.2647,0.00221,13.3333,13.3333,Harmonic_Corrected,0.004076,1,Low
5734477,3490.0,4.92105,12.9902,6.9934,0.000782,,6.9934,LS_only,0.001787,0,Very_Low
377154384,3716.0,4.79499,12.992,3.0343,0.000578,,3.0343,LS_only,0.001385,0,Very_Low
279612687,3237.0,4.97355,12.9933,0.7948,0.006041,0.75,0.7948,Match,0.006574,3,High
445425762,3841.0,4.71705,12.9955,13.3072,0.000922,13.0833,13.3072,Match,0.001543,2,Medium
94369231,3273.0,4.88475,12.9958,2.5485,0.00057,,2.5485,LS_only,0.001399,0,Very_Low
305826824,3911.0,4.69754,12.9971,2.6806,0.000797,,2.6806,LS_only,0.001631,0,Very_Low
198382049,3589.0,4.80099,12.9973,7.8679,0.000805,,7.8679,LS_only,0.001906,0,Very_Low
470805718,3417.0,4.76004,12.9982,6.2518,0.001279,,6.2518,LS_only,0.00225,0,Very_Low
229586554,3439.0,4.81608,12.9984,1.608,0.00022,,1.608,LS_only,0.000806,0,Very_Low
264807921,3576.0,4.77559,12.9986,4.5259,0.000856,,4.5259,LS_only,0.001418,0,Very_Low
233096878,3445.0,4.81897,12.9988,6.5094,0.000812,,6.5094,LS_only,0.001343,0,Very_Low
453152796,3433.0,4.79656,12.9991,13.3019,0.001691,0.6667,13.3019,Match,0.002454,1,Low
406597741,3577.0,4.82215,12.9994,11.9663,0.000659,0.6667,11.9663,Match,0.001211,1,Low
418262914,3298.0,4.87614,12.9994,5.9371,0.000732,,5.9371,LS_only,0.001546,0,Very_Low
470937980,3633.0,4.78883,13.0002,6.1211,0.002673,1.1667,6.1211,Match,0.003363,2,Medium
445282990,3666.0,4.77633,13.0004,6.2389,0.001183,13.0,13.0,Harmonic_Corrected,0.001945,1,Low
336291382,3431.0,4.91089,13.0012,9.181,0.003174,0.6667,9.181,Match,0.005074,2,Medium
331790809,3215.0,4.88563,13.0023,1.8293,0.003831,1.8333,1.8293,Match,0.004088,3,High
332810991,3262.0,4.90082,13.0029,6.2647,0.000762,,6.2647,LS_only,0.001648,0,Very_Low
229941196,3656.0,4.78586,13.0046,6.1343,0.001476,12.8333,12.8333,Harmonic_Corrected,0.001936,1,Low
270008446,3277.0,4.89595,13.0058,1.2309,0.000649,,1.2309,LS_only,0.003071,0,Very_Low
256207243,3878.0,4.6356,13.0071,13.3072,0.002195,0.5833,13.3072,Match,0.003074,1,Low
368383612,3356.0,4.78418,13.0084,9.965,0.000957,,9.965,LS_only,0.001969,0,Very_Low
396160495,3377.0,4.9287,13.009,5.6024,0.002008,,5.6024,LS_only,0.00298,0,Very_Low
323449035,3339.0,4.90867,13.0096,4.3789,0.000668,,4.3789,LS_only,0.001589,0,Very_Low
50687548,3377.0,4.78396,13.0099,6.5094,0.001035,13.0833,13.0833,Harmonic_Corrected,0.001554,1,Low
441793937,3514.0,4.78381,13.0104,11.8142,0.001913,1.0,11.8142,Match,0.002788,1,Low
12982367,3591.0,4.75739,13.011,4.9301,0.000571,,4.9301,LS_only,0.001581,0,Very_Low
230391647,3416.0,4.84018,13.0111,6.1343,0.001157,13.0833,13.0833,Harmonic_Corrected,0.001484,1,Low
370429390,3372.0,4.89064,13.0117,4.3899,0.00094,,4.3899,LS_only,0.001626,0,Very_Low
347308754,3548.0,4.81311,13.0121,3.19,0.001665,,3.19,LS_only,0.00314,0,Very_Low
348637010,3395.0,4.9597,13.0131,1.6773,0.000617,,1.6773,LS_only,0.001546,0,Very_Low
246980386,3304.0,5.00584,13.014,7.4343,0.000934,,7.4343,LS_only,0.001615,0,Very_Low
186627569,3217.0,4.94135,13.0155,1.6133,0.005449,1.5833,1.6133,Match,0.00481,3,High
312776530,3445.0,4.79529,13.0164,4.7545,0.002646,,4.7545,LS_only,0.003652,1,Low
117616413,3883.0,4.72637,13.0189,3.4729,0.001208,,3.4729,LS_only,0.002411,0,Very_Low
366679666,3442.0,4.93108,13.0191,4.3679,0.000527,,4.3679,LS_only,0.001276,0,Very_Low
13279418,3445.0,4.95682,13.0204,6.5888,0.001283,12.9167,12.9167,Harmonic_Corrected,0.002372,1,Low
301471249,3805.0,4.65985,13.0214,4.697,0.000864,,4.697,LS_only,0.001384,0,Very_Low
229406415,3345.0,4.81282,13.0237,3.3079,0.000591,,3.3079,LS_only,0.001252,0,Very_Low
35025268,2853.0,5.21834,13.0239,9.9057,0.000699,,9.9057,LS_only,0.001529,0,Very_Low
77548580,3163.0,4.94491,13.024,3.5883,0.001177,0.5833,3.5883,Match,0.001756,1,Low
371008656,3555.0,4.83934,13.0245,10.8673,0.005932,,10.8673,LS_only,0.009152,1,Low
199666622,3263.0,4.97684,13.0259,1.5995,0.000552,,1.5995,LS_only,0.001455,0,Very_Low
422253150,3325.0,4.9697,13.0269,2.2805,0.000886,,2.2805,LS_only,0.002091,0,Very_Low
284316352,3675.0,4.77993,13.0281,13.3125,0.002476,,13.3125,LS_only,0.005764,1,Low
271339099,3732.0,4.73433,13.0284,4.9652,0.013808,4.4167,4.9652,Match,0.013705,2,Medium
320182169,3584.0,4.7496,13.0296,10.8673,0.001566,23.0,23.0,Harmonic_Corrected,0.003384,1,Low
377072689,3420.0,4.77705,13.0312,4.5596,0.000827,,4.5596,LS_only,0.001371,0,Very_Low
470888588,3568.0,4.76262,13.0314,6.5228,0.001384,13.5,13.5,Harmonic_Corrected,0.001834,1,Low
335797473,3099.0,5.05706,13.0317,8.52,0.000925,,8.52,LS_only,0.002121,0,Very_Low
289537812,3454.0,4.87117,13.0329,3.4714,0.000664,,3.4714,LS_only,0.001363,0,Very_Low
470818648,3301.0,4.90538,13.033,5.9371,0.000598,,5.9371,LS_only,0.001347,0,Very_Low
229709436,3737.0,4.78417,13.0339,4.6622,0.00065,,4.6622,LS_only,0.001066,0,Very_Low
396560728,3677.0,4.68698,13.0358,2.224,0.004522,,2.224,LS_only,0.007625,1,Low
363759046,3861.0,4.727,13.0363,0.94,0.00108,,0.94,LS_only,0.002937,0,Very_Low
461318755,3580.0,4.75684,13.0364,1.139,0.003425,1.1667,1.139,Match,0.003343,3,High
387527558,3514.0,4.81377,13.0367,6.5888,0.013457,13.1667,13.1667,Harmonic_Corrected,0.018409,2,Medium
374400367,3820.0,4.71373,13.0371,10.8355,0.000794,,10.8355,LS_only,0.00172,0,Very_Low
264615360,3373.0,4.65353,13.0377,4.5484,0.001555,2.0833,2.0833,Subharmonic_Corrected,0.007815,1,Low
396201100,3529.0,4.76951,13.0384,7.0197,0.001004,13.0,13.0,Harmonic_Corrected,0.001792,1,Low
10355226,3263.0,4.95552,13.0389,6.5888,0.004038,13.3333,13.3333,Harmonic_Corrected,0.00583,2,Medium
233740704,3337.0,4.94875,13.0396,4.8472,0.000412,,4.8472,LS_only,0.001114,0,Very_Low
354790988,3237.0,4.98621,13.0397,5.64,0.051853,5.6667,5.64,Match,0.048872,3,High
192739578,3513.0,4.86911,13.0421,2.224,0.001257,,2.224,LS_only,0.002762,0,Very_Low
372728288,3418.0,4.89047,13.0436,0.8113,0.007049,0.8333,0.8113,Match,0.011551,3,High
117269753,3810.0,4.73879,13.045,8.4677,0.001315,,8.4677,LS_only,0.002734,0,Very_Low
264174160,3190.0,4.92154,13.0453,4.5146,0.000451,,4.5146,LS_only,0.001077,0,Very_Low
251573127,3482.0,4.70705,13.0458,11.8605,0.001001,,11.8605,LS_only,0.001878,0,Very_Low
427442752,3801.0,4.71614,13.0459,11.9577,0.000467,,11.9577,LS_only,0.001188,0,Very_Low
424731131,3368.0,4.86024,13.0461,3.8451,0.000666,,3.8451,LS_only,0.001583,0,Very_Low
420653565,3361.0,4.85525,13.0492,6.5493,0.002432,13.1667,13.1667,Harmonic_Corrected,0.003246,2,Medium
298356280,3254.0,4.99129,13.0496,8.5329,0.037552,,8.5329,LS_only,0.094795,1,Low
224608234,3323.0,4.88831,13.0498,7.8273,0.004897,0.8333,7.8273,Match,0.007543,2,Medium
117755701,3632.0,4.66505,13.05,3.4634,0.000497,,3.4634,LS_only,0.001176,0,Very_Low
403253684,3567.0,4.72434,13.0517,5.9497,0.001824,,5.9497,LS_only,0.003751,0,Very_Low
419245788,3411.0,4.78657,13.052,0.6884,0.000727,,0.6884,LS_only,0.001943,0,Very_Low
351688495,3664.0,4.68769,13.0525,0.5221,0.000683,,0.5221,LS_only,0.001897,0,Very_Low
323059769,3384.0,4.95319,13.0527,0.5157,0.000282,,0.5157,LS_only,0.000978,0,Very_Low
251204406,3384.0,4.95359,13.0534,5.8861,0.000532,,5.8861,LS_only,0.001547,0,Very_Low
252106444,3893.0,4.6755,13.0535,9.9176,0.000579,,9.9176,LS_only,0.001465,0,Very_Low
316131539,3715.0,4.76693,13.0549,11.8966,0.001105,,11.8966,LS_only,0.001563,0,Very_Low
198210511,3457.0,4.88731,13.0551,0.9875,0.000363,,0.9875,LS_only,0.001031,0,Very_Low
441730472,3769.0,4.6798,13.0553,3.7091,0.003138,3.5833,3.7091,Match,0.003283,3,High
372503449,3737.0,4.7416,13.0554,1.0038,0.001745,1.0,1.0038,Match,0.005029,2,Medium
287138724,3380.0,4.82294,13.0555,1.2515,0.001122,,1.2515,LS_only,0.00181,0,Very_Low
81594681,3473.0,4.74358,13.0556,4.1457,0.001577,,4.1457,LS_only,0.002757,0,Very_Low
352840869,3305.0,4.83975,13.0562,6.5888,0.000721,,6.5888,LS_only,0.001527,0,Very_Low
198211716,3467.0,4.79174,13.0586,4.0578,0.00202,15.9167,4.0578,Match,0.002516,1,Low
305047661,3353.0,4.91538,13.0588,11.9577,0.004207,,11.9577,LS_only,0.00619,1,Low
354868690,3628.0,4.77789,13.059,0.8587,0.000509,,0.8587,LS_only,0.001503,0,Very_Low
65694055,3364.0,4.87142,13.0591,6.213,0.000421,,6.213,LS_only,0.001236,0,Very_Low
312469602,3827.0,4.67891,13.0596,4.3789,0.000647,,4.3789,LS_only,0.001805,0,Very_Low
408732622,3358.0,4.94282,13.0596,3.5106,0.001294,,3.5106,LS_only,0.002632,0,Very_Low
236713351,3337.0,4.88896,13.0598,2.1362,0.000621,,2.1362,LS_only,0.001495,0,Very_Low
399082335,3464.0,4.74497,13.06,2.1893,0.003419,2.1667,2.1893,Match,0.002799,3,High
275857804,3590.0,4.759,13.061,3.336,0.000545,,3.336,LS_only,0.00137,0,Very_Low
272784685,3639.0,4.68518,13.0622,4.4233,0.000561,,4.4233,LS_only,0.001101,0,Very_Low
237209730,3625.0,4.74287,13.0626,7.8947,0.001066,,7.8947,LS_only,0.001983,0,Very_Low
219793020,3318.0,4.82373,13.0628,15.0,0.000479,,15.0,LS_only,0.001374,0,Very_Low
312149242,3286.0,4.88956,13.063,0.6759,0.008211,0.6667,0.6759,Match,0.006627,3,High
327732582,3330.0,4.91633,13.0631,7.9346,0.000583,,7.9346,LS_only,0.001386,0,Very_Low
417257231,3719.0,4.71239,13.0639,7.4211,0.001111,,7.4211,LS_only,0.002453,0,Very_Low
265386046,3669.0,4.71227,13.0651,4.5146,0.00128,0.5833,4.5146,Match,0.001888,1,Low
376405612,3908.0,4.73539,13.0652,15.0,0.000644,,15.0,LS_only,0.00136,0,Very_Low
379374733,3549.0,4.76263,13.0657,9.1558,0.002493,,9.1558,LS_only,0.004357,1,Low
285576155,3589.0,4.78358,13.066,5.9497,0.000857,,5.9497,LS_only,0.001873,0,Very_Low
353240445,3307.0,4.93409,13.066,5.9244,0.00133,,5.9244,LS_only,0.00255,0,Very_Low
343268431,3013.0,5.04901,13.0667,0.908,0.008094,0.9167,0.908,Match,0.006496,3,High
445285461,3371.0,5.03362,13.067,11.9577,0.001621,10.0,11.9577,Match,0.004035,1,Low
82238383,3705.0,4.746,13.0679,15.0,0.002894,,15.0,LS_only,0.003717,1,Low
230119055,3484.0,4.76441,13.0682,13.194,0.00129,0.75,13.194,Match,0.001783,1,Low
237289349,3727.0,4.76798,13.0695,2.6055,0.00044,13.0833,2.6055,Match,0.001228,1,Low
338431285,3395.0,4.93194,13.0696,1.1107,0.001083,,1.1107,LS_only,0.002355,0,Very_Low
311822272,3411.0,4.81775,13.0697,10.8673,0.00082,,10.8673,LS_only,0.002447,0,Very_Low
356700300,3560.0,4.7734,13.0699,1.4697,0.000462,,1.4697,LS_only,0.001076,0,Very_Low
331859932,3558.0,4.70678,13.072,1.0825,0.000568,,1.0825,LS_only,0.001785,0,Very_Low
34787125,3138.0,5.07854,13.0722,13.3072,0.002262,0.75,13.3072,Match,0.003812,1,Low
369992073,3891.0,4.7149,13.073,5.9371,0.000444,,5.9371,LS_only,0.001306,0,Very_Low
452919925,3521.0,4.88619,13.0732,4.3899,0.000675,,4.3899,LS_only,0.001629,0,Very_Low
265091455,3812.0,4.67043,13.0732,2.5978,0.000972,,2.5978,LS_only,0.001681,0,Very_Low
245479205,3907.0,4.64845,13.0733,9.9296,0.006409,10.4167,9.9296,Match,0.006587,3,High
315929373,3499.0,4.83121,13.0761,9.0789,0.001039,,9.0789,LS_only,0.001848,0,Very_Low
441812190,3504.0,4.80516,13.0764,15.0,0.000729,0.5833,15.0,Match,0.001765,1,Low
468750384,3176.0,4.97388,13.0766,3.4444,0.00107,1.4167,3.4444,Match,0.00421,1,Low
436927750,3416.0,4.90275,13.0767,13.3178,0.00189,0.5833,13.3178,Match,0.002413,1,Low
269320242,3156.0,4.92276,13.0795,1.8015,0.022922,1.8333,1.8015,Match,0.022433,3,High
283986853,3387.0,4.94728,13.0802,4.4008,0.000742,,4.4008,LS_only,0.001163,0,Very_Low
468520871,3349.0,4.91597,13.0812,5.122,0.011787,5.0833,5.122,Match,0.009094,3,High
351695758,3425.0,4.86309,13.0817,6.6279,0.000945,,6.6279,LS_only,0.001883,0,Very_Low
54365102,3643.0,4.71694,13.0827,2.1494,0.002892,2.1667,2.1494,Match,0.002611,3,High
199547573,3691.0,4.82202,13.083,0.6325,0.000376,,0.6325,LS_only,0.001112,0,Very_Low
384808569,3445.0,4.82765,13.0833,0.6218,0.001614,0.5833,0.6218,Match,0.002126,2,Medium
230081659,3361.0,4.85598,13.0843,8.25,0.002153,,8.25,LS_only,0.003496,0,Very_Low
354642652,3638.0,4.73518,13.0847,5.64,0.001145,,5.64,LS_only,0.002554,0,Very_Low
279349119,3697.0,4.81517,13.0847,6.5888,0.000768,,6.5888,LS_only,0.001631,0,Very_Low
367681716,3285.0,5.0445,13.0851,8.25,0.001638,0.75,8.25,Match,0.002136,1,Low
240809195,3428.0,4.8647,13.0865,5.9497,0.006807,,5.9497,LS_only,0.016874,1,Low
229781039,3439.0,4.83535,13.0867,4.3014,0.000709,,4.3014,LS_only,0.001282,0,Very_Low
419253850,3350.0,4.85181,13.087,11.9663,0.001598,,11.9663,LS_only,0.003246,0,Very_Low
401081858,3611.0,4.81916,13.0874,6.5625,0.001838,13.0833,13.0833,Harmonic_Corrected,0.002397,1,Low
61045650,3205.0,5.05333,13.0881,2.9022,0.003693,2.9167,2.9022,Match,0.003783,3,High
233082738,3519.0,4.8226,13.0882,3.3079,0.000284,,3.3079,LS_only,0.000936,0,Very_Low
376117184,3519.0,4.77971,13.0888,4.5259,0.001081,,4.5259,LS_only,0.002052,0,Very_Low
445638879,3720.0,4.71492,13.0889,3.8108,0.001313,,3.8108,LS_only,0.002503,0,Very_Low
264808134,3519.0,4.80403,13.0895,2.6055,0.000343,,2.6055,LS_only,0.001111,0,Very_Low
315733299,3754.0,4.70504,13.0895,4.6622,0.00403,0.5833,4.6622,Match,0.00589,2,Medium
13840993,3626.0,4.75025,13.0896,6.5493,0.002554,13.0,13.0,Harmonic_Corrected,0.004097,2,Medium
453226699,3479.0,4.75066,13.0898,11.9577,0.000842,,11.9577,LS_only,0.001842,0,Very_Low
288468109,3458.0,4.85245,13.0898,4.4691,0.00077,,4.4691,LS_only,0.001295,0,Very_Low
387510795,3581.0,4.86305,13.0904,1.8758,0.000599,,1.8758,LS_only,0.001476,0,Very_Low
316330494,3735.0,4.66421,13.0912,6.5493,0.004143,6.5,6.5493,Match,0.005038,3,High
241018607,3329.0,4.96872,13.0914,8.4677,0.000953,,8.4677,LS_only,0.00217,0,Very_Low
165550041,3493.0,4.85243,13.0919,2.8992,0.000251,,2.8992,LS_only,0.00089,0,Very_Low
428379520,3486.0,4.86709,13.0931,4.582,0.003089,13.1667,4.582,Match,0.007021,2,Medium
200996397,3370.0,4.88514,13.0935,11.8966,0.002133,1.5,11.8966,Match,0.002445,1,Low
470243326,3382.0,4.94591,13.0938,1.1463,0.00083,1.1667,1.1463,Match,0.001091,2,Medium
456042926,3694.0,4.75807,13.0938,4.7545,0.000934,,4.7545,LS_only,0.002194,0,Very_Low
235684525,3268.0,4.84215,13.0943,9.8571,0.001802,1.1667,9.8571,Match,0.004811,1,Low
385406028,3868.0,4.6606,13.0944,4.4691,0.0007,,4.4691,LS_only,0.001382,0,Very_Low
372270768,3567.0,4.81495,13.0954,6.1475,0.000575,,6.1475,LS_only,0.001473,0,Very_Low
441730358,3381.0,4.98249,13.0957,4.8353,0.000444,,4.8353,LS_only,0.001261,0,Very_Low
198557860,3092.0,4.9179,13.096,2.2558,0.001927,0.8333,2.2558,Match,0.007261,1,Low
458947909,3618.0,4.75888,13.0961,10.7812,0.001442,,10.7812,LS_only,0.002273,0,Very_Low
376869545,3377.0,4.85103,13.0965,3.1274,0.000334,,3.1274,LS_only,0.000891,0,Very_Low
461420491,3565.0,4.81926,13.0965,4.4008,0.000642,10.0,4.4008,Match,0.001939,1,Low
272830315,3794.0,4.78773,13.0971,4.2537,0.002121,0.5833,4.2537,Match,0.003678,1,Low
279503509,3570.0,4.78736,13.0977,2.7273,0.000489,,2.7273,LS_only,0.001482,0,Very_Low
258701920,3446.0,4.78681,13.099,9.0659,0.000905,,9.0659,LS_only,0.001434,0,Very_Low
236759049,3212.0,4.92586,13.0994,4.3014,0.000349,,4.3014,LS_only,0.000994,0,Very_Low
402977577,3412.0,4.87463,13.0997,1.0111,0.002772,1.0833,1.0111,Match,0.002816,3,High
396195162,3512.0,4.81585,13.0998,4.4118,0.011257,4.5,4.4118,Match,0.013401,3,High
360020321,2920.0,5.16471,13.0999,3.4539,0.009236,10.1667,3.4539,Match,0.016373,2,Medium
283735506,3463.0,4.7791,13.1002,10.8779,0.001771,0.5833,10.8779,Match,0.003371,1,Low
26500907,3355.0,4.95796,13.1008,6.213,0.000895,,6.213,LS_only,0.001514,0,Very_Low
378655706,3787.0,4.74674,13.101,10.8673,0.001813,0.6667,10.8673,Match,0.002635,1,Low
251416036,3460.0,4.7921,13.101,3.3079,0.001227,6.5833,6.5833,Harmonic_Corrected,0.001831,1,Low
230050730,3279.0,5.05628,13.1011,4.3014,0.000732,,4.3014,LS_only,0.001267,0,Very_Low
26649956,3435.0,4.93838,13.1012,7.3944,0.000877,,7.3944,LS_only,0.002183,0,Very_Low
416089233,3204.0,5.01866,13.1043,2.1494,0.000594,,2.1494,LS_only,0.001813,0,Very_Low
284892190,3418.0,4.8465,13.1044,3.3079,0.000616,,3.3079,LS_only,0.001481,0,Very_Low
117033109,3070.0,5.07795,13.1045,9.8936,0.000762,,9.8936,LS_only,0.001548,0,Very_Low
433140195,3397.0,4.9525,13.1056,2.1893,0.000706,,2.1893,LS_only,0.001434,0,Very_Low
21162620,3193.0,4.99685,13.1064,7.8814,0.003798,22.8333,7.8814,Match,0.007283,2,Medium
285435337,3756.0,4.64968,13.1071,11.9663,0.004726,0.75,11.9663,Match,0.004834,2,Medium
13839246,3519.0,4.78109,13.1074,6.9403,0.001082,,6.9403,LS_only,0.00163,0,Very_Low
285671839,3298.0,4.82355,13.1079,1.9849,0.000721,,1.9849,LS_only,0.001869,0,Very_Low
308120054,3298.0,4.99194,13.108,1.4185,0.000883,,1.4185,LS_only,0.001905,0,Very_Low
445133142,3553.0,4.75541,13.1083,3.2791,0.000575,,3.2791,LS_only,0.001601,0,Very_Low
245697082,3760.0,4.72845,13.1083,1.022,0.000468,,1.022,LS_only,0.001283,0,Very_Low
366588263,3368.0,4.98342,13.1084,9.1558,0.001421,,9.1558,LS_only,0.002489,0,Very_Low
230073286,3622.0,4.87843,13.1097,5.7296,0.001252,,5.7296,LS_only,0.002029,0,Very_Low
385400392,3569.0,4.84914,13.1117,6.1343,0.001513,0.6667,6.1343,Match,0.001894,1,Low
379483317,3822.0,4.71512,13.113,3.5787,0.001115,,3.5787,LS_only,0.002331,0,Very_Low
233199944,3544.0,4.7906,13.113,9.0,0.000522,,9.0,LS_only,0.001012,0,Very_Low
445664676,3671.0,4.7262,13.1133,4.7315,0.000504,,4.7315,LS_only,0.001312,0,Very_Low
449998925,3438.0,4.94293,13.1141,13.3125,0.001642,,13.3125,LS_only,0.003221,0,Very_Low
237099061,3417.0,4.92855,13.1142,1.505,0.000525,,1.505,LS_only,0.001158,0,Very_Low
272046404,3272.0,4.87661,13.1143,1.2919,0.002099,1.1667,1.2919,Match,0.00293,2,Medium
219773818,2994.0,5.09725,13.1144,1.1386,0.003678,1.1667,1.1386,Match,0.00296,3,High
138019688,3403.0,4.93432,13.1148,9.8571,0.000592,,9.8571,LS_only,0.001403,0,Very_Low
441789542,3454.0,4.86185,13.1152,8.25,0.001296,0.5833,8.25,Match,0.001729,1,Low
289571829,3281.0,4.87749,13.1154,2.3268,0.000458,,2.3268,LS_only,0.00106,0,Very_Low
10872565,3620.0,4.79474,13.1156,7.9213,0.000825,,7.9213,LS_only,0.002285,0,Very_Low
368233875,3564.0,4.72984,13.1166,1.6512,0.000316,,1.6512,LS_only,0.001133,0,Very_Low
372510837,3635.0,4.68288,13.1169,11.9663,0.002448,,11.9663,LS_only,0.003183,1,Low
367143560,3224.0,4.99475,13.1184,0.5012,0.0021,1.25,0.5012,Match,0.003273,1,Low
458919543,3896.0,4.71048,13.1199,3.5009,0.001471,,3.5009,LS_only,0.002508,0,Very_Low
230112311,3488.0,4.77028,13.1223,3.1039,0.000546,,3.1039,LS_only,0.001002,0,Very_Low
264916769,3551.0,4.75961,13.1225,4.7085,0.023262,4.5,4.7085,Match,0.027653,3,High
288515846,3310.0,4.87561,13.1235,4.697,0.000704,,4.697,LS_only,0.001495,0,Very_Low
384816818,3322.0,4.88036,13.1237,6.4692,0.002024,13.0833,13.0833,Harmonic_Corrected,0.002427,1,Low
376880828,3498.0,4.81065,13.1239,2.5669,0.000462,,2.5669,LS_only,0.001079,0,Very_Low
366070392,3468.0,4.89349,13.1243,3.2078,0.002473,3.1667,3.2078,Match,0.00237,3,High
35159084,3236.0,4.94799,13.1244,1.8944,0.001423,,1.8944,LS_only,0.003522,0,Very_Low
129985093,3185.0,4.94995,13.1246,4.3899,0.000812,,4.3899,LS_only,0.001473,0,Very_Low
368375137,3218.0,4.91776,13.1256,2.9022,0.001286,,2.9022,LS_only,0.002523,0,Very_Low
232616019,3196.0,4.85749,13.1266,11.8696,0.004131,12.0,11.8696,Match,0.004005,3,High
359250253,3342.0,4.96281,13.1268,6.2647,0.002323,13.0,13.0,Harmonic_Corrected,0.00405,2,Medium
219791669,3317.0,4.78338,13.1278,5.2953,0.000425,,5.2953,LS_only,0.001083,0,Very_Low
387682152,3297.0,4.86172,13.1294,0.724,0.006394,0.75,0.724,Match,0.005566,3,High
467603632,3230.0,4.91708,13.1295,1.2309,0.004337,1.25,1.2309,Match,0.004474,3,High
237096789,3598.0,4.8579,13.1338,5.4878,0.000877,0.5833,5.4878,Match,0.00146,1,Low
258775125,3410.0,4.83574,13.1356,3.3173,0.000466,,3.3173,LS_only,0.00113,0,Very_Low
424387568,3481.0,4.86242,13.1372,8.4545,0.001019,,8.4545,LS_only,0.002075,0,Very_Low
445312503,3590.0,4.75205,13.1381,6.2389,0.004267,13.1667,13.1667,Harmonic_Corrected,0.007003,2,Medium
288428751,3588.0,4.78292,13.1387,4.4691,0.000389,,4.4691,LS_only,0.001004,0,Very_Low
458970672,3601.0,4.77075,13.1394,6.5094,0.001259,13.0,13.0,Harmonic_Corrected,0.002304,1,Low
428464693,3279.0,4.91111,13.1395,6.1475,0.002431,6.0,6.1475,Match,0.002977,3,High
198204693,3546.0,4.78105,13.1406,3.0822,0.001062,,3.0822,LS_only,0.002158,0,Very_Low
82568508,3403.0,4.83163,13.1407,0.984,0.000466,,0.984,LS_only,0.001331,0,Very_Low
401085949,3445.0,4.83779,13.1414,3.2517,0.000498,,3.2517,LS_only,0.001382,0,Very_Low
348139478,3918.0,4.66547,13.1416,4.9301,0.002224,,4.9301,LS_only,0.004471,0,Very_Low
279660773,3285.0,4.91341,13.1419,10.8673,0.000405,,10.8673,LS_only,0.001227,0,Very_Low
272419520,3395.0,4.78194,13.1426,3.841,0.006504,3.75,3.841,Match,0.006067,3,High
403574563,3568.0,4.74471,13.1454,0.6884,0.000786,,0.6884,LS_only,0.002021,0,Very_Low
468280618,3577.0,4.88376,13.1459,15.0,0.000984,,15.0,LS_only,0.001779,0,Very_Low
192594014,3254.0,4.91809,13.1461,3.701,0.003942,3.75,3.701,Match,0.003771,3,High
236874149,3377.0,5.02758,13.1468,3.2426,0.000555,,3.2426,LS_only,0.001166,0,Very_Low
385338332,3579.0,4.85112,13.1476,3.4444,0.00078,,3.4444,LS_only,0.001663,0,Very_Low
359134297,3317.0,4.76921,13.1478,9.965,0.003084,,9.965,LS_only,0.005678,1,Low
353490430,3260.0,4.7948,13.1482,3.2609,0.000692,,3.2609,LS_only,0.001669,0,Very_Low
452966248,3670.0,4.70204,13.1486,7.3944,0.000973,,7.3944,LS_only,0.002086,0,Very_Low
424389265,2976.0,5.11622,13.1488,0.5877,0.002029,,0.5877,LS_only,0.011307,0,Very_Low
250716286,3210.0,5.00028,13.1496,1.2657,0.012326,1.25,1.2657,Match,0.009131,3,High
370280264,3612.0,4.73449,13.1499,6.6019,0.004629,12.3333,12.3333,Harmonic_Corrected,0.004361,2,Medium
259270741,3549.0,4.9143,13.1502,3.3173,0.000765,13.3333,3.3173,Match,0.001211,1,Low
368601838,3520.0,4.79105,13.1509,4.4118,0.000967,,4.4118,LS_only,0.002356,0,Very_Low
279345119,3375.0,4.81269,13.152,6.5888,0.00141,12.75,12.75,Harmonic_Corrected,0.002268,1,Low
237096439,3478.0,4.86119,13.1525,7.7725,0.000356,,7.7725,LS_only,0.001004,0,Very_Low
376870091,3162.0,4.99909,13.1539,0.6414,0.004925,0.6667,0.6414,Match,0.004252,3,High
353022251,3444.0,4.94991,13.1574,6.5888,0.003102,13.25,13.25,Harmonic_Corrected,0.003748,2,Medium
229682791,3291.0,4.81683,13.1586,3.3079,0.000465,,3.3079,LS_only,0.001107,0,Very_Low
354287347,3180.0,5.04671,13.1589,6.9934,0.001388,1.4167,6.9934,Match,0.003084,1,Low
237218043,3481.0,4.90375,13.1593,1.812,0.000379,,1.812,LS_only,0.000985,0,Very_Low
307114543,3463.0,4.90309,13.1594,6.9669,0.000517,,6.9669,LS_only,0.00141,0,Very_Low
279504326,3302.0,4.79726,13.1604,6.213,0.001101,,6.213,LS_only,0.001722,0,Very_Low
232629466,3662.0,4.77357,13.1618,3.0707,0.000825,,3.0707,LS_only,0.002194,0,Very_Low
233204783,3340.0,4.87831,13.1633,2.6793,0.000488,,2.6793,LS_only,0.001066,0,Very_Low
331852661,3704.0,4.70701,13.1637,1.2471,0.003204,1.25,1.2471,Match,0.004313,3,High
259233660,3419.0,4.84756,13.1638,1.095,0.000463,,1.095,LS_only,0.001133,0,Very_Low
219740029,3488.0,4.7874,13.164,4.4233,0.002114,4.5,4.4233,Match,0.002931,2,Medium
420392688,3836.0,4.68639,13.1642,4.243,0.001749,,4.243,LS_only,0.003707,0,Very_Low
251701925,3487.0,4.82177,13.1645,6.1343,0.004588,0.75,6.1343,Match,0.00693,2,Medium
424093916,3138.0,5.00252,13.1652,6.5493,0.001816,8.0,6.5493,Match,0.005003,1,Low
397928961,3585.0,4.84049,13.1657,4.7315,0.001587,13.1667,4.7315,Match,0.003653,1,Low
139428441,3181.0,4.94215,13.1658,3.3825,0.001724,3.1667,3.3825,Match,0.002238,2,Medium
259036807,3376.0,4.84686,13.1659,3.2243,0.000549,,3.2243,LS_only,0.001319,0,Very_Low
232649744,3126.0,5.00728,13.1664,5.1099,0.001139,,5.1099,LS_only,0.002407,0,Very_Low
358908226,3169.0,4.91558,13.1665,0.5021,0.03012,1.0,1.0,Harmonic_Corrected,0.035869,2,Medium
356241935,3265.0,4.90794,13.1665,3.3453,0.000608,,3.3453,LS_only,0.001344,0,Very_Low
389902064,2985.0,5.13172,13.1665,4.5484,0.000923,,4.5484,LS_only,0.002071,0,Very_Low
352193694,3316.0,4.73201,13.1689,2.1893,0.00429,13.0,2.1893,Match,0.008119,2,Medium
229473874,3619.0,4.81115,13.169,11.9231,0.000573,1.25,11.9231,Match,0.002548,1,Low
256413515,3665.0,4.78055,13.169,6.2647,0.001045,,6.2647,LS_only,0.002319,0,Very_Low
459980945,3633.0,4.8081,13.1706,2.8907,0.000708,,2.8907,LS_only,0.001875,0,Very_Low
233211109,3439.0,4.87157,13.171,2.17,0.000533,,2.17,LS_only,0.001102,0,Very_Low
258350606,3299.0,4.92927,13.1713,4.6854,0.000543,,4.6854,LS_only,0.001229,0,Very_Low
458970710,3579.0,4.7824,13.172,10.7812,0.000678,0.5833,10.7812,Match,0.001383,1,Low
369272316,3304.0,4.89582,13.1724,6.5625,0.002003,,6.5625,LS_only,0.003016,0,Very_Low
84165381,3442.0,4.77384,13.1732,10.8673,0.002557,0.75,10.8673,Match,0.004597,2,Medium
233498444,3480.0,4.81713,13.1734,13.194,0.000479,,13.194,LS_only,0.001156,0,Very_Low
370269869,3614.0,4.79099,13.1735,10.8462,0.006224,1.3333,10.8462,Match,0.006052,2,Medium
240821194,2972.0,5.15675,13.1751,7.4211,0.001377,,7.4211,LS_only,0.002619,0,Very_Low
298735541,3494.0,4.84821,13.1753,15.0,0.000515,,15.0,LS_only,0.001151,0,Very_Low
381585029,3182.0,5.02055,13.1769,2.2307,0.000778,1.3333,2.2307,Match,0.004498,1,Low
441761963,3328.0,4.8226,13.1769,4.763,0.000714,,4.763,LS_only,0.001261,0,Very_Low
192536810,3318.0,4.99505,13.1775,4.9301,0.000566,,4.9301,LS_only,0.001335,0,Very_Low
428962668,3413.0,4.92799,13.1799,11.9748,0.017344,23.3333,23.3333,Harmonic_Corrected,0.027557,2,Medium
256480669,3458.0,4.92609,13.1821,0.8824,0.000361,,0.8824,LS_only,0.00125,0,Very_Low
369824637,3482.0,4.80458,13.183,7.4476,0.00765,,7.4476,LS_only,0.009379,1,Low
470113124,3368.0,4.91617,13.1834,1.4758,0.000415,,1.4758,LS_only,0.00105,0,Very_Low
353018612,3294.0,4.95453,13.1858,3.1057,0.000639,,3.1057,LS_only,0.001922,0,Very_Low
327189990,3148.0,4.95105,13.1867,1.0232,0.003352,5.0833,1.0232,Match,0.004424,2,Medium
240903831,3211.0,4.92626,13.1871,2.0981,0.007196,2.0833,2.0981,Match,0.007867,3,High
444410594,3760.0,4.70185,13.1872,0.774,0.000841,,0.774,LS_only,0.002709,0,Very_Low
320272042,3213.0,4.98708,13.1873,11.9405,0.002755,,11.9405,LS_only,0.004251,1,Low
379530943,3588.0,4.72022,13.1884,6.5757,0.001453,,6.5757,LS_only,0.001961,0,Very_Low
245711435,3469.0,4.84966,13.1885,4.7315,0.006214,4.5,4.7315,Match,0.007759,3,High
350734035,2987.0,4.99919,13.1903,0.6126,0.013466,0.5833,0.6126,Match,0.009865,3,High
459977111,3486.0,4.79717,13.1913,0.5152,0.000338,,0.5152,LS_only,0.001042,0,Very_Low
52261296,3694.0,4.72164,13.192,6.6149,0.001292,0.75,6.6149,Match,0.002177,1,Low
422983378,3498.0,4.89632,13.1924,2.5015,0.00041,,2.5015,LS_only,0.001241,0,Very_Low
353938213,3181.0,4.94262,13.1926,8.4012,0.000612,,8.4012,LS_only,0.001188,0,Very_Low
104152057,3687.0,4.69613,13.194,9.9057,0.001378,0.6667,9.9057,Match,0.001994,1,Low
331513438,3226.0,4.88291,13.1951,6.226,0.000977,0.5833,6.226,Match,0.001835,1,Low
445402420,3699.0,4.71432,13.196,11.9577,0.002794,13.1667,11.9577,Match,0.004147,2,Medium
364075572,3342.0,4.85455,13.1964,6.2518,0.000645,,6.2518,LS_only,0.002045,0,Very_Low
389768460,3650.0,4.761,13.1973,5.9497,0.002092,,5.9497,LS_only,0.004359,0,Very_Low
198278424,3438.0,4.80311,13.1976,11.8421,0.001364,13.25,11.8421,Match,0.002438,1,Low
279442766,3456.0,4.69703,13.1977,1.0507,0.000851,0.8333,1.0507,Match,0.006033,1,Low
364118559,3921.0,4.86392,13.1979,1.8826,0.000357,,1.8826,LS_only,0.001215,0,Very_Low
237214260,3230.0,4.8121,13.1994,11.8966,0.000856,,11.8966,LS_only,0.00204,0,Very_Low
449987718,3326.0,4.85669,13.1995,4.7545,0.001188,,4.7545,LS_only,0.0032,0,Very_Low
427448562,3379.0,4.89402,13.2003,4.743,0.00049,,4.743,LS_only,0.00133,0,Very_Low
82345641,3343.0,4.96074,13.2029,2.1562,0.001129,,2.1562,LS_only,0.002776,0,Very_Low
256208364,3508.0,4.7024,13.2029,2.1893,0.017819,2.1667,2.1893,Match,0.015048,3,High
435355079,3516.0,4.74928,13.2031,6.2775,0.000906,,6.2775,LS_only,0.001972,0,Very_Low
332679166,3696.0,4.73753,13.2048,6.2518,0.000581,,6.2518,LS_only,0.001742,0,Very_Low
444494319,3391.0,4.75457,13.2054,1.796,0.048575,1.75,1.796,Match,0.036229,3,High
13766867,3331.0,4.954,13.2061,6.9802,0.001175,0.5833,6.9802,Match,0.00195,1,Low
84226028,3566.0,4.81485,13.2074,13.3178,0.000979,,13.3178,LS_only,0.002435,0,Very_Low
332476224,3018.0,4.98445,13.2081,0.8639,0.00038,,0.8639,LS_only,0.001163,0,Very_Low
399737080,3350.0,4.93944,13.2089,0.9068,0.019999,0.9167,0.9068,Match,0.030307,3,High
233540482,3525.0,4.82222,13.2093,11.8786,0.000506,,11.8786,LS_only,0.001117,0,Very_Low
297779917,3343.0,4.83068,13.2104,6.9536,0.001409,13.25,13.25,Harmonic_Corrected,0.003243,1,Low
376354329,3460.0,4.85196,13.2106,6.213,0.000851,,6.213,LS_only,0.00191,0,Very_Low
427343893,3468.0,4.7147,13.2107,7.4343,0.000856,,7.4343,LS_only,0.00201,0,Very_Low
381782974,3175.0,5.00537,13.2116,10.8568,0.000858,,10.8568,LS_only,0.001551,0,Very_Low
286219561,3244.0,4.92712,13.2136,6.4826,0.004046,13.1667,13.1667,Harmonic_Corrected,0.005915,2,Medium
268631337,3452.0,4.83171,13.2139,10.8779,0.016077,0.6667,10.8779,Match,0.019915,2,Medium
54529963,3813.0,4.70119,13.2142,11.9663,0.007706,,11.9663,LS_only,0.01108,1,Low
376302072,3389.0,4.80558,13.2148,9.8936,0.000738,,9.8936,LS_only,0.001696,0,Very_Low
259105172,3413.0,4.85228,13.2149,6.9536,0.001643,,6.9536,LS_only,0.00247,0,Very_Low
275588184,3537.0,4.77115,13.2154,11.9231,0.000492,,11.9231,LS_only,0.001422,0,Very_Low
470159782,3266.0,4.93552,13.2155,13.2524,0.000933,0.6667,13.2524,Match,0.001528,1,Low
366758049,3301.0,4.96647,13.2159,6.5757,0.001965,13.0833,13.0833,Harmonic_Corrected,0.003027,1,Low
418113443,3435.0,4.9249,13.2162,0.7948,0.000644,,0.7948,LS_only,0.001819,0,Very_Low
116760654,3635.0,4.8167,13.2164,3.1722,0.001195,,3.1722,LS_only,0.002027,0,Very_Low
21131561,3116.0,4.99148,13.2173,1.2213,0.001313,1.1667,1.2213,Match,0.002499,2,Medium
116892570,3721.0,4.72749,13.2179,6.9403,0.000731,,6.9403,LS_only,0.00151,0,Very_Low
403315849,3600.0,4.72886,13.2186,0.94,0.00163,,0.94,LS_only,0.004143,0,Very_Low
301263681,3183.0,4.98221,13.219,4.5371,0.001142,,4.5371,LS_only,0.0019,0,Very_Low
117756340,3509.0,4.74779,13.2194,1.3761,0.00268,,1.3761,LS_only,0.003914,1,Low
368311581,3545.0,4.7826,13.2206,7.0066,0.001496,13.0833,13.0833,Harmonic_Corrected,0.002824,1,Low
408621252,3663.0,4.85924,13.2213,2.2173,0.001176,,2.2173,LS_only,0.002918,0,Very_Low
441740483,3162.0,5.03651,13.222,1.5421,0.004176,1.5833,1.5421,Match,0.003665,3,High
428475704,3500.0,4.84752,13.2221,0.64,0.019946,1.25,1.25,Harmonic_Corrected,0.021109,2,Medium
22662013,3152.0,4.9456,13.2222,0.9181,0.001273,,0.9181,LS_only,0.001983,0,Very_Low
236715662,3367.0,4.91042,13.2222,10.748,0.000586,,10.748,LS_only,0.001599,0,Very_Low
116215087,3378.0,4.87041,13.223,3.2609,0.000848,,3.2609,LS_only,0.001979,0,Very_Low
259297155,3307.0,5.01463,13.2233,3.27,0.000415,,3.27,LS_only,0.001362,0,Very_Low
376546856,3741.0,4.79123,13.2234,2.6208,0.000476,,2.6208,LS_only,0.001195,0,Very_Low
317146439,3463.0,4.89457,13.2236,9.1176,0.00099,,9.1176,LS_only,0.00198,0,Very_Low
77222077,3540.0,4.95033,13.2236,6.9934,0.000903,,6.9934,LS_only,0.001434,0,Very_Low
459979376,3248.0,4.92121,13.225,3.0913,0.008493,3.0833,3.0913,Match,0.007335,3,High
317653193,3561.0,4.77098,13.2252,6.6149,0.000603,,6.6149,LS_only,0.001494,0,Very_Low
399787571,3334.0,4.82303,13.2254,7.2857,0.001105,,7.2857,LS_only,0.001764,0,Very_Low
264301493,3330.0,4.86111,13.2262,4.4919,0.001044,9.0,9.0,Harmonic_Corrected,0.00146,1,Low
369237946,3480.0,4.85118,13.2264,8.494,0.007449,,8.494,LS_only,0.012056,1,Low
229458022,3534.0,4.82291,13.2277,0.9452,0.000334,,0.9452,LS_only,0.001102,0,Very_Low
117530896,3468.0,4.78959,13.228,11.9405,0.001271,,11.9405,LS_only,0.002991,0,Very_Low
316742010,3809.0,4.68736,13.2298,9.8936,0.001916,0.6667,9.8936,Match,0.002814,1,Low
249949656,3827.0,4.71925,13.23,4.5259,0.000914,,4.5259,LS_only,0.001811,0,Very_Low
245632093,3805.0,4.69634,13.2304,4.9301,0.002295,0.5833,4.9301,Match,0.004194,2,Medium
320323745,3362.0,5.02845,13.231,10.6452,0.000734,,10.6452,LS_only,0.001412,0,Very_Low
348236072,3698.0,4.69929,13.2311,6.5888,0.001343,0.5833,6.5888,Match,0.002437,1,Low
390327926,3719.0,4.73003,13.2312,10.8462,0.000631,,10.8462,LS_only,0.001949,0,Very_Low
251228236,3865.0,4.71235,13.2324,9.8449,0.001224,,9.8449,LS_only,0.001727,0,Very_Low
435271383,3614.0,4.79167,13.2326,9.965,0.001948,,9.965,LS_only,0.003413,0,Very_Low
81756642,3744.0,4.78665,13.2337,3.3267,0.000697,6.9167,6.9167,Harmonic_Corrected,0.001609,1,Low
233198578,3229.0,4.98695,13.2352,3.866,0.00364,,3.866,LS_only,0.005841,1,Low
229707739,3266.0,4.95377,13.2353,2.2697,0.000521,,2.2697,LS_only,0.001181,0,Very_Low
285174855,3304.0,4.92703,13.2354,3.5883,0.001118,0.5833,3.5883,Match,0.001959,1,Low
251679090,3436.0,4.82423,13.2362,8.3742,0.001722,1.3333,8.3742,Match,0.002813,1,Low
338161043,3582.0,4.78474,13.2363,3.1989,0.000619,,3.1989,LS_only,0.00155,0,Very_Low
389839182,3149.0,5.04888,13.2383,4.2323,0.002313,,4.2323,LS_only,0.004086,1,Low
284715921,3671.0,4.77654,13.2401,2.0441,0.002835,2.0,2.0441,Match,0.003525,3,High
229590398,3480.0,4.76931,13.2416,9.0,0.000748,,9.0,LS_only,0.001392,0,Very_Low
302389521,3680.0,4.73195,13.2419,4.5146,0.000774,13.1667,4.5146,Match,0.001533,1,Low
327188003,3106.0,5.03892,13.2426,3.3825,0.000986,,3.3825,LS_only,0.002139,0,Very_Low
331783673,3532.0,4.90217,13.2426,0.9326,0.000923,,0.9326,LS_only,0.002256,0,Very_Low
367143562,3207.0,5.00931,13.2433,0.5012,0.00234,1.25,0.5012,Match,0.003648,2,Medium
233547261,3376.0,4.83558,13.2434,2.4493,0.021119,2.4167,2.4493,Match,0.01578,3,High
283938946,3665.0,4.72191,13.2435,0.9475,0.002385,,0.9475,LS_only,0.006043,1,Low
237103326,3401.0,4.89612,13.2438,4.2227,0.000937,13.1667,4.2227,Match,0.001552,1,Low
82492546,3404.0,4.76847,13.2461,2.1768,0.000681,,2.1768,LS_only,0.001598,0,Very_Low
288382789,3336.0,4.91675,13.2461,2.5107,0.00107,2.75,2.5107,Match,0.001361,2,Medium
364119764,3404.0,4.97267,13.2463,2.1694,0.000841,,2.1694,LS_only,0.001689,0,Very_Low
323302481,3255.0,4.95601,13.2463,15.0,0.001432,,15.0,LS_only,0.002588,0,Very_Low
417665325,3391.0,4.76743,13.2472,4.3899,0.000448,,4.3899,LS_only,0.001189,0,Very_Low
232611886,3329.0,4.88017,13.2481,11.8786,0.002126,,11.8786,LS_only,0.004819,0,Very_Low
427955370,3576.0,4.76181,13.2481,10.8673,0.000684,,10.8673,LS_only,0.001659,0,Very_Low
441799761,3337.0,5.0063,13.2481,13.2,0.000449,,13.2,LS_only,0.001285,0,Very_Low
461447613,3403.0,4.85028,13.2487,4.4118,0.000784,,4.4118,LS_only,0.001452,0,Very_Low
12108208,3432.0,4.80963,13.2489,9.9176,0.003986,,9.9176,LS_only,0.006566,1,Low
272327409,3393.0,4.87432,13.2495,1.0706,0.001673,2.0833,2.0833,Harmonic_Corrected,0.003133,1,Low
279354494,3193.0,4.99482,13.2498,0.8003,0.010034,0.8333,0.8003,Match,0.009324,3,High
259112139,3623.0,4.81345,13.2504,2.4061,0.000731,,2.4061,LS_only,0.002071,0,Very_Low
450146920,3528.0,4.79717,13.2505,3.3173,0.002619,,3.3173,LS_only,0.004178,1,Low
353818721,3578.0,4.86189,13.251,4.4805,0.000508,,4.4805,LS_only,0.001195,0,Very_Low
54798080,3407.0,4.75178,13.2518,2.1045,0.000815,,2.1045,LS_only,0.002004,0,Very_Low
389693586,3535.0,4.82786,13.2519,6.5888,0.004379,13.1667,13.1667,Harmonic_Corrected,0.006761,2,Medium
230123559,3348.0,4.80914,13.2524,8.2359,0.001166,,8.2359,LS_only,0.001554,0,Very_Low
280321486,3515.0,4.83343,13.2524,6.5625,0.001227,13.1667,13.1667,Harmonic_Corrected,0.002208,1,Low
250827915,3308.0,4.9094,13.2536,10.8247,0.002603,1.4167,10.8247,Match,0.003243,2,Medium
285676593,3325.0,4.80968,13.2549,2.6208,0.001242,13.1667,2.6208,Match,0.002344,1,Low
82005465,3403.0,4.81311,13.2562,6.4961,0.004166,6.8333,6.4961,Match,0.004739,3,High
351391253,3420.0,4.93745,13.2566,11.9748,0.014396,1.0,11.9748,Match,0.01876,2,Medium
392537357,3463.0,4.83441,13.2566,8.4146,0.000577,,8.4146,LS_only,0.001407,0,Very_Low
353605197,3391.0,4.76201,13.2574,2.3045,0.004747,2.1667,2.3045,Match,0.005855,3,High
288382046,3179.0,4.97596,13.2575,2.2628,0.0038,2.25,2.2628,Match,0.003618,3,High
353872908,3291.0,4.94012,13.2576,1.8351,0.000421,,1.8351,LS_only,0.001167,0,Very_Low
299331951,3304.0,4.83256,13.258,2.1827,0.001138,,2.1827,LS_only,0.002661,0,Very_Low
379630464,3430.0,4.76886,13.2592,6.5888,0.001209,,6.5888,LS_only,0.002463,0,Very_Low
349293478,3275.0,4.98752,13.2592,9.0265,0.001492,0.5833,9.0265,Match,0.002188,1,Low
377165060,3397.0,4.81318,13.2597,3.0795,0.00094,,3.0795,LS_only,0.001561,0,Very_Low
282793647,3358.0,4.84256,13.2601,0.6253,0.006741,0.6667,0.6253,Match,0.00943,3,High
230079112,3296.0,4.87229,13.2609,4.0244,0.000854,13.0833,4.0244,Match,0.001449,1,Low
199610766,3485.0,4.87162,13.2613,3.0443,0.00201,,3.0443,LS_only,0.00346,0,Very_Low
192375601,3408.0,4.92988,13.2614,5.158,0.000705,,5.158,LS_only,0.001781,0,Very_Low
249923938,3522.0,4.73253,13.2617,9.9296,0.000926,,9.9296,LS_only,0.002165,0,Very_Low
245465997,3612.0,4.72597,13.2617,4.5371,0.000974,,4.5371,LS_only,0.001895,0,Very_Low
356369613,3504.0,4.81563,13.2627,2.1903,0.000627,,2.1903,LS_only,0.001655,0,Very_Low
219846123,3565.0,4.81269,13.2627,2.2225,0.000687,,2.2225,LS_only,0.001224,0,Very_Low
370065236,3162.0,4.93645,13.2629,7.4476,0.00357,1.4167,7.4476,Match,0.023557,2,Medium
117614702,3436.0,4.81284,13.2635,6.5888,0.001267,13.1667,13.1667,Harmonic_Corrected,0.002335,1,Low
470170284,3311.0,4.92823,13.2656,6.5493,0.00097,,6.5493,LS_only,0.00166,0,Very_Low
53706564,3406.0,4.76895,13.2657,4.5596,0.002171,13.25,4.5596,Match,0.003577,1,Low
219855010,3012.0,5.06446,13.266,1.675,0.005766,1.6667,1.675,Match,0.004499,3,High
427467558,3473.0,4.87915,13.2671,2.6884,0.000497,,2.6884,LS_only,0.001356,0,Very_Low
229671804,3447.0,4.86498,13.2675,4.4725,0.000574,,4.4725,LS_only,0.001262,0,Very_Low
230129453,3304.0,4.81254,13.2676,0.8887,0.001084,0.9167,0.8887,Match,0.00168,2,Medium
287152008,3407.0,4.85721,13.2683,1.4804,0.000802,13.1667,1.4804,Match,0.00161,1,Low
233628695,3399.0,4.90552,13.2686,4.6271,0.000705,,4.6271,LS_only,0.001349,0,Very_Low
65436476,3394.0,4.93757,13.269,11.9318,0.002024,,11.9318,LS_only,0.003526,0,Very_Low
229644973,2815.0,5.12386,13.2699,9.8325,0.000759,,9.8325,LS_only,0.002075,0,Very_Low
258513562,3418.0,4.82145,13.2712,6.6019,0.000383,,6.6019,LS_only,0.001231,0,Very_Low
302466328,3488.0,4.81253,13.2716,1.0698,0.000599,,1.0698,LS_only,0.001495,0,Very_Low
83904591,3654.0,4.80812,13.2723,6.6149,0.005187,13.0,13.0,Harmonic_Corrected,0.007624,2,Medium
397533163,3207.0,5.04516,13.2724,11.8876,0.000992,,11.8876,LS_only,0.001752,0,Very_Low
229614557,3353.0,4.82797,13.2735,3.1274,0.000831,,3.1274,LS_only,0.001877,0,Very_Low
237097061,3637.0,4.77333,13.275,4.1019,0.000652,,4.1019,LS_only,0.001301,0,Very_Low
285041897,3923.0,4.72463,13.2757,2.5787,0.002804,,2.5787,LS_only,0.005512,1,Low
235683570,3371.0,4.8415,13.277,8.4146,0.004245,,8.4146,LS_only,0.00454,1,Low
275706543,3277.0,5.02288,13.2771,0.6467,0.000498,,0.6467,LS_only,0.001545,0,Very_Low
356109440,3382.0,4.89351,13.2772,6.1607,0.000573,,6.1607,LS_only,0.001334,0,Very_Low
232610445,3284.0,4.9513,13.2773,5.5518,0.031823,,5.5518,LS_only,0.058729,1,Low
237238066,3301.0,4.93945,13.2778,1.4624,0.000454,,1.4624,LS_only,0.001398,0,Very_Low
116062703,3350.0,4.86164,13.2794,5.9116,0.001537,,5.9116,LS_only,0.00322,0,Very_Low
252193948,3322.0,4.97359,13.2798,13.2965,0.001074,,13.2965,LS_only,0.002063,0,Very_Low
452912864,3625.0,4.77198,13.2808,13.3019,0.001607,10.0,13.3019,Match,0.004506,1,Low
417550090,3716.0,4.8192,13.2814,10.8355,0.001076,,10.8355,LS_only,0.002177,0,Very_Low
410811850,3481.0,4.81527,13.2815,6.5625,0.001904,13.0833,13.0833,Harmonic_Corrected,0.003214,1,Low
233080541,3047.0,5.01089,13.2817,1.4388,0.000471,0.5833,1.4388,Match,0.003168,1,Low
369991873,3373.0,4.77272,13.2821,5.9497,0.002057,,5.9497,LS_only,0.004861,0,Very_Low
368382121,3714.0,4.80256,13.2823,4.582,0.001245,,4.582,LS_only,0.002585,0,Very_Low
436877992,3088.0,5.05272,13.2824,7.0197,0.00107,,7.0197,LS_only,0.001943,0,Very_Low
441741287,3377.0,4.85458,13.2827,8.2919,0.001319,,8.2919,LS_only,0.001689,0,Very_Low
368602097,3461.0,4.79452,13.2842,10.8779,0.002778,0.6667,10.8779,Match,0.003628,2,Medium
420176286,3520.0,4.80677,13.2854,3.6316,0.000518,,3.6316,LS_only,0.001236,0,Very_Low
458847254,3522.0,4.82549,13.286,1.2995,0.005799,1.25,1.2995,Match,0.007263,3,High
233570240,3263.0,4.95347,13.2865,0.6063,0.00937,0.5833,0.6063,Match,0.007005,3,High
81383137,3499.0,4.79935,13.2877,4.8233,0.004143,4.5833,4.8233,Match,0.005399,3,High
233502473,3377.0,4.85999,13.2892,4.3304,0.000867,,4.3304,LS_only,0.001452,0,Very_Low
354790963,3286.0,4.93394,13.2898,5.64,0.01281,,5.64,LS_only,0.01636,1,Low
410811860,3542.0,4.8185,13.2909,9.9057,0.001264,,9.9057,LS_only,0.002568,0,Very_Low
337894888,3656.0,4.75178,13.2909,5.6773,0.001114,,5.6773,LS_only,0.002831,0,Very_Low
219865855,3249.0,4.79928,13.2915,0.6021,0.000335,,0.6021,LS_only,0.001111,0,Very_Low
396356754,3558.0,4.79837,13.2916,1.7177,0.013012,,1.7177,LS_only,0.022217,1,Low
219816797,3313.0,4.87307,13.2917,0.8265,0.000954,0.8333,0.8265,Match,0.001572,2,Medium
297776116,3303.0,4.78938,13.2927,6.9403,0.001745,,6.9403,LS_only,0.007732,0,Very_Low
233045481,3457.0,4.82982,13.293,4.8472,0.000457,,4.8472,LS_only,0.001105,0,Very_Low
461420496,3535.0,4.84694,13.2934,4.5708,0.001118,,4.5708,LS_only,0.002125,0,Very_Low
198358449,3406.0,4.89446,13.2936,1.4758,0.000353,,1.4758,LS_only,0.001169,0,Very_Low
422252620,3432.0,4.73297,13.2938,11.9663,0.003954,13.0,11.9663,Match,0.006891,3,High
458911362,3527.0,4.88179,13.2939,6.8865,0.000767,0.5833,6.8865,Match,0.001693,1,Low
219095882,3363.0,4.8583,13.2948,8.3878,0.000503,,8.3878,LS_only,0.001323,0,Very_Low
422561075,3483.0,4.8099,13.2948,4.9418,0.000689,,4.9418,LS_only,0.001497,0,Very_Low
52851609,3506.0,4.80474,13.2965,4.743,0.001109,,4.743,LS_only,0.002,0,Very_Low
82243818,3351.0,4.86328,13.2967,10.7922,0.000973,0.9167,10.7922,Match,0.003813,1,Low
332503007,3346.0,4.84368,13.2974,7.381,0.004895,7.6667,7.381,Match,0.004134,3,High
233234793,3433.0,4.83274,13.2974,8.3742,0.000471,,8.3742,LS_only,0.000992,0,Very_Low
366188207,3390.0,4.79952,13.2984,13.3125,0.001207,,13.3125,LS_only,0.003144,0,Very_Low
81826601,3351.0,4.81786,13.299,4.4463,0.004216,0.75,4.4463,Match,0.00571,2,Medium
94725695,3102.0,5.08131,13.2992,2.5359,0.000676,,2.5359,LS_only,0.001614,0,Very_Low
280254194,3569.0,4.78668,13.2998,6.213,0.000724,,6.213,LS_only,0.001736,0,Very_Low
289580377,3384.0,4.84331,13.2999,2.1362,0.000511,,2.1362,LS_only,0.001352,0,Very_Low
280408308,3319.0,4.94321,13.3007,7.9213,0.034075,,7.9213,LS_only,0.058308,1,Low
237294364,3371.0,4.89026,13.3008,0.5959,0.000426,,0.5959,LS_only,0.001302,0,Very_Low
245663026,3617.0,4.78747,13.3027,9.9057,0.00183,8.0833,9.9057,Match,0.002201,1,Low
256320125,3256.0,4.80399,13.3029,4.4008,0.002823,13.4167,4.4008,Match,0.004638,2,Medium
384815235,3422.0,4.93873,13.3031,4.6388,0.002027,14.25,4.6388,Match,0.00373,1,Low
224597832,3532.0,4.86833,13.3039,2.3083,0.000405,,2.3083,LS_only,0.00125,0,Very_Low
279003891,3441.0,4.75689,13.3046,6.5888,0.001147,,6.5888,LS_only,0.0024,0,Very_Low
289624039,3421.0,4.87813,13.3053,5.5518,0.000935,,5.5518,LS_only,0.001828,0,Very_Low
285684795,3568.0,4.8115,13.3053,8.494,0.002971,,8.494,LS_only,0.006182,1,Low
229412511,3310.0,4.84641,13.3061,6.8865,0.001326,13.0833,13.0833,Harmonic_Corrected,0.002199,1,Low
229647655,3252.0,4.95595,13.3063,3.0443,0.00073,,3.0443,LS_only,0.00177,0,Very_Low
233745344,3074.0,4.92671,13.3066,4.1566,0.004515,12.1667,4.1566,Match,0.007071,2,Medium
307117280,3422.0,4.78048,13.3074,3.19,0.001025,,3.19,LS_only,0.002387,0,Very_Low
259168516,3231.0,5.04064,13.3081,6.1475,0.001648,13.0,13.0,Harmonic_Corrected,0.002348,1,Low
230090756,3042.0,5.06519,13.3083,0.7195,0.005328,0.75,0.7195,Match,0.004109,3,High
441730672,3190.0,4.9457,13.3083,7.7308,0.002589,0.6667,7.7308,Match,0.003345,2,Medium
287080873,3332.0,4.99178,13.3095,4.001,0.000714,,4.001,LS_only,0.001539,0,Very_Low
199685853,3230.0,4.92109,13.3095,2.3558,0.000699,,2.3558,LS_only,0.001846,0,Very_Low
250992782,3412.0,4.8177,13.3096,4.7085,0.001023,,4.7085,LS_only,0.001895,0,Very_Low
403582654,3331.0,4.89255,13.3098,4.4008,0.001682,4.3333,4.4008,Match,0.002977,2,Medium
286315797,3299.0,4.99799,13.3098,4.9183,0.002407,15.0833,4.9183,Match,0.002996,2,Medium
359043501,3424.0,4.91692,13.3102,2.9749,0.002512,2.9167,2.9749,Match,0.004167,3,High
298265889,3202.0,5.05923,13.3102,1.3225,0.000701,,1.3225,LS_only,0.001621,0,Very_Low
116403218,3715.0,4.74925,13.3104,6.5493,0.006111,0.6667,6.5493,Match,0.007849,2,Medium
372388954,3503.0,4.93748,13.3105,6.2518,0.0004,,6.2518,LS_only,0.001248,0,Very_Low
459977474,3340.0,4.8858,13.3106,3.0355,0.002393,,3.0355,LS_only,0.004242,1,Low
13211274,3216.0,4.99904,13.3114,1.6065,0.000886,13.0,1.6065,Match,0.002327,1,Low
374391255,3428.0,4.8627,13.3115,6.9802,0.001078,0.6667,6.9802,Match,0.002075,1,Low
397280149,3413.0,4.78382,13.3115,5.615,0.000697,,5.615,LS_only,0.002021,0,Very_Low
378285895,3311.0,4.8912,13.3128,0.7334,0.022497,0.75,0.7334,Match,0.017819,3,High
445286241,3616.0,4.76691,13.314,4.5596,0.000773,,4.5596,LS_only,0.002425,0,Very_Low
229582596,3313.0,4.94416,13.3142,13.2237,0.000298,,13.2237,LS_only,0.000859,0,Very_Low
347308021,3038.0,5.12337,13.3143,10.8673,0.002553,,10.8673,LS_only,0.00826,1,Low
12317173,3607.0,4.815,13.3149,6.5888,0.00147,,6.5888,LS_only,0.002667,0,Very_Low
327002918,3624.0,4.77354,13.3152,11.9663,0.004597,,11.9663,LS_only,0.007223,1,Low
235938383,3599.0,4.8114,13.3167,4.7085,0.000518,,4.7085,LS_only,0.001295,0,Very_Low
427949649,3604.0,4.7618,13.3168,4.243,0.000845,,4.243,LS_only,0.001581,0,Very_Low
13620782,3459.0,4.7911,13.3174,10.814,0.001343,,10.814,LS_only,0.002435,0,Very_Low
268515859,3393.0,4.89387,13.3179,4.2537,0.002391,8.75,8.75,Harmonic_Corrected,0.004295,2,Medium
198189672,3383.0,4.83916,13.3184,3.0443,0.000768,,3.0443,LS_only,0.001623,0,Very_Low
353819950,3360.0,4.8619,13.3187,7.8273,0.000479,,7.8273,LS_only,0.001254,0,Very_Low
252176578,3246.0,4.97047,13.3196,6.6149,0.027882,,6.6149,LS_only,0.046226,1,Low
316049303,3326.0,4.86367,13.3204,10.814,0.001959,,10.814,LS_only,0.003112,0,Very_Low
384839369,3380.0,4.91881,13.321,13.2692,0.001771,0.8333,13.2692,Match,0.002493,1,Low
235939193,3319.0,4.89103,13.3214,3.1633,0.00063,,3.1633,LS_only,0.00153,0,Very_Low
354255809,3314.0,4.9241,13.3214,7.4343,0.000926,,7.4343,LS_only,0.00193,0,Very_Low
52072316,3070.0,4.90554,13.322,10.8568,0.001372,,10.8568,LS_only,0.003134,0,Very_Low
219870819,3328.0,4.879,13.322,8.2359,0.001109,,8.2359,LS_only,0.001618,0,Very_Low
230388662,3441.0,4.91642,13.3239,4.4577,0.000911,,4.4577,LS_only,0.001664,0,Very_Low
322396623,3200.0,5.00585,13.324,1.1139,0.003674,1.0833,1.1139,Match,0.003641,3,High
445338254,3379.0,4.77268,13.324,11.9492,0.002384,1.3333,11.9492,Match,0.003079,2,Medium
219817506,3216.0,4.95531,13.3261,5.8345,0.001019,12.3333,12.3333,Harmonic_Corrected,0.001428,1,Low
358902633,3460.0,4.8063,13.3261,4.582,0.002402,0.6667,4.582,Match,0.004066,2,Medium
22951350,3330.0,4.96906,13.3264,6.3876,0.00968,6.4167,6.3876,Match,0.009325,3,High
28779006,3086.0,5.00569,13.327,11.9318,0.008795,1.25,11.9318,Match,0.010822,2,Medium
251408658,3170.0,4.89132,13.3278,2.2697,0.003543,6.8333,2.2697,Match,0.004504,2,Medium
427727222,3237.0,4.89314,13.3289,7.0066,0.001213,13.1667,13.1667,Harmonic_Corrected,0.002301,1,Low
312546580,3209.0,5.0351,13.331,11.9663,0.010892,1.0833,11.9663,Match,0.0124,2,Medium
275189431,3239.0,5.01163,13.3326,13.2911,0.001592,13.0,13.2911,Match,0.002765,2,Medium
462615036,3465.0,4.80569,13.3326,2.0594,0.01003,2.0,2.0594,Match,0.007947,3,High
470902694,3625.0,4.75556,13.3341,6.2,0.001306,,6.2,LS_only,0.002575,0,Very_Low
376501522,3467.0,4.7823,13.3348,6.2389,0.001385,1.0833,6.2389,Match,0.002166,1,Low
285042210,3048.0,5.11919,13.335,4.743,0.002616,9.3333,9.3333,Harmonic_Corrected,0.003988,2,Medium
336541591,3219.0,5.0494,13.3362,5.146,0.000892,,5.146,LS_only,0.002097,0,Very_Low
20876306,3046.0,4.97726,13.3384,1.7848,0.002504,3.6667,3.6667,Harmonic_Corrected,0.00338,2,Medium
368383621,3279.0,4.77431,13.3392,7.0197,0.002202,7.0,7.0197,Match,0.002971,2,Medium
376303604,3279.0,4.82167,13.3393,6.9135,0.000759,,6.9135,LS_only,0.00177,0,Very_Low
298733784,3354.0,4.84467,13.3417,3.2151,0.000509,,3.2151,LS_only,0.00111,0,Very_Low
35158994,3195.0,5.04409,13.3419,6.5625,0.000802,,6.5625,LS_only,0.002129,0,Very_Low
235989932,3233.0,4.93439,13.3429,7.8814,0.000571,,7.8814,LS_only,0.001559,0,Very_Low
230077803,3456.0,4.8295,13.3445,3.3,0.000747,,3.3,LS_only,0.001639,0,Very_Low
85595397,3277.0,4.96195,13.3468,1.8944,0.001046,,1.8944,LS_only,0.002864,0,Very_Low
354401331,3228.0,4.93802,13.3469,1.4016,0.014209,1.4167,1.4016,Match,0.010872,3,High
252840548,3498.0,4.75247,13.3476,1.801,0.00051,,1.801,LS_only,0.001606,0,Very_Low
280131170,3358.0,5.00475,13.3477,6.5625,0.001578,,6.5625,LS_only,0.00266,0,Very_Low
445616805,3953.0,4.72704,13.3481,10.8462,0.001522,,10.8462,LS_only,0.002559,0,Very_Low
237104916,3245.0,4.96925,13.3485,1.9628,0.007287,2.0,1.9628,Match,0.005984,3,High
317652619,3486.0,4.77057,13.3521,6.6019,0.000788,13.0,13.0,Harmonic_Corrected,0.00173,1,Low
251359146,3312.0,4.90052,13.3533,6.1343,0.002264,13.0833,13.0833,Harmonic_Corrected,0.002841,1,Low
12984342,3272.0,4.9803,13.3548,4.7315,0.002513,,4.7315,LS_only,0.005157,1,Low
368028810,3354.0,4.84459,13.3557,4.4118,0.004569,13.0,4.4118,Match,0.007716,2,Medium
264934365,3417.0,4.97612,13.3561,2.6884,0.00045,,2.6884,LS_only,0.001365,0,Very_Low
370349494,3356.0,4.77275,13.357,5.9371,0.00199,0.5833,5.9371,Match,0.003458,1,Low
101303098,3044.0,5.11818,13.3571,6.2,0.000669,,6.2,LS_only,0.00259,0,Very_Low
372061167,3076.0,5.07369,13.3579,2.2307,0.006153,2.25,2.2307,Match,0.00497,3,High
331716816,3561.0,4.85822,13.3585,7.8947,0.000484,,7.8947,LS_only,0.001578,0,Very_Low
359250512,3641.0,4.72258,13.3586,6.2647,0.001936,,6.2647,LS_only,0.004684,0,Very_Low
199573123,3154.0,5.02994,13.3587,0.9141,0.005268,0.9167,0.9141,Match,0.006748,3,High
357596695,3358.0,4.83021,13.3588,7.3268,0.000675,,7.3268,LS_only,0.001376,0,Very_Low
280035689,3354.0,4.89147,13.3592,4.6854,0.000787,,4.6854,LS_only,0.001728,0,Very_Low
336539163,3294.0,5.00259,13.3619,8.507,0.000907,,8.507,LS_only,0.002328,0,Very_Low
233050534,3413.0,4.83695,13.3623,8.4146,0.000368,,8.4146,LS_only,0.001116,0,Very_Low
317591454,3217.0,4.90611,13.3625,11.9748,0.004121,,11.9748,LS_only,0.007041,1,Low
20808412,3579.0,4.77304,13.3625,2.1429,0.000983,,2.1429,LS_only,0.002457,0,Very_Low
461340561,3219.0,5.00981,13.3626,3.6076,0.00127,0.75,3.6076,Match,0.006662,1,Low
237102071,3489.0,4.85647,13.3627,4.2453,0.00063,,4.2453,LS_only,0.00134,0,Very_Low
398017719,3490.0,4.80123,13.3634,3.4729,0.002245,,3.4729,LS_only,0.003995,0,Very_Low
284726385,3547.0,4.79057,13.3638,5.6649,0.001744,,5.6649,LS_only,0.003741,0,Very_Low
428527568,3488.0,4.72509,13.3651,11.9663,0.002037,,11.9663,LS_only,0.003354,0,Very_Low
445194602,3502.0,4.77654,13.3651,4.9301,0.002775,,4.9301,LS_only,0.00617,1,Low
305430586,3557.0,4.79233,13.3651,4.2108,0.000707,,4.2108,LS_only,0.002021,0,Very_Low
26618961,3190.0,5.10697,13.3651,10.8355,0.001127,,10.8355,LS_only,0.00235,0,Very_Low
101223028,3186.0,5.06888,13.3655,1.9541,0.000725,,1.9541,LS_only,0.001834,0,Very_Low
65158967,3373.0,4.96842,13.3662,2.5163,0.000713,,2.5163,LS_only,0.001769,0,Very_Low
348515934,3342.0,4.8059,13.3668,6.9802,0.001016,,6.9802,LS_only,0.002077,0,Very_Low
13188548,3389.0,4.89465,13.3672,5.3817,0.001282,,5.3817,LS_only,0.002756,0,Very_Low
434724048,3527.0,4.79201,13.3678,2.7591,0.000817,,2.7591,LS_only,0.002147,0,Very_Low
233060572,3149.0,4.90265,13.3683,1.5611,0.001593,1.4167,1.5611,Match,0.002629,2,Medium
230084515,3479.0,4.92771,13.3687,2.2297,0.000602,,2.2297,LS_only,0.001383,0,Very_Low
352432674,3193.0,5.01055,13.3688,3.701,0.001193,,3.701,LS_only,0.002602,0,Very_Low
271746067,3301.0,4.86592,13.3689,6.2775,0.000963,,6.2775,LS_only,0.002289,0,Very_Low
219798240,3497.0,4.87563,13.369,8.4012,0.000441,,8.4012,LS_only,0.001066,0,Very_Low
390974411,3154.0,5.00689,13.369,6.2389,0.000372,,6.2389,LS_only,0.001256,0,Very_Low
235902488,3476.0,4.90992,13.3697,6.5361,0.001467,,6.5361,LS_only,0.002439,0,Very_Low
410701168,3414.0,4.76605,13.3701,1.1577,0.000816,,1.1577,LS_only,0.002131,0,Very_Low
349915728,3551.0,4.82494,13.3722,7.9213,0.000628,,7.9213,LS_only,0.001496,0,Very_Low
251144071,3333.0,5.01568,13.3731,7.3404,0.001319,,7.3404,LS_only,0.002136,0,Very_Low
293066384,3238.0,4.956,13.3732,5.9244,0.001162,,5.9244,LS_only,0.002508,0,Very_Low
279721161,3643.0,4.8231,13.3737,9.8936,0.001845,,9.8936,LS_only,0.002535,0,Very_Low
346729046,3673.0,4.81052,13.3739,4.7545,0.003739,0.5833,4.7545,Match,0.005394,2,Medium
237296295,3535.0,4.8103,13.3752,5.158,0.001381,,5.158,LS_only,0.002767,0,Very_Low
406596139,3374.0,4.82248,13.3776,2.1559,0.001516,12.9167,2.1559,Match,0.003545,1,Low
103952094,3645.0,4.77123,13.3777,6.5888,0.001395,13.1667,13.1667,Harmonic_Corrected,0.00237,1,Low
81517241,3258.0,4.97047,13.3779,11.8786,0.002264,1.25,11.8786,Match,0.003377,1,Low
402897917,3223.0,4.95797,13.378,1.089,0.015524,1.0833,1.089,Match,0.011416,3,High
327089397,3380.0,4.93746,13.3784,3.3825,0.001022,,3.3825,LS_only,0.002332,0,Very_Low
12982693,3435.0,4.81317,13.3792,6.9802,0.001417,,6.9802,LS_only,0.002429,0,Very_Low
219808183,3167.0,5.01711,13.3799,4.8472,0.00046,,4.8472,LS_only,0.001345,0,Very_Low
233618393,3326.0,4.89198,13.382,4.4691,0.001013,,4.4691,LS_only,0.001806,0,Very_Low
116407180,3392.0,4.89989,13.3829,0.565,0.000454,,0.565,LS_only,0.001528,0,Very_Low
301475568,3319.0,4.97895,13.3867,4.7315,0.004889,0.6667,4.7315,Match,0.009324,2,Medium
470125924,3314.0,5.03154,13.3867,4.7085,0.001191,4.5,4.7085,Match,0.002004,2,Medium
377155269,3509.0,4.8613,13.3877,4.2323,0.000638,,4.2323,LS_only,0.001399,0,Very_Low
398184498,3162.0,5.01279,13.3882,6.9669,0.001061,,6.9669,LS_only,0.002087,0,Very_Low
420551860,3510.0,4.77162,13.3887,11.9663,0.001723,,11.9663,LS_only,0.003109,0,Very_Low
251549856,3375.0,4.74625,13.3904,11.8966,0.001315,1.0833,11.8966,Match,0.002072,1,Low
198182603,3423.0,4.87247,13.3905,2.5941,0.000615,,2.5941,LS_only,0.001428,0,Very_Low
232603239,3347.0,4.94913,13.3907,1.2196,0.000767,,1.2196,LS_only,0.001601,0,Very_Low
444140578,3338.0,4.78541,13.3908,1.9972,0.000594,,1.9972,LS_only,0.001547,0,Very_Low
184680027,3377.0,4.96181,13.3924,3.4824,0.000544,,3.4824,LS_only,0.00166,0,Very_Low
230073281,3337.0,4.88037,13.3928,1.5799,0.007305,1.5833,1.5799,Match,0.005982,3,High
317143393,3342.0,4.89982,13.3934,6.5493,0.001943,13.25,13.25,Harmonic_Corrected,0.00309,1,Low
316743750,3394.0,4.88161,13.3936,1.9456,0.022343,1.9167,1.9456,Match,0.019547,3,High
311936538,3027.0,4.90104,13.3939,4.9301,0.006827,,4.9301,LS_only,0.027776,1,Low
251387731,3522.0,4.86694,13.3941,9.0529,0.001697,0.75,9.0529,Match,0.002598,1,Low
372357460,3574.0,4.73128,13.3943,9.0659,0.00095,,9.0659,LS_only,0.001726,0,Very_Low
445243683,3984.0,4.75375,13.395,13.2965,0.000794,,13.2965,LS_only,0.002214,0,Very_Low
285872609,3464.0,4.77163,13.3953,9.1432,0.002353,,9.1432,LS_only,0.003996,1,Low
233068267,3614.0,4.91114,13.3965,8.4146,0.000799,,8.4146,LS_only,0.001587,0,Very_Low
116888964,3601.0,4.75893,13.3982,4.8947,0.000546,,4.8947,LS_only,0.001563,0,Very_Low
408702840,3145.0,5.05014,13.3982,13.2237,0.001141,,13.2237,LS_only,0.00223,0,Very_Low
116619345,3450.0,4.84311,13.3988,1.2441,0.000738,,1.2441,LS_only,0.002279,0,Very_Low
240869363,3295.0,4.95817,13.4,1.9849,0.004437,1.9167,1.9849,Match,0.004036,3,High
198238477,3551.0,4.86127,13.4015,7.7168,0.000775,,7.7168,LS_only,0.00155,0,Very_Low
462618403,3495.0,4.83855,13.4019,3.1543,0.00057,,3.1543,LS_only,0.001342,0,Very_Low
81819255,3284.0,4.97083,13.4025,4.6505,0.000992,,4.6505,LS_only,0.001779,0,Very_Low
390173308,3412.0,4.80711,13.403,5.9371,0.000785,,5.9371,LS_only,0.002,0,Very_Low
316847406,3424.0,4.81646,13.403,10.8247,0.005686,22.9167,22.9167,Harmonic_Corrected,0.012087,2,Medium
351871738,3184.0,4.8256,13.4045,4.1066,0.001452,,4.1066,LS_only,0.002894,0,Very_Low
302077112,3514.0,4.78353,13.4046,6.5493,0.001768,13.1667,13.1667,Harmonic_Corrected,0.002858,1,Low
461406635,3398.0,4.97571,13.4058,3.4824,0.00058,,3.4824,LS_only,0.001622,0,Very_Low
21096512,3349.0,4.96506,13.4065,10.8673,0.001732,0.8333,10.8673,Match,0.002974,1,Low
230390207,3454.0,4.93075,13.4074,6.1475,0.002668,13.0,13.0,Harmonic_Corrected,0.003323,2,Medium
233658012,3383.0,4.85699,13.4081,3.0355,0.000522,,3.0355,LS_only,0.001471,0,Very_Low
390898538,3201.0,4.81019,13.4088,6.5493,0.006169,13.1667,13.1667,Harmonic_Corrected,0.007611,2,Medium
230123494,3356.0,4.8988,13.4089,11.7761,0.000626,,11.7761,LS_only,0.001408,0,Very_Low
252838451,3607.0,4.74522,13.4094,9.8936,0.000977,,9.8936,LS_only,0.001845,0,Very_Low
288611627,3270.0,4.93236,13.4106,1.2825,0.000558,,1.2825,LS_only,0.001565,0,Very_Low
397920065,3296.0,4.93531,13.4107,10.8462,0.002089,,10.8462,LS_only,0.004021,0,Very_Low
441727177,3219.0,5.0086,13.4108,3.2797,0.000518,,3.2797,LS_only,0.001302,0,Very_Low
317509671,3318.0,4.94288,13.4114,13.3019,0.001745,,13.3019,LS_only,0.002538,0,Very_Low
403117709,3326.0,4.90765,13.4116,6.9403,0.001488,0.6667,6.9403,Match,0.001911,1,Low
452917687,3402.0,4.7562,13.412,2.5787,0.001659,,2.5787,LS_only,0.005515,0,Very_Low
406836408,3416.0,4.89073,13.4123,1.3689,0.009617,1.3333,1.3689,Match,0.007585,3,High
307987270,3414.0,4.84,13.4128,11.8605,0.000529,,11.8605,LS_only,0.001343,0,Very_Low
422990425,3458.0,4.83965,13.4137,11.8966,0.000472,,11.8966,LS_only,0.001322,0,Very_Low
104312108,3224.0,4.95299,13.4139,6.9536,0.001268,,6.9536,LS_only,0.002349,0,Very_Low
198182602,3420.0,4.87003,13.4149,2.5941,0.000632,,2.5941,LS_only,0.001467,0,Very_Low
366199959,3783.0,4.75088,13.4172,9.9533,0.001194,,9.9533,LS_only,0.003163,0,Very_Low
283337261,3373.0,4.89843,13.4172,3.2078,0.003636,,3.2078,LS_only,0.008229,1,Low
199710403,3340.0,4.87907,13.4176,2.3083,0.000806,,2.3083,LS_only,0.001584,0,Very_Low
445372822,3339.0,4.88497,13.4183,10.8568,0.005709,1.0833,10.8568,Match,0.006521,2,Medium
233498293,3419.0,4.99782,13.4187,2.7273,0.000593,,2.7273,LS_only,0.001273,0,Very_Low
285130735,3338.0,4.86233,13.4194,11.9663,0.00241,1.25,11.9663,Match,0.005027,2,Medium
259143565,3172.0,4.96219,13.4195,0.952,0.000679,,0.952,LS_only,0.00185,0,Very_Low
269826591,3174.0,5.04603,13.4196,6.2389,0.001694,,6.2389,LS_only,0.002846,0,Very_Low
378992396,3437.0,4.96765,13.4199,4.2323,0.000914,,4.2323,LS_only,0.002011,0,Very_Low
53867500,3511.0,4.7959,13.4202,6.6019,0.001665,0.6667,6.6019,Match,0.0031,1,Low
280252241,3568.0,4.85565,13.4213,6.5757,0.00191,13.1667,13.1667,Harmonic_Corrected,0.00277,1,Low
219118336,3518.0,4.72429,13.4219,10.7702,0.000999,0.75,10.7702,Match,0.001546,1,Low
81906376,3358.0,4.79237,13.422,11.8876,0.001265,13.3333,11.8876,Match,0.002689,1,Low
264004399,3371.0,4.86271,13.4225,1.1098,0.000567,,1.1098,LS_only,0.001523,0,Very_Low
129990155,3233.0,5.01674,13.4228,2.4133,0.000503,,2.4133,LS_only,0.001692,0,Very_Low
302315378,3184.0,5.0117,13.423,4.0751,0.000719,,4.0751,LS_only,0.002361,0,Very_Low
428168661,3751.0,4.81245,13.4234,7.381,0.000551,,7.381,LS_only,0.001348,0,Very_Low
232645112,3520.0,4.91121,13.4235,1.9602,0.000481,,1.9602,LS_only,0.001291,0,Very_Low
54798119,3401.0,4.7679,13.4245,5.64,0.001423,0.75,5.64,Match,0.003249,1,Low
356107942,3146.0,4.87957,13.4246,15.0,0.000659,1.3333,15.0,Match,0.001685,1,Low
259131513,3392.0,4.90113,13.4251,1.6507,0.000617,,1.6507,LS_only,0.001408,0,Very_Low
399130232,3416.0,4.80236,13.4253,0.5619,0.000703,,0.5619,LS_only,0.002185,0,Very_Low
352768996,3275.0,4.84921,13.4254,9.1558,0.001472,,9.1558,LS_only,0.003787,0,Very_Low
332257622,3395.0,4.89359,13.4254,6.6149,0.004207,13.0833,13.0833,Harmonic_Corrected,0.006543,2,Medium
359388713,3429.0,4.83279,13.4255,1.4951,0.000523,,1.4951,LS_only,0.001302,0,Very_Low
317773941,3389.0,4.85752,13.4265,11.9663,0.003557,10.4167,11.9663,Match,0.005369,2,Medium
230131178,3201.0,4.91392,13.4273,5.9589,0.011601,11.5833,11.5833,Harmonic_Corrected,0.009266,2,Medium
441740063,3440.0,4.85472,13.4274,1.9139,0.000645,,1.9139,LS_only,0.001319,0,Very_Low
160535706,3340.0,4.89408,13.4285,5.0246,0.003713,10.1667,10.1667,Harmonic_Corrected,0.003628,2,Medium
368797577,3427.0,4.79446,13.4286,6.2518,0.001046,,6.2518,LS_only,0.002727,0,Very_Low
219863949,3457.0,4.84918,13.4298,10.6098,0.003355,,10.6098,LS_only,0.00381,1,Low
232674864,3489.0,4.93268,13.4304,3.3079,0.002631,6.6667,6.6667,Harmonic_Corrected,0.003703,2,Medium
286125126,3491.0,4.88101,13.4313,6.9802,0.001435,,6.9802,LS_only,0.002896,0,Very_Low
385406863,3458.0,4.95023,13.4317,6.1475,0.002779,0.75,6.1475,Match,0.004326,2,Medium
368448429,3371.0,4.93213,13.4324,6.6149,0.004828,13.4167,13.4167,Harmonic_Corrected,0.004661,2,Medium
445273820,3271.0,4.85855,13.4329,0.9192,0.038751,0.9167,0.9192,Match,0.028533,3,High
356919872,3311.0,4.84344,13.4333,7.8273,0.001318,0.75,7.8273,Match,0.001922,1,Low
347759590,3345.0,4.85956,13.4348,2.8776,0.000833,,2.8776,LS_only,0.002212,0,Very_Low
240949539,3262.0,4.93955,13.4374,11.9231,0.001778,,11.9231,LS_only,0.002752,0,Very_Low
399736533,3347.0,4.97754,13.4376,4.8113,0.000821,,4.8113,LS_only,0.001856,0,Very_Low
376835930,3099.0,4.97343,13.4376,0.7085,0.001667,0.6667,0.7085,Match,0.002371,2,Medium
398163267,3463.0,4.77189,13.4397,2.8776,0.001718,6.0833,6.0833,Harmonic_Corrected,0.003329,1,Low
240903120,3246.0,4.94568,13.44,6.9802,0.003902,,6.9802,LS_only,0.007881,1,Low
428322989,3467.0,4.80343,13.4414,8.494,0.003046,,8.494,LS_only,0.005147,1,Low
230384382,3293.0,4.84848,13.4444,0.5016,0.012053,1.5,0.5016,Match,0.013904,2,Medium
358952301,3535.0,4.74901,13.4444,11.9663,0.003439,23.0,23.0,Harmonic_Corrected,0.008428,2,Medium
230086768,3428.0,4.83663,13.4447,0.8919,0.001879,8.8333,0.8919,Match,0.006126,1,Low
243354593,3262.0,4.97267,13.4462,3.4254,0.000739,,3.4254,LS_only,0.001914,0,Very_Low
275060791,3272.0,5.0003,13.4468,2.541,0.000751,,2.541,LS_only,0.001941,0,Very_Low
445609131,3605.0,4.75034,13.4468,5.9244,0.001684,,5.9244,LS_only,0.003234,0,Very_Low
258629564,3193.0,4.98215,13.4469,4.5596,0.00675,0.6667,4.5596,Match,0.009673,2,Medium
116059175,3726.0,4.77802,13.447,2.7193,0.001081,,2.7193,LS_only,0.002429,0,Very_Low
270236940,3641.0,4.82377,13.447,10.8779,0.010382,1.4167,10.8779,Match,0.011336,2,Medium
441723554,3394.0,4.92861,13.4491,8.9597,0.0008,,8.9597,LS_only,0.001462,0,Very_Low
198206300,3489.0,4.84514,13.4497,1.5943,0.00047,,1.5943,LS_only,0.00126,0,Very_Low
427325054,3322.0,5.03193,13.4497,4.2216,0.001106,,4.2216,LS_only,0.001878,0,Very_Low
461592543,3064.0,5.03047,13.4522,6.8865,0.000571,,6.8865,LS_only,0.001574,0,Very_Low
258546982,3304.0,4.95214,13.4524,4.5259,0.000999,,4.5259,LS_only,0.002019,0,Very_Low
251705024,3473.0,4.77818,13.4543,9.7952,0.001721,1.25,9.7952,Match,0.002659,1,Low
372794922,3474.0,4.7982,13.4545,7.4211,0.001476,,7.4211,LS_only,0.003635,0,Very_Low
332984113,3354.0,4.84215,13.4551,0.8905,0.002682,1.75,1.75,Harmonic_Corrected,0.004502,2,Medium
353933760,3428.0,4.85942,13.4564,8.4146,0.001062,,8.4146,LS_only,0.001685,0,Very_Low
453152562,3243.0,4.82717,13.4575,2.6208,0.00233,,2.6208,LS_only,0.00759,1,Low
199526564,3272.0,4.85098,13.4578,3.5915,0.00077,,3.5915,LS_only,0.00196,0,Very_Low
327582488,3265.0,5.02909,13.458,7.0066,0.006223,0.5833,7.0066,Match,0.008732,2,Medium
353957945,3076.0,4.99601,13.4616,3.1145,0.00235,,3.1145,LS_only,0.005225,1,Low
129790825,2882.0,5.07717,13.4621,0.8284,0.003398,0.8333,0.8284,Match,0.003167,3,High
320044154,3410.0,4.83141,13.4627,11.9405,0.00503,0.9167,11.9405,Match,0.006345,2,Medium
251171404,3563.0,4.77449,13.4637,11.8966,0.001319,,11.8966,LS_only,0.002369,0,Very_Low
384654023,3714.0,4.736,13.4639,9.0397,0.001779,0.75,9.0397,Match,0.002738,1,Low
428470886,3367.0,4.81809,13.464,3.2078,0.002009,,3.2078,LS_only,0.004452,0,Very_Low
233546369,3455.0,4.852,13.4643,1.4523,0.000723,,1.4523,LS_only,0.00141,0,Very_Low
445197437,3265.0,4.93621,13.4644,3.8209,0.013013,3.75,3.8209,Match,0.011522,3,High
293189359,3352.0,4.99572,13.4646,4.2537,0.008391,,4.2537,LS_only,0.017406,1,Low
359252176,3337.0,4.88204,13.4648,6.2647,0.00313,,6.2647,LS_only,0.006454,1,Low
233130372,3495.0,4.93664,13.4652,13.2637,0.000345,,13.2637,LS_only,0.001113,0,Very_Low
453160531,3622.0,4.80174,13.4657,2.1893,0.001438,,2.1893,LS_only,0.003505,0,Very_Low
470922790,3330.0,4.89871,13.466,4.4008,0.001619,12.9167,4.4008,Match,0.002716,1,Low
427641000,3233.0,4.91093,13.4685,1.2221,0.000925,,1.2221,LS_only,0.002483,0,Very_Low
350733890,3445.0,4.86169,13.469,8.4545,0.001509,,8.4545,LS_only,0.002543,0,Very_Low
116720937,3483.0,4.83447,13.4691,3.4539,0.000861,,3.4539,LS_only,0.002075,0,Very_Low
229490055,3310.0,4.86054,13.4699,4.4805,0.002192,3.8333,4.4805,Match,0.00284,1,Low
219100714,3478.0,4.82204,13.4702,1.8005,0.000738,,1.8005,LS_only,0.001768,0,Very_Low
347486069,3347.0,4.86984,13.4707,6.2389,0.001855,,6.2389,LS_only,0.003191,0,Very_Low
258388856,3373.0,4.9181,13.4726,3.5302,0.00042,,3.5302,LS_only,0.001081,0,Very_Low
403689609,3404.0,4.77151,13.4749,9.9296,0.001663,,9.9296,LS_only,0.00294,0,Very_Low
422960479,3355.0,4.91241,13.4753,4.5484,0.001959,,4.5484,LS_only,0.003047,0,Very_Low
235981712,3380.0,4.94174,13.4768,7.3675,0.000742,,7.3675,LS_only,0.001558,0,Very_Low
433971142,3459.0,4.79244,13.4771,6.9934,0.005778,6.6667,6.9934,Match,0.005981,3,High
389913701,3048.0,5.09967,13.4783,2.197,0.000654,,2.197,LS_only,0.001592,0,Very_Low
245471709,3346.0,4.97949,13.479,6.9536,0.000892,,6.9536,LS_only,0.001973,0,Very_Low
230078915,3419.0,4.83001,13.4797,8.278,0.000816,,8.278,LS_only,0.00138,0,Very_Low
376639349,3238.0,5.04437,13.4801,0.6379,0.003503,0.6667,0.6379,Match,0.003368,3,High
428258552,3164.0,4.93429,13.4814,6.9,0.003751,1.4167,6.9,Match,0.007532,2,Medium
297648102,3343.0,4.77599,13.4817,6.5757,0.002898,5.8333,6.5757,Match,0.003377,2,Medium
283842510,3470.0,4.83481,13.4821,1.1614,0.001702,,1.1614,LS_only,0.005973,0,Very_Low
369825629,3228.0,4.99585,13.4829,11.9577,0.003905,,11.9577,LS_only,0.005197,1,Low
249884770,3326.0,5.01033,13.4853,1.4094,0.00064,,1.4094,LS_only,0.00179,0,Very_Low
104194115,3347.0,4.90055,13.4869,4.2216,0.013023,,4.2216,LS_only,0.021929,1,Low
470925096,3346.0,4.9337,13.4888,7.0066,0.001734,13.0833,13.0833,Harmonic_Corrected,0.003003,1,Low
301998908,3488.0,4.77559,13.4908,1.9638,0.023484,2.0,1.9638,Match,0.019234,3,High
445253762,3291.0,4.83608,13.4912,1.0968,0.006648,1.0833,1.0968,Match,0.008843,3,High
219852891,3355.0,4.98628,13.4922,1.4552,0.000636,,1.4552,LS_only,0.001291,0,Very_Low
13267133,3506.0,4.82651,13.4938,4.3568,0.001204,,4.3568,LS_only,0.003145,0,Very_Low
366200270,3394.0,4.94744,13.4942,7.0066,0.308172,13.0,13.0,Harmonic_Corrected,0.376832,2,Medium
441804260,3201.0,4.9763,13.4946,1.1117,0.005527,1.0833,1.1117,Match,0.004969,3,High
284612256,3438.0,4.94994,13.4948,10.8673,0.138788,,10.8673,LS_only,0.225296,1,Low
312471472,3278.0,4.91874,13.4956,1.5544,0.022166,1.5833,1.5544,Match,0.032433,3,High
316440200,3644.0,4.78841,13.4974,13.2803,0.00093,,13.2803,LS_only,0.00187,0,Very_Low
445340155,3498.0,4.83237,13.4982,6.5625,0.00194,0.6667,6.5625,Match,0.002966,1,Low
275584034,3498.0,4.80493,13.4989,4.697,0.000785,,4.697,LS_only,0.001756,0,Very_Low
422779458,3618.0,4.87809,13.5017,6.5888,0.001789,,6.5888,LS_only,0.00323,0,Very_Low
326209200,3097.0,5.07279,13.5036,4.1772,0.001001,,4.1772,LS_only,0.001946,0,Very_Low
301912114,3377.0,4.90703,13.5048,4.0751,0.002029,,4.0751,LS_only,0.004149,0,Very_Low
283246918,3698.0,4.75917,13.5054,1.1501,0.001101,,1.1501,LS_only,0.003184,0,Very_Low
219105733,3277.0,4.97878,13.5055,2.8907,0.001494,3.0,2.8907,Match,0.001758,2,Medium
53803114,3407.0,4.85886,13.5058,6.6019,0.000779,,6.6019,LS_only,0.002741,0,Very_Low
396343386,3240.0,5.01672,13.5059,5.1099,0.000803,,5.1099,LS_only,0.001685,0,Very_Low
200799059,3146.0,5.00082,13.5081,2.6178,0.00073,,2.6178,LS_only,0.001836,0,Very_Low
229446305,3259.0,4.97382,13.5094,6.9135,0.000748,,6.9135,LS_only,0.001815,0,Very_Low
372271021,3492.0,4.81577,13.5095,1.8896,0.000699,,1.8896,LS_only,0.001807,0,Very_Low
417665628,3489.0,4.84895,13.5106,4.9418,0.000447,,4.9418,LS_only,0.001294,0,Very_Low
249831727,3432.0,4.80811,13.5109,4.5259,0.001055,,4.5259,LS_only,0.002405,0,Very_Low
82976205,3430.0,4.84461,13.5109,0.7715,0.002313,,0.7715,LS_only,0.004338,1,Low
251600702,3617.0,4.76236,13.5115,13.241,0.001862,,13.241,LS_only,0.002805,0,Very_Low
54463463,3406.0,4.82028,13.5139,11.9577,0.001615,13.1667,11.9577,Match,0.003041,1,Low
441767068,3282.0,4.89867,13.5151,1.8478,0.000525,,1.8478,LS_only,0.001341,0,Very_Low
230071420,3360.0,4.88278,13.5152,4.7143,0.001503,,4.7143,LS_only,0.00253,0,Very_Low
367861085,3236.0,4.95798,13.5164,0.9369,0.008789,0.9167,0.9369,Match,0.00711,3,High
198416743,3239.0,4.98148,13.5194,3.1364,0.000495,,3.1364,LS_only,0.00141,0,Very_Low
284805660,3248.0,4.92971,13.5195,0.9253,0.023797,0.9167,0.9253,Match,0.017764,3,High
245706730,3296.0,4.95672,13.5199,6.9536,0.001473,,6.9536,LS_only,0.002374,0,Very_Low
272537633,3378.0,4.82731,13.5203,15.0,0.001385,,15.0,LS_only,0.004193,0,Very_Low
444452701,3362.0,4.83487,13.5213,11.9663,0.00833,0.5833,11.9663,Match,0.012188,2,Medium
50197861,3451.0,4.84979,13.522,6.9,0.001135,,6.9,LS_only,0.001838,0,Very_Low
229975344,3253.0,4.94759,13.5224,9.1304,0.001575,,9.1304,LS_only,0.003408,0,Very_Low
207501873,3271.0,4.9332,13.5226,1.3225,0.000614,,1.3225,LS_only,0.001546,0,Very_Low
354778915,3256.0,4.92798,13.5229,6.5625,0.000965,,6.5625,LS_only,0.002475,0,Very_Low
364181187,3010.0,5.12865,13.5256,0.6125,0.002785,0.5833,0.6125,Match,0.003213,3,High
418408920,3323.0,4.86524,13.5256,11.9663,0.013976,1.0,11.9663,Match,0.019676,2,Medium
347570112,3176.0,4.97789,13.526,0.57,0.002111,0.5833,0.57,Match,0.003318,2,Medium
232630730,3373.0,4.88177,13.526,3.7602,0.000602,,3.7602,LS_only,0.001617,0,Very_Low
241091010,3374.0,5.11525,13.5265,4.5596,0.000824,,4.5596,LS_only,0.002391,0,Very_Low
233744887,3438.0,4.88792,13.528,3.3173,0.000962,,3.3173,LS_only,0.001899,0,Very_Low
54529331,3425.0,4.83108,13.5292,6.9934,0.000925,,6.9934,LS_only,0.002363,0,Very_Low
320504003,3511.0,4.92475,13.5294,1.9213,0.000726,,1.9213,LS_only,0.001598,0,Very_Low
21120207,3193.0,5.00832,13.5303,2.6361,0.002669,13.5833,2.6361,Match,0.005482,2,Medium
331980528,3456.0,4.81768,13.5305,0.602,0.000658,,0.602,LS_only,0.002195,0,Very_Low
272422406,3424.0,4.82127,13.5306,2.2873,0.00124,,2.2873,LS_only,0.002591,0,Very_Low
315724578,3479.0,4.88836,13.5327,6.1475,0.000944,,6.1475,LS_only,0.002201,0,Very_Low
378528571,3338.0,4.95331,13.5339,7.0066,0.002913,0.5833,7.0066,Match,0.004859,2,Medium
384653460,3461.0,4.85512,13.534,2.9568,0.00078,,2.9568,LS_only,0.002296,0,Very_Low
341874794,3432.0,4.86014,13.5343,7.8273,0.001043,,7.8273,LS_only,0.001883,0,Very_Low
347565525,3135.0,5.09228,13.5348,4.2108,0.000569,,4.2108,LS_only,0.001679,0,Very_Low
332477285,3330.0,4.9697,13.535,1.1981,0.00055,,1.1981,LS_only,0.001535,0,Very_Low
283252939,3629.0,4.77452,13.5359,5.158,0.00113,,5.158,LS_only,0.003053,0,Very_Low
359498248,3402.0,4.87461,13.536,7.8273,0.000617,,7.8273,LS_only,0.001462,0,Very_Low
233533233,3365.0,4.99238,13.5361,1.664,0.000575,,1.664,LS_only,0.001379,0,Very_Low
400893561,3501.0,4.85729,13.5361,9.8449,0.001292,0.8333,9.8449,Match,0.002578,1,Low
251620029,3351.0,4.85735,13.5363,2.1835,0.001633,,2.1835,LS_only,0.003787,0,Very_Low
408620033,3285.0,4.9078,13.5368,7.3944,0.001131,,7.3944,LS_only,0.002195,0,Very_Low
104211009,3335.0,4.91419,13.537,0.6577,0.002112,13.0833,0.6577,Match,0.00349,1,Low
252152918,3458.0,4.86603,13.5372,1.5144,0.000705,,1.5144,LS_only,0.002196,0,Very_Low
390022444,3427.0,4.8669,13.5378,3.5106,0.000601,,3.5106,LS_only,0.001513,0,Very_Low
459969554,3477.0,4.87985,13.5382,1.8846,0.001455,,1.8846,LS_only,0.002647,0,Very_Low
354257585,3116.0,5.0185,13.5388,2.9414,0.002929,2.9167,2.9414,Match,0.003378,3,High
302684987,3384.0,4.81254,13.5402,6.5625,0.001551,0.5833,6.5625,Match,0.00219,1,Low
427549520,3407.0,4.84152,13.542,7.0066,0.003601,,7.0066,LS_only,0.005177,1,Low
267542606,3530.0,4.92948,13.5425,2.6336,0.000584,,2.6336,LS_only,0.001589,0,Very_Low
427850898,3446.0,4.83493,13.5446,6.6149,0.001197,,6.6149,LS_only,0.002154,0,Very_Low
450146926,3382.0,4.82326,13.5447,4.6622,0.003061,4.3333,4.6622,Match,0.004867,3,High
13468323,3322.0,4.80344,13.5453,1.1245,0.003313,2.25,2.25,Harmonic_Corrected,0.004243,2,Medium
50943371,3463.0,4.84405,13.5462,6.8865,0.001405,6.75,6.8865,Match,0.002482,2,Medium
322226561,3552.0,4.76868,13.5463,5.146,0.004468,0.5833,5.146,Match,0.006569,2,Medium
235711434,2879.0,5.14236,13.5464,7.7725,0.001957,,7.7725,LS_only,0.002779,0,Very_Low
288268554,3402.0,4.9068,13.5472,2.2189,0.000506,,2.2189,LS_only,0.001331,0,Very_Low
104035142,3281.0,4.83171,13.5474,4.5032,0.001542,,4.5032,LS_only,0.002628,0,Very_Low
444824233,3346.0,4.8512,13.5491,4.5484,0.007051,4.5,4.5484,Match,0.008531,3,High
198190000,3273.0,4.87137,13.5519,11.8876,0.000746,,11.8876,LS_only,0.001779,0,Very_Low
126063942,3042.0,4.98199,13.5535,0.5554,0.007835,0.5833,0.5554,Match,0.006022,3,High
348134933,3114.0,4.97837,13.5536,2.224,0.001169,1.4167,2.224,Match,0.005701,1,Low
356823839,3218.0,4.88404,13.5541,2.3154,0.002984,2.3333,2.3154,Match,0.002757,3,High
285127841,3459.0,4.78703,13.5545,4.0962,0.00108,,4.0962,LS_only,0.00351,0,Very_Low
445664483,3337.0,4.84274,13.5557,5.3817,0.006367,0.5833,5.3817,Match,0.009548,2,Medium
367357090,2967.0,5.06701,13.556,6.9934,0.003873,,6.9934,LS_only,0.005315,1,Low
265298365,3568.0,4.78353,13.5562,9.1176,0.001219,,9.1176,LS_only,0.002349,0,Very_Low
308368033,3203.0,5.03213,13.5563,4.2,0.008481,,4.2,LS_only,0.011548,1,Low
441722187,3362.0,4.96629,13.5566,8.8073,0.00169,,8.8073,LS_only,0.002152,0,Very_Low
332475874,3535.0,4.86792,13.5567,4.4805,0.001125,0.5833,4.4805,Match,0.001986,1,Low
289540986,3367.0,4.88365,13.5568,2.6099,0.000676,,2.6099,LS_only,0.001467,0,Very_Low
224601129,3353.0,4.8529,13.5596,1.0451,0.015807,1.0,1.0451,Match,0.011807,3,High
403259004,3404.0,4.90605,13.5597,5.9371,0.002648,,5.9371,LS_only,0.005277,1,Low
251334713,3359.0,4.95272,13.5621,2.7193,0.000722,,2.7193,LS_only,0.002188,0,Very_Low
429005583,3114.0,5.02762,13.5623,13.241,0.000651,,13.241,LS_only,0.001569,0,Very_Low
229645158,3329.0,4.93913,13.5623,0.9017,0.000462,,0.9017,LS_only,0.001337,0,Very_Low
403521772,3105.0,5.13135,13.5639,5.158,0.001262,,5.158,LS_only,0.002781,0,Very_Low
445189646,3457.0,4.83149,13.5653,13.3072,0.004071,13.0,13.3072,Match,0.006536,3,High
377052713,3376.0,4.87546,13.5656,9.0789,0.000802,,9.0789,LS_only,0.001695,0,Very_Low
278930730,3466.0,4.83976,13.5658,0.6093,0.002141,,0.6093,LS_only,0.005754,0,Very_Low
346121510,3424.0,4.84823,13.5666,8.4677,0.005098,,8.4677,LS_only,0.008005,1,Low
306563197,3207.0,4.99988,13.5666,0.5662,0.004965,0.5833,0.5662,Match,0.004547,3,High
372271710,3648.0,4.85056,13.5675,0.8386,0.004148,0.8333,0.8386,Match,0.00366,3,High
445344215,3264.0,4.93202,13.5677,0.644,0.002371,0.8333,0.644,Match,0.012648,2,Medium
427847112,3389.0,4.86078,13.5681,3.3917,0.000757,,3.3917,LS_only,0.001834,0,Very_Low
249861551,3061.0,5.1432,13.5688,6.9536,0.004604,,6.9536,LS_only,0.007531,1,Low
198407957,3229.0,4.91554,13.5692,0.8639,0.000595,,0.8639,LS_only,0.001728,0,Very_Low
198188604,3364.0,4.89875,13.5705,1.8474,0.000735,,1.8474,LS_only,0.001693,0,Very_Low
284310297,3402.0,4.86821,13.5708,1.6879,0.002484,1.6667,1.6879,Match,0.003522,3,High
327123244,3451.0,4.78738,13.5715,5.9497,0.003194,0.5833,5.9497,Match,0.007078,2,Medium
400812780,3637.0,5.02297,13.5717,4.3789,0.001565,,4.3789,LS_only,0.003573,0,Very_Low
428304149,3144.0,4.9699,13.5721,11.8966,0.001257,,11.8966,LS_only,0.003318,0,Very_Low
240781948,3275.0,4.9494,13.5742,1.9638,0.001209,,1.9638,LS_only,0.003827,0,Very_Low
312149867,3576.0,4.82203,13.5744,11.9492,0.003438,13.1667,11.9492,Match,0.005245,2,Medium
307039686,3377.0,4.86385,13.5748,11.9492,0.002233,,11.9492,LS_only,0.004218,0,Very_Low
233233165,3231.0,4.9704,13.576,1.6886,0.00474,1.75,1.6886,Match,0.004325,3,High
347946350,3494.0,4.81539,13.5763,8.494,0.003674,,8.494,LS_only,0.005417,1,Low
364129668,3452.0,4.94092,13.5763,6.2389,0.000745,,6.2389,LS_only,0.002277,0,Very_Low
368797600,3674.0,4.77594,13.5765,2.3184,0.00252,4.5833,4.5833,Harmonic_Corrected,0.004434,2,Medium
351687221,2989.0,5.00242,13.5827,0.5481,0.042474,0.5833,0.5481,Match,0.050493,3,High
428474827,3379.0,4.89474,13.5832,3.3917,0.004732,,3.3917,LS_only,0.011737,1,Low
251462914,3622.0,4.78168,13.5863,4.4577,0.003401,,4.4577,LS_only,0.005327,1,Low
230113697,3244.0,4.90461,13.587,7.6602,0.001118,,7.6602,LS_only,0.001775,0,Very_Low
265385195,3293.0,4.88557,13.5891,8.4677,0.005477,,8.4677,LS_only,0.012043,1,Low
427470246,3353.0,4.83324,13.5905,10.8568,0.001896,,10.8568,LS_only,0.003157,0,Very_Low
63345936,3161.0,5.00628,13.5908,0.911,0.010875,0.8333,0.911,Match,0.013616,3,High
346931373,3427.0,4.81954,13.5919,10.8673,0.004483,,10.8673,LS_only,0.007227,1,Low
401224707,3474.0,4.83998,13.5929,4.743,0.004391,,4.743,LS_only,0.009535,1,Low
445310203,3252.0,4.91541,13.5938,13.3019,0.003759,,13.3019,LS_only,0.00545,1,Low
219795119,3374.0,4.89934,13.5944,2.2628,0.000585,,2.2628,LS_only,0.001399,0,Very_Low
104148517,3438.0,4.81748,13.5963,3.7703,0.01495,3.8333,3.7703,Match,0.011463,3,High
445478582,3434.0,4.82354,13.5966,1.009,0.000819,,1.009,LS_only,0.00272,0,Very_Low
408094501,2972.0,5.02605,13.6001,5.4061,0.001753,0.8333,5.4061,Match,0.006963,1,Low
229703987,3540.0,4.89299,13.6012,4.4805,0.000727,,4.4805,LS_only,0.001742,0,Very_Low
428416969,3430.0,4.92261,13.6019,4.0962,0.185693,4.1667,4.0962,Match,0.284483,3,High
349978350,3434.0,4.89802,13.6023,9.1685,0.000777,,9.1685,LS_only,0.001741,0,Very_Low
233055641,3472.0,4.90158,13.604,7.8409,0.000434,,7.8409,LS_only,0.00131,0,Very_Low
308532982,3229.0,5.02621,13.6052,4.2323,0.008452,,4.2323,LS_only,0.012922,1,Low
406707371,3346.0,4.86731,13.6053,0.7975,0.025993,0.75,0.7975,Match,0.029794,3,High
444595941,3365.0,4.8112,13.6074,5.9371,0.000939,,5.9371,LS_only,0.002251,0,Very_Low
229586161,3380.0,4.75796,13.6086,6.8319,0.000883,13.25,13.25,Harmonic_Corrected,0.001935,1,Low
229744768,3249.0,5.05524,13.6092,11.8966,0.002935,,11.8966,LS_only,0.005232,1,Low
230387342,3260.0,4.8757,13.6101,1.9274,0.000425,,1.9274,LS_only,0.001278,0,Very_Low
407116932,3444.0,4.86843,13.612,7.0066,0.001237,13.0,13.0,Harmonic_Corrected,0.002648,1,Low
445245751,3464.0,4.85879,13.6121,2.0094,0.007906,,2.0094,LS_only,0.016382,1,Low
441733143,3326.0,4.89404,13.6141,4.3304,0.000505,,4.3304,LS_only,0.001428,0,Very_Low
232607684,2862.0,5.20616,13.6157,4.4577,0.000581,,4.4577,LS_only,0.001529,0,Very_Low
219806427,3311.0,4.93111,13.6159,1.8956,0.003397,1.75,1.8956,Match,0.003634,3,High
82099975,3117.0,5.02511,13.6177,11.8966,0.001304,1.75,11.8966,Match,0.005722,1,Low
351613963,3328.0,4.92516,13.6179,1.2644,0.001735,,1.2644,LS_only,0.004807,0,Very_Low
251725681,3278.0,4.8384,13.6189,11.8605,0.002931,0.8333,11.8605,Match,0.003909,2,Medium
428748800,3471.0,4.97736,13.6197,13.2237,0.003485,1.0,13.2237,Match,0.003742,2,Medium
265387623,3348.0,4.92475,13.6221,2.5334,0.002432,13.1667,2.5334,Match,0.003849,2,Medium
353936253,3289.0,4.94119,13.623,0.9909,0.000557,,0.9909,LS_only,0.001427,0,Very_Low
348519249,3654.0,4.81387,13.6231,4.7315,0.001423,,4.7315,LS_only,0.002939,0,Very_Low
54127687,3288.0,4.88596,13.6245,5.3939,0.001121,,5.3939,LS_only,0.003021,0,Very_Low
301916492,3234.0,5.004,13.6253,6.2775,0.001181,,6.2775,LS_only,0.002361,0,Very_Low
104310422,3273.0,4.84078,13.6259,11.9405,0.006735,,11.9405,LS_only,0.012768,1,Low
269715426,3366.0,4.8611,13.6279,0.9583,0.006355,1.0,0.9583,Match,0.007027,3,High
376402464,3363.0,4.93361,13.6281,2.6208,0.000848,,2.6208,LS_only,0.002107,0,Very_Low
229702647,3411.0,4.88968,13.6299,2.2258,0.000841,,2.2258,LS_only,0.00161,0,Very_Low
292725985,3283.0,4.97702,13.6303,2.5089,0.000783,,2.5089,LS_only,0.002305,0,Very_Low
251811608,3499.0,4.86734,13.6305,9.0397,0.00165,0.5833,9.0397,Match,0.002712,1,Low
237257509,3423.0,4.88447,13.6311,6.213,0.000996,,6.213,LS_only,0.002041,0,Very_Low
395844397,3235.0,4.98978,13.6313,11.9318,0.001379,,11.9318,LS_only,0.002812,0,Very_Low
317394133,3164.0,5.05036,13.6358,0.7868,0.002523,0.75,0.7868,Match,0.003164,3,High
367838069,3223.0,4.88427,13.6359,3.4063,0.000474,,3.4063,LS_only,0.001442,0,Very_Low
233085126,3436.0,4.90447,13.6361,1.725,0.000543,,1.725,LS_only,0.001508,0,Very_Low
399856143,3126.0,5.01159,13.6365,3.7398,0.002177,,3.7398,LS_only,0.003603,0,Very_Low
233059081,3289.0,4.99011,13.6378,1.6694,0.000633,,1.6694,LS_only,0.001405,0,Very_Low
431870038,3077.0,5.02513,13.6386,2.0317,0.00726,2.0,2.0317,Match,0.006284,3,High
384659631,3317.0,4.93864,13.6392,2.8737,0.004467,,2.8737,LS_only,0.010545,1,Low
444769259,3392.0,4.86097,13.64,9.1558,0.0013,,9.1558,LS_only,0.004249,0,Very_Low
450001175,3518.0,4.96186,13.6411,10.8568,0.003149,1.5,10.8568,Match,0.005835,2,Medium
400895841,3231.0,4.91286,13.6417,6.1607,0.001207,,6.1607,LS_only,0.002578,0,Very_Low
256925933,3198.0,4.98506,13.643,4.3458,0.000889,,4.3458,LS_only,0.002267,0,Very_Low
259100107,3163.0,4.95034,13.6433,0.5012,0.005831,1.9167,0.5012,Match,0.011202,2,Medium
104212086,3401.0,4.89096,13.6437,1.3761,0.00093,,1.3761,LS_only,0.002302,0,Very_Low
285227863,3126.0,4.94731,13.6442,1.3464,0.001843,,1.3464,LS_only,0.005351,0,Very_Low
233207425,3242.0,4.90073,13.6444,1.471,0.000623,,1.471,LS_only,0.001534,0,Very_Low
406636656,3357.0,4.91573,13.6465,6.6279,0.00105,,6.6279,LS_only,0.003139,0,Very_Low
444112636,3642.0,4.79654,13.6468,3.8108,0.000961,,3.8108,LS_only,0.002885,0,Very_Low
10969843,3513.0,4.9403,13.6477,6.5888,0.004123,13.25,13.25,Harmonic_Corrected,0.005473,2,Medium
241020339,3208.0,5.00054,13.6483,9.1176,0.002221,,9.1176,LS_only,0.004321,0,Very_Low
103952898,3304.0,4.84476,13.6495,4.7315,0.001185,,4.7315,LS_only,0.002696,0,Very_Low
369242214,3192.0,4.95885,13.6526,6.9802,0.00138,,6.9802,LS_only,0.00329,0,Very_Low
229948495,3576.0,4.7992,13.6538,1.8234,0.000684,,1.8234,LS_only,0.001731,0,Very_Low
219819539,3244.0,4.89059,13.654,4.6505,0.000433,,4.6505,LS_only,0.001286,0,Very_Low
229669796,3567.0,4.89413,13.6542,13.1818,0.001152,,13.1818,LS_only,0.001607,0,Very_Low
229400552,3174.0,5.07023,13.6565,2.6336,0.000736,,2.6336,LS_only,0.001727,0,Very_Low
186811769,3183.0,5.11217,13.6574,2.5015,0.005786,,2.5015,LS_only,0.026204,1,Low
394129545,3281.0,4.88107,13.6591,7.3404,0.000629,,7.3404,LS_only,0.001639,0,Very_Low
367840149,3374.0,4.91583,13.6592,4.4691,0.000791,,4.4691,LS_only,0.001645,0,Very_Low
51960132,3579.0,4.82569,13.6618,1.139,0.014327,1.1667,1.139,Match,0.023577,3,High
390171586,3518.0,4.82225,13.6618,4.5708,0.001102,5.3333,4.5708,Match,0.003365,1,Low
54528947,3297.0,4.88511,13.6619,6.9934,0.001358,,6.9934,LS_only,0.003232,0,Very_Low
331213383,3648.0,4.83206,13.6627,6.5493,0.000684,,6.5493,LS_only,0.00202,0,Very_Low
420545838,3333.0,4.80012,13.6628,11.9663,0.001757,,11.9663,LS_only,0.003406,0,Very_Low
219810111,3288.0,4.89839,13.6637,4.6505,0.000696,,4.6505,LS_only,0.002136,0,Very_Low
401360197,3355.0,4.87526,13.6642,1.327,0.005371,1.3333,1.327,Match,0.005269,3,High
284599951,3070.0,4.87772,13.6644,5.1699,0.007173,0.5833,5.1699,Match,0.012079,2,Medium
441807720,3221.0,5.0134,13.6655,1.3069,0.000916,1.3333,1.3069,Match,0.004182,2,Medium
232611960,3391.0,4.93393,13.6658,0.8877,0.000448,,0.8877,LS_only,0.001499,0,Very_Low
356918522,3284.0,5.00152,13.666,7.8273,0.000889,,7.8273,LS_only,0.001744,0,Very_Low
117171705,3373.0,4.92943,13.667,4.6854,0.001435,13.4167,4.6854,Match,0.002487,1,Low
11335421,3391.0,4.85161,13.6672,0.6222,0.000872,,0.6222,LS_only,0.002872,0,Very_Low
252201611,3437.0,4.82965,13.6674,3.3825,0.000795,,3.3825,LS_only,0.002127,0,Very_Low
165528645,3013.0,5.08235,13.6678,0.5219,0.001544,1.0833,1.0833,Harmonic_Corrected,0.004458,1,Low
233070089,2993.0,5.08413,13.6695,0.6637,0.004804,0.6667,0.6637,Match,0.005253,3,High
233657141,3225.0,4.92605,13.67,0.6538,0.006466,0.6667,0.6538,Match,0.005795,3,High
435263876,3529.0,4.83771,13.6708,6.2647,0.000908,,6.2647,LS_only,0.002234,0,Very_Low
279847600,3470.0,4.78945,13.6712,4.697,0.001375,,4.697,LS_only,0.002815,0,Very_Low
377204773,3275.0,4.87165,13.6718,7.0066,0.004181,0.5833,7.0066,Match,0.00715,2,Medium
390399687,3388.0,4.81892,13.6721,6.1475,0.003,13.0,13.0,Harmonic_Corrected,0.004692,2,Medium
233544878,3352.0,4.90355,13.6722,3.3967,0.001018,,3.3967,LS_only,0.002048,0,Very_Low
279757949,3380.0,4.89833,13.6746,1.0038,0.000597,,1.0038,LS_only,0.001912,0,Very_Low
427325315,3334.0,4.9155,13.6756,0.5514,0.001297,3.9167,0.5514,Match,0.003232,1,Low
198236067,3154.0,4.99317,13.6768,2.6712,0.001123,1.3333,1.3333,Subharmonic_Corrected,0.00743,1,Low
338071955,3331.0,4.93197,13.6781,2.1559,0.000986,,2.1559,LS_only,0.003211,0,Very_Low
251791487,3337.0,4.81547,13.679,13.2468,0.002694,1.0833,13.2468,Match,0.003363,2,Medium
232640967,3344.0,4.95074,13.6799,4.3125,0.001144,,4.3125,LS_only,0.003041,0,Very_Low
374832329,3281.0,4.91341,13.6804,2.224,0.015251,8.75,2.224,Match,0.024249,2,Medium
352114297,3890.0,4.21598,13.6819,5.3939,0.033788,5.4167,5.3939,Match,0.036623,3,High
71749279,3208.0,4.86739,13.6821,3.2078,0.003021,,3.2078,LS_only,0.00487,1,Low
278851581,3270.0,4.97523,13.683,6.5888,0.001838,,6.5888,LS_only,0.004409,0,Very_Low
34781149,2920.0,5.06747,13.685,3.4729,0.001649,1.8333,1.8333,Subharmonic_Corrected,0.006618,1,Low
441806827,3286.0,4.94951,13.6862,3.4714,0.000799,,3.4714,LS_only,0.001754,0,Very_Low
445437944,3220.0,4.91139,13.6864,2.9582,0.020974,2.8333,2.9582,Match,0.017217,3,High
385400770,3329.0,4.88133,13.6877,1.4758,0.007715,1.4167,1.4758,Match,0.011014,3,High
250968551,3516.0,4.81376,13.6899,8.494,0.001548,8.3333,8.494,Match,0.003916,2,Medium
219855366,3278.0,4.9468,13.6901,1.7442,0.000535,,1.7442,LS_only,0.001467,0,Very_Low
354381934,3392.0,4.86242,13.6919,6.9934,0.000868,,6.9934,LS_only,0.001955,0,Very_Low
368500799,3373.0,4.87157,13.6922,2.2805,0.000571,,2.2805,LS_only,0.002073,0,Very_Low
289589302,3209.0,4.95695,13.6942,3.0443,0.002569,,3.0443,LS_only,0.004096,1,Low
467180744,3385.0,4.86552,13.6951,7.3404,0.000744,,7.3404,LS_only,0.00182,0,Very_Low
82981089,3266.0,4.8739,13.6971,1.7485,0.006254,1.6667,1.7485,Match,0.007267,3,High
233496615,3416.0,4.97397,13.6998,11.7761,0.001245,,11.7761,LS_only,0.002041,0,Very_Low
352770254,2828.0,5.18228,13.7009,2.1827,0.036358,6.5,2.1827,Match,0.043351,2,Medium
160602230,3286.0,4.88548,13.7025,0.6166,0.003122,1.3333,1.3333,Harmonic_Corrected,0.019141,2,Medium
302071940,3338.0,4.87715,13.7026,3.19,0.000877,,3.19,LS_only,0.002593,0,Very_Low
470113419,3112.0,5.02603,13.7028,2.0167,0.008921,2.0,2.0167,Match,0.006918,3,High
359591305,3272.0,4.96274,13.7058,4.582,0.001838,,4.582,LS_only,0.004462,0,Very_Low
219803078,3222.0,4.9865,13.706,3.3079,0.000998,,3.3079,LS_only,0.002125,0,Very_Low
233725961,3445.0,4.91239,13.7064,3.4063,0.000752,,3.4063,LS_only,0.001491,0,Very_Low
422708093,3324.0,4.92724,13.7065,11.9748,0.014972,,11.9748,LS_only,0.031591,1,Low
368400992,3214.0,4.99833,13.7085,4.582,0.001288,,4.582,LS_only,0.003626,0,Very_Low
384657422,3466.0,4.95848,13.7094,11.8876,0.002772,0.5833,11.8876,Match,0.004244,2,Medium
461564461,3451.0,5.01991,13.7095,2.5978,0.000869,,2.5978,LS_only,0.002079,0,Very_Low
353988335,3284.0,4.91833,13.7106,2.2258,0.000995,,2.2258,LS_only,0.001997,0,Very_Low
289623804,3568.0,4.88789,13.7133,5.2828,0.000708,,5.2828,LS_only,0.00169,0,Very_Low
252119648,3370.0,4.85158,13.7136,0.8942,0.001224,,0.8942,LS_only,0.004413,0,Very_Low
229472112,3290.0,5.00272,13.7139,6.5094,0.003849,12.5833,12.5833,Harmonic_Corrected,0.005215,2,Medium
283341894,3526.0,4.83205,13.7154,1.3122,0.002294,,1.3122,LS_only,0.00799,1,Low
367070587,3587.0,4.79846,13.7157,4.5484,0.000732,,4.5484,LS_only,0.001764,0,Very_Low
252111800,3427.0,4.83622,13.7162,6.213,0.007177,13.0833,13.0833,Harmonic_Corrected,0.011088,2,Medium
378941805,3487.0,4.82245,13.7183,4.3899,0.004839,13.0833,4.3899,Match,0.008727,2,Medium
366242168,3657.0,4.80729,13.7199,11.9663,0.002238,,11.9663,LS_only,0.004287,0,Very_Low
54124314,3510.0,4.94321,13.7205,0.952,0.000849,,0.952,LS_only,0.002901,0,Very_Low
316738943,3669.0,4.80394,13.7221,13.2803,0.001012,,13.2803,LS_only,0.002454,0,Very_Low
252118091,3179.0,4.9095,13.7259,4.5708,0.045555,,4.5708,LS_only,0.258032,1,Low
376120708,3324.0,4.90826,13.7288,2.9828,0.000746,,2.9828,LS_only,0.002051,0,Very_Low
232614123,3437.0,4.88908,13.7298,2.5592,0.000453,,2.5592,LS_only,0.001445,0,Very_Low
378150685,3293.0,4.92907,13.7299,4.7659,0.003589,,4.7659,LS_only,0.007425,1,Low
245422110,3159.0,4.88045,13.73,3.8108,0.004071,3.8333,3.8108,Match,0.004288,3,High
116005796,3373.0,4.82469,13.7307,3.5593,0.001665,,3.5593,LS_only,0.003886,0,Very_Low
284315021,3272.0,4.82768,13.7321,2.0094,0.020898,2.0833,2.0094,Match,0.019911,3,High
444715871,3345.0,4.85598,13.7331,6.5888,0.003788,13.1667,13.1667,Harmonic_Corrected,0.005917,2,Medium
219802448,3438.0,4.90884,13.7347,0.6561,0.000587,,0.6561,LS_only,0.001763,0,Very_Low
395602605,3193.0,5.05302,13.7348,5.2953,0.001278,,5.2953,LS_only,0.002041,0,Very_Low
367856004,3247.0,5.06876,13.7355,3.6116,0.000837,,3.6116,LS_only,0.002019,0,Very_Low
458977058,3403.0,4.84169,13.7355,0.5142,0.007805,1.4167,0.5142,Match,0.02746,2,Medium
73490229,3307.0,5.02388,13.7372,3.6911,0.001232,0.6667,3.6911,Match,0.002103,1,Low
229767197,3468.0,4.9662,13.7375,5.8475,0.000758,,5.8475,LS_only,0.00182,0,Very_Low
285227857,3223.0,4.97004,13.7379,5.9497,0.001255,,5.9497,LS_only,0.00424,0,Very_Low
232614146,3442.0,4.95242,13.7388,2.9568,0.000499,,2.9568,LS_only,0.001581,0,Very_Low
397279556,3449.0,4.86921,13.7404,6.9536,0.001134,,6.9536,LS_only,0.002725,0,Very_Low
230070232,3157.0,5.03476,13.744,0.8596,0.000772,,0.8596,LS_only,0.001828,0,Very_Low
468297427,3107.0,5.07341,13.7456,6.0811,0.002976,13.25,13.25,Harmonic_Corrected,0.004095,2,Medium
323057249,2880.0,5.19722,13.7486,0.6607,0.000671,,0.6607,LS_only,0.001985,0,Very_Low
230130756,3343.0,4.90577,13.7487,7.6459,0.000976,,7.6459,LS_only,0.001794,0,Very_Low
116405799,3142.0,4.96514,13.7488,4.5259,0.016451,4.1667,4.5259,Match,0.023003,3,High
331613889,3312.0,4.84389,13.749,5.6649,0.005,,5.6649,LS_only,0.011465,1,Low
258955379,3279.0,4.9361,13.7496,1.8063,0.001978,,1.8063,LS_only,0.003238,0,Very_Low
302319007,3431.0,4.85437,13.751,6.5625,0.002034,,6.5625,LS_only,0.003683,0,Very_Low
12557102,3359.0,4.92463,13.7515,3.4729,0.01586,3.3333,3.4729,Match,0.012944,3,High
104028939,3227.0,4.92851,13.7518,6.5625,0.006311,6.1667,6.5625,Match,0.00626,3,High
312339432,3256.0,4.8696,13.7521,0.5871,0.002998,1.0833,1.0833,Harmonic_Corrected,0.00558,2,Medium
229647609,2876.0,5.15987,13.754,11.8876,0.000987,,11.8876,LS_only,0.001922,0,Very_Low
258388931,3315.0,4.95447,13.7563,6.5361,0.001422,,6.5361,LS_only,0.002283,0,Very_Low
219797811,3110.0,4.93689,13.7568,6.1475,0.000538,,6.1475,LS_only,0.001971,0,Very_Low
232636705,3273.0,4.92874,13.7578,8.428,0.00099,,8.428,LS_only,0.002067,0,Very_Low
77632226,3222.0,5.03153,13.759,2.6884,0.000689,,2.6884,LS_only,0.001892,0,Very_Low
198161600,3254.0,4.92298,13.7612,2.7526,0.000726,,2.7526,LS_only,0.002098,0,Very_Low
354383554,3205.0,4.93638,13.7621,7.0066,0.002054,,7.0066,LS_only,0.003769,0,Very_Low
312757946,3344.0,4.89103,13.7621,6.2518,0.002734,11.25,6.2518,Match,0.004197,2,Medium
422984871,3425.0,4.88767,13.7624,6.9802,0.004738,13.1667,13.1667,Harmonic_Corrected,0.00782,2,Medium
359125320,3483.0,4.87287,13.7628,4.582,0.001493,,4.582,LS_only,0.004395,0,Very_Low
233581013,3268.0,5.04943,13.7636,15.0,0.00096,,15.0,LS_only,0.002348,0,Very_Low
388606196,3123.0,5.09024,13.7645,4.4577,0.001086,,4.4577,LS_only,0.002298,0,Very_Low
383553291,3243.0,5.0079,13.7646,7.3404,0.000683,,7.3404,LS_only,0.001833,0,Very_Low
229752332,3392.0,4.96351,13.7666,2.1768,0.001894,,2.1768,LS_only,0.00367,0,Very_Low
288679419,3202.0,5.01129,13.7672,6.2,0.001055,,6.2,LS_only,0.002171,0,Very_Low
377146803,3150.0,4.88418,13.7698,4.2323,0.002724,,4.2323,LS_only,0.014504,1,Low
284718224,3269.0,4.87966,13.7698,11.9577,0.001732,,11.9577,LS_only,0.004385,0,Very_Low
470124628,3156.0,5.04396,13.7711,2.3558,0.00115,,2.3558,LS_only,0.001986,0,Very_Low
359590853,3391.0,4.87818,13.7713,4.2537,0.003919,4.25,4.2537,Match,0.006888,3,High
329351663,3191.0,5.0282,13.7724,2.2837,0.000418,,2.2837,LS_only,0.001453,0,Very_Low
449992895,3264.0,4.92188,13.7752,0.5804,0.021222,1.1667,1.1667,Harmonic_Corrected,0.026911,2,Medium
229748447,3137.0,4.98028,13.7769,4.4805,0.001164,4.5833,4.4805,Match,0.001876,2,Medium
245673216,3178.0,4.92728,13.7777,4.5146,0.004536,,4.5146,LS_only,0.007361,1,Low
331864202,3461.0,4.8874,13.7793,10.8247,0.005297,0.6667,10.8247,Match,0.00625,2,Medium
436842568,3148.0,5.03502,13.78,4.9535,0.004127,,4.9535,LS_only,0.006259,1,Low
46617192,3114.0,5.16086,13.7801,6.9669,0.001864,,6.9669,LS_only,0.004122,0,Very_Low
461407860,3451.0,4.91079,13.7801,4.9535,0.00073,,4.9535,LS_only,0.001977,0,Very_Low
336166366,3267.0,5.03459,13.7808,8.494,0.001322,,8.494,LS_only,0.002788,0,Very_Low
355824390,3204.0,4.96852,13.7818,2.2464,0.000838,,2.2464,LS_only,0.002577,0,Very_Low
10344880,3306.0,4.98555,13.782,2.1827,0.004001,,2.1827,LS_only,0.006955,1,Low
196947528,3369.0,5.06575,13.7854,6.5888,0.002595,,6.5888,LS_only,0.006242,1,Low
256203362,3399.0,4.9455,13.7862,6.6019,0.001722,,6.6019,LS_only,0.002907,0,Very_Low
470680781,3169.0,4.96398,13.7862,1.9335,0.003571,1.9167,1.9335,Match,0.003454,3,High
279354493,3126.0,5.05395,13.7864,0.8003,0.014909,0.8333,0.8003,Match,0.015147,3,High
400196350,3382.0,4.95857,13.7871,1.3984,0.006139,,1.3984,LS_only,0.015776,1,Low
327371432,3355.0,4.9084,13.7874,6.9934,0.006467,0.9167,6.9934,Match,0.009747,2,Medium
441795882,3284.0,4.91876,13.7876,1.3834,0.005728,1.4167,1.3834,Match,0.005877,3,High
434724031,3329.0,4.91341,13.7911,4.243,0.0027,12.9167,4.243,Match,0.005465,2,Medium
251168487,3445.0,4.91338,13.7932,4.5146,0.031635,4.5833,4.5146,Match,0.04038,3,High
240780256,3486.0,4.876,13.7937,4.5596,0.00106,,4.5596,LS_only,0.002685,0,Very_Low
263970449,3187.0,5.02148,13.7938,13.2803,0.002183,13.1667,13.2803,Match,0.002758,2,Medium
316739971,3808.0,4.83383,13.794,0.5219,0.003033,1.5833,0.5219,Match,0.003949,2,Medium
312766930,3387.0,4.88653,13.795,10.8673,0.011462,,10.8673,LS_only,0.019728,1,Low
427549514,3397.0,4.87435,13.7963,6.9934,0.00771,12.9167,12.9167,Harmonic_Corrected,0.011095,2,Medium
353020366,3531.0,4.85149,13.7979,3.4729,0.002097,,3.4729,LS_only,0.005151,0,Very_Low
307596760,3144.0,5.06455,13.7989,4.0329,0.005612,,4.0329,LS_only,0.011853,1,Low
427319894,3391.0,4.89709,13.8005,3.3825,0.000683,,3.3825,LS_only,0.002062,0,Very_Low
279612484,3444.0,4.90039,13.8031,5.9497,0.00105,,5.9497,LS_only,0.002565,0,Very_Low
237215076,3362.0,4.88875,13.8039,6.226,0.000992,,6.226,LS_only,0.002339,0,Very_Low
370061982,3371.0,4.85259,13.8047,4.3899,0.001648,,4.3899,LS_only,0.004006,0,Very_Low
13029647,3310.0,4.86842,13.805,1.3507,0.015853,1.3333,1.3507,Match,0.018851,3,High
237297785,3233.0,4.86454,13.8104,3.5883,0.0027,3.4167,3.5883,Match,0.003135,3,High
378740451,3281.0,5.03932,13.8109,6.9934,0.001158,,6.9934,LS_only,0.0025,0,Very_Low
455968111,3619.0,4.88956,13.8115,1.6461,0.004879,3.25,3.25,Harmonic_Corrected,0.005937,2,Medium
271241950,3225.0,4.96713,13.8115,2.1559,0.011607,4.3333,4.3333,Harmonic_Corrected,0.025885,2,Medium
441728533,3275.0,4.93024,13.8119,3.7945,0.002596,,3.7945,LS_only,0.004259,1,Low
116370391,3339.0,4.98966,13.8137,6.9669,0.002266,13.1667,13.1667,Harmonic_Corrected,0.004411,1,Low
298732529,3869.0,4.69452,13.8156,1.2148,0.000632,,1.2148,LS_only,0.001923,0,Very_Low
384837738,3321.0,4.90907,13.8162,6.5493,0.001699,,6.5493,LS_only,0.003162,0,Very_Low
52040900,3398.0,4.88638,13.8177,5.9371,0.003042,13.0,13.0,Harmonic_Corrected,0.005975,2,Medium
237098220,3279.0,4.90001,13.819,1.6423,0.000879,,1.6423,LS_only,0.00216,0,Very_Low
83626245,3426.0,4.86544,13.8201,5.4061,0.004957,,5.4061,LS_only,0.008839,1,Low
358899709,2865.0,5.08286,13.8222,2.2307,0.111602,2.25,2.2307,Match,0.122104,3,High
117489874,2964.0,5.15932,13.8225,4.5146,0.002009,4.5,4.5146,Match,0.003759,2,Medium
274845559,2833.0,5.21767,13.8228,3.0795,0.000979,2.1667,3.0795,Match,0.003119,1,Low
229683420,3368.0,4.9715,13.8231,7.3404,0.000476,,7.3404,LS_only,0.001458,0,Very_Low
83905580,3254.0,4.92601,13.8244,1.9375,0.022783,1.9167,1.9375,Match,0.017917,3,High
312859527,3306.0,4.90303,13.8265,13.2965,0.002779,,13.2965,LS_only,0.005247,1,Low
194731182,3109.0,5.07843,13.8266,11.8513,0.008832,,11.8513,LS_only,0.010121,1,Low
445361507,3277.0,4.99198,13.8273,4.3899,0.001381,,4.3899,LS_only,0.00299,0,Very_Low
264004258,3263.0,4.93989,13.8279,2.1233,0.004762,2.0833,2.1233,Match,0.004245,3,High
199633457,3402.0,4.93974,13.828,2.2628,0.000935,,2.2628,LS_only,0.001991,0,Very_Low
54466185,3324.0,4.85238,13.8282,2.2737,0.002638,,2.2737,LS_only,0.005817,1,Low
219117956,3581.0,4.77828,13.8286,1.8005,0.001239,0.9167,0.9167,Subharmonic_Corrected,0.011556,1,Low
408094624,3295.0,5.08646,13.8288,1.2698,0.00077,,1.2698,LS_only,0.002324,0,Very_Low
307641256,3292.0,4.92705,13.829,3.2151,0.001582,,3.2151,LS_only,0.00316,0,Very_Low
445367562,3048.0,5.0731,13.8314,1.7904,0.001585,,1.7904,LS_only,0.004498,0,Very_Low
233723030,3362.0,4.97296,13.8315,2.6873,0.000886,,2.6873,LS_only,0.001798,0,Very_Low
251124581,3457.0,4.86438,13.8329,4.3568,0.001243,13.0833,4.3568,Match,0.003109,1,Low
104151562,3419.0,4.86838,13.8332,6.9536,0.006032,6.1667,6.9536,Match,0.006744,2,Medium
336538915,3154.0,5.0886,13.8348,3.7108,0.002902,,3.7108,LS_only,0.005514,1,Low
456046063,3295.0,4.86736,13.835,2.2025,0.003034,,2.2025,LS_only,0.007666,1,Low
116762346,3077.0,5.09083,13.8392,2.7193,0.002536,2.9167,2.7193,Match,0.006057,3,High
233086616,3244.0,4.93286,13.8394,4.6505,0.000565,,4.6505,LS_only,0.001401,0,Very_Low
419253016,3238.0,4.98216,13.8398,10.8673,0.001791,,10.8673,LS_only,0.004283,0,Very_Low
82391023,3159.0,5.04361,13.842,9.9176,0.001007,,9.9176,LS_only,0.00225,0,Very_Low
101168822,2962.0,5.0564,13.8431,6.8729,0.005971,,6.8729,LS_only,0.015842,1,Low
283340312,3455.0,4.85314,13.8445,6.9934,0.002781,,6.9934,LS_only,0.004564,1,Low
271333094,3300.0,4.87561,13.8449,11.9748,0.001145,,11.9748,LS_only,0.004052,0,Very_Low
138015953,3195.0,5.03615,13.8464,2.2488,0.001797,,2.2488,LS_only,0.00332,0,Very_Low
199709973,3388.0,4.89505,13.8507,2.5107,0.001209,,2.5107,LS_only,0.003006,0,Very_Low
332259127,3305.0,4.91048,13.8507,4.7545,0.002686,,4.7545,LS_only,0.005501,1,Low
237200343,3683.0,4.76271,13.8518,3.5204,0.001047,,3.5204,LS_only,0.002184,0,Very_Low
12736655,3248.0,4.94643,13.8527,4.5484,0.003588,9.1667,9.1667,Harmonic_Corrected,0.005404,2,Medium
377904044,3476.0,4.89129,13.8528,2.4276,0.001474,0.6667,2.4276,Match,0.0054,1,Low
356821762,3249.0,4.94509,13.8542,1.2121,0.000727,,1.2121,LS_only,0.001686,0,Very_Low
284190375,2873.0,5.14735,13.8546,0.5029,0.004541,1.5,0.5029,Match,0.005493,2,Medium
316448940,3559.0,4.84854,13.8554,1.6909,0.001715,,1.6909,LS_only,0.004723,0,Very_Low
390462915,3442.0,5.04723,13.8563,6.4961,0.008364,13.0,13.0,Harmonic_Corrected,0.009983,2,Medium
35114577,3126.0,5.05295,13.8565,9.9057,0.001814,,9.9057,LS_only,0.003261,0,Very_Low
348441853,3419.0,4.90269,13.858,6.9802,0.002391,0.6667,6.9802,Match,0.003735,2,Medium
83904913,3283.0,4.96206,13.8583,6.6149,0.01605,13.0,13.0,Harmonic_Corrected,0.026522,2,Medium
317028587,3297.0,4.88761,13.8584,1.1538,0.017988,1.1667,1.1538,Match,0.013614,3,High
428524475,3370.0,4.84669,13.8606,5.9497,0.009016,11.5,11.5,Harmonic_Corrected,0.01185,2,Medium
237199416,3576.0,4.90738,13.8609,6.5625,0.001173,,6.5625,LS_only,0.002786,0,Very_Low
13947669,3481.0,4.90021,13.8612,6.9536,0.004125,6.25,6.9536,Match,0.005447,2,Medium
286319958,3447.0,4.84492,13.8619,13.2581,0.003509,,13.2581,LS_only,0.005621,1,Low
314642407,3222.0,5.02224,13.8636,6.9536,0.002382,,6.9536,LS_only,0.003591,1,Low
200924141,2946.0,5.15287,13.8639,11.8966,0.008905,,11.8966,LS_only,0.009827,1,Low
52709033,3497.0,4.86693,13.8661,0.5804,0.001292,,0.5804,LS_only,0.003789,0,Very_Low
192775621,3113.0,5.02149,13.8676,5.146,0.0075,,5.146,LS_only,0.015349,1,Low
219855064,3340.0,4.93445,13.8682,8.2919,0.000751,,8.2919,LS_only,0.001701,0,Very_Low
427515821,3074.0,5.07807,13.8684,0.7517,0.003262,0.75,0.7517,Match,0.003858,3,High
198206211,3274.0,5.04147,13.8704,1.0321,0.000598,,1.0321,LS_only,0.001737,0,Very_Low
233741197,3220.0,4.98472,13.8713,1.0194,0.000437,,1.0194,LS_only,0.001354,0,Very_Low
256604161,3277.0,4.90378,13.8718,1.3378,0.017698,1.3333,1.3378,Match,0.014499,3,High
390896064,3349.0,4.9051,13.8721,3.1453,0.001277,,3.1453,LS_only,0.003223,0,Very_Low
219872288,3160.0,5.12088,13.8728,1.8785,0.001086,13.1667,1.8785,Match,0.002213,1,Low
149851148,3045.0,5.00717,13.8731,0.7517,0.00298,0.75,0.7517,Match,0.003495,3,High
369727001,3422.0,4.99345,13.8753,5.6649,0.00297,,5.6649,LS_only,0.006626,1,Low
316256070,3298.0,4.84846,13.8755,8.4677,0.005706,0.6667,8.4677,Match,0.011479,2,Medium
459982814,3445.0,4.92555,13.877,8.347,0.000684,,8.347,LS_only,0.0017,0,Very_Low
13032558,3396.0,4.90347,13.879,4.2323,0.001924,,4.2323,LS_only,0.003534,0,Very_Low
378941566,3501.0,4.91817,13.8809,5.9371,0.001801,,5.9371,LS_only,0.00377,0,Very_Low
461402004,2958.0,5.13537,13.8813,1.1614,0.003926,1.1667,1.1614,Match,0.00373,3,High
52946662,3429.0,4.92439,13.8826,1.1139,0.01231,1.0833,1.1139,Match,0.013288,3,High
229404121,3064.0,5.12484,13.8826,0.5007,0.005979,1.5,0.5007,Match,0.007016,2,Medium
272221979,3452.0,4.95654,13.884,6.2775,0.003722,,6.2775,LS_only,0.009251,1,Low
434887037,3185.0,4.96481,13.8848,6.6019,0.00136,,6.6019,LS_only,0.003049,0,Very_Low
372790864,3326.0,4.9234,13.8859,6.2389,0.003996,,6.2389,LS_only,0.013898,1,Low
252168107,3412.0,4.89052,13.888,5.6275,0.001786,,5.6275,LS_only,0.0039,0,Very_Low
390465657,2930.0,5.14424,13.8881,6.1475,0.001519,1.4167,6.1475,Match,0.004333,1,Low
259293409,2918.0,5.12506,13.8895,0.5175,0.0026,0.5833,0.5175,Match,0.041999,2,Medium
453179210,3324.0,4.85733,13.8901,2.1494,0.106512,,2.1494,LS_only,0.305909,1,Low
245666884,3385.0,4.88034,13.8903,9.9057,0.001165,,9.9057,LS_only,0.003267,0,Very_Low
250834020,2875.0,5.16763,13.8927,4.3679,0.002015,,4.3679,LS_only,0.003436,0,Very_Low
84156382,3324.0,4.90746,13.8931,1.0576,0.005128,3.1667,1.0576,Match,0.008717,2,Medium
353875121,3346.0,4.92656,13.8937,1.4571,0.000778,,1.4571,LS_only,0.001979,0,Very_Low
470701347,3151.0,5.01998,13.8954,3.1319,0.003654,,3.1319,LS_only,0.006951,1,Low
356975864,3146.0,5.02929,13.8969,0.5592,0.002866,0.5833,0.5592,Match,0.00358,3,High
71843224,3359.0,4.90496,13.8984,2.4133,0.002912,2.4167,2.4133,Match,0.005578,3,High
427730823,3341.0,4.89811,13.8993,10.8673,0.002495,,10.8673,LS_only,0.004097,1,Low
251304029,3226.0,4.89466,13.8994,3.3967,0.001212,,3.3967,LS_only,0.003243,0,Very_Low
312683105,3056.0,4.93583,13.9008,3.27,0.002405,6.3333,6.3333,Harmonic_Corrected,0.003736,2,Medium
232623570,3263.0,4.96391,13.903,9.8571,0.0007,,9.8571,LS_only,0.001852,0,Very_Low
117869811,3280.0,4.88906,13.9058,5.3571,0.000973,,5.3571,LS_only,0.002883,0,Very_Low
312759527,3177.0,4.91508,13.9071,0.9598,0.008263,0.9167,0.9598,Match,0.007201,3,High
428461645,3119.0,5.07492,13.9106,6.5493,0.002853,13.25,13.25,Harmonic_Corrected,0.004955,2,Medium
219114107,3486.0,4.76379,13.9112,1.4209,0.000574,,1.4209,LS_only,0.0017,0,Very_Low
269410039,3220.0,4.95795,13.9136,3.2078,0.001976,13.0833,3.2078,Match,0.004397,1,Low
444079242,2982.0,5.12741,13.915,4.5484,0.009833,4.5833,4.5484,Match,0.013131,3,High
307481596,2966.0,5.09785,13.9151,4.5484,0.002192,,4.5484,LS_only,0.004677,0,Very_Low
116269892,3385.0,4.9197,13.9155,0.8002,0.001527,,0.8002,LS_only,0.004571,0,Very_Low
94368565,2842.0,5.20051,13.9158,7.4077,0.007429,7.1667,7.4077,Match,0.017087,3,High
198459916,3209.0,4.95213,13.9166,7.8273,0.001164,,7.8273,LS_only,0.002215,0,Very_Low
353174032,3416.0,4.96162,13.9167,6.5888,0.00323,,6.5888,LS_only,0.004929,1,Low
22872366,2969.0,5.17394,13.9174,6.2518,0.00267,,6.2518,LS_only,0.011746,1,Low
302554247,3020.0,5.05964,13.9176,6.5757,0.001525,,6.5757,LS_only,0.003274,0,Very_Low
368316557,3299.0,4.88322,13.9181,5.9497,0.001262,,5.9497,LS_only,0.002586,0,Very_Low
470823948,3364.0,4.9099,13.919,6.6149,0.005135,13.0,13.0,Harmonic_Corrected,0.007874,2,Medium
186971331,3015.0,5.08711,13.9191,4.5484,0.001207,1.25,4.5484,Match,0.004329,1,Low
286126698,3083.0,5.10939,13.9192,6.5888,0.00948,,6.5888,LS_only,0.019874,1,Low
232674891,3231.0,4.93951,13.9195,2.2189,0.000954,,2.2189,LS_only,0.002283,0,Very_Low
256695309,3416.0,4.88705,13.9217,6.9403,0.00203,,6.9403,LS_only,0.005184,0,Very_Low
470770119,3370.0,4.94223,13.9222,4.5708,0.005547,,4.5708,LS_only,0.011677,1,Low
312855243,3291.0,4.93087,13.9234,0.8883,0.01963,0.9167,0.8883,Match,0.015342,3,High
237280122,3253.0,4.96509,13.9238,0.7043,0.005281,0.6667,0.7043,Match,0.00482,3,High
398180885,3222.0,4.8648,13.9241,1.3689,0.007237,1.4167,1.3689,Match,0.007088,3,High
259039631,3400.0,4.95011,13.9248,4.4805,0.001463,,4.4805,LS_only,0.003643,0,Very_Low
198185267,3182.0,4.99009,13.9258,0.7384,0.000658,1.25,0.7384,Match,0.006585,1,Low
396489768,3187.0,5.11823,13.9263,3.2881,0.001433,,3.2881,LS_only,0.003246,0,Very_Low
256100539,3513.0,4.88146,13.9266,4.7545,0.003264,,4.7545,LS_only,0.00585,1,Low
462637035,3024.0,5.12195,13.9272,4.4691,0.000657,1.3333,4.4691,Match,0.003202,1,Low
251223959,3327.0,4.91507,13.9301,6.5094,0.003429,13.0833,13.0833,Harmonic_Corrected,0.004925,2,Medium
390929799,3301.0,4.90446,13.9324,6.213,0.001536,,6.213,LS_only,0.003052,0,Very_Low
378527773,3051.0,5.07849,13.9326,0.8399,0.00152,0.75,0.8399,Match,0.005267,1,Low
229685785,3162.0,4.97793,13.9376,1.9076,0.000708,,1.9076,LS_only,0.002054,0,Very_Low
397240111,2982.0,4.88064,13.9382,9.1304,0.003912,0.75,9.1304,Match,0.007078,2,Medium
348517497,3332.0,4.91515,13.9415,4.5484,0.002268,4.9167,4.5484,Match,0.003418,3,High
302314442,3453.0,4.91087,13.942,3.19,0.001368,,3.19,LS_only,0.004399,0,Very_Low
419528058,3227.0,5.05754,13.9426,5.9497,0.004197,,5.9497,LS_only,0.009489,1,Low
444415612,3211.0,5.10948,13.943,6.2647,0.003583,,6.2647,LS_only,0.010442,1,Low
232626766,2828.0,5.21498,13.944,6.4961,0.001446,,6.4961,LS_only,0.002983,0,Very_Low
219855194,3438.0,4.91962,13.9441,4.3886,0.000966,,4.3886,LS_only,0.001838,0,Very_Low
237108542,3140.0,4.99874,13.9472,0.8236,0.005809,0.8333,0.8236,Match,0.004972,3,High
301420530,3382.0,4.89219,13.9489,2.5978,0.000713,,2.5978,LS_only,0.002427,0,Very_Low
399859280,3383.0,5.02579,13.952,13.2637,0.035957,0.6667,13.2637,Match,0.063433,2,Medium
349915897,3213.0,4.93816,13.9526,1.1889,0.001197,,1.1889,LS_only,0.00299,0,Very_Low
417416659,3251.0,5.00445,13.9553,6.5625,0.001082,,6.5625,LS_only,0.002804,0,Very_Low
470915920,3095.0,5.01847,13.9556,0.5187,0.008009,2.0833,0.5187,Match,0.008965,2,Medium
232629531,2954.0,4.9955,13.9557,3.8972,0.002294,,3.8972,LS_only,0.004129,1,Low
316255076,3237.0,4.8653,13.9559,0.8564,0.008377,0.8333,0.8564,Match,0.007713,3,High
462618041,3167.0,5.00336,13.9564,4.1566,0.000867,,4.1566,LS_only,0.00223,0,Very_Low
258393210,3319.0,4.97848,13.9568,2.5978,0.001537,,2.5978,LS_only,0.003313,0,Very_Low
302319320,3216.0,4.99957,13.9588,6.9536,0.007624,7.4167,6.9536,Match,0.009474,3,High
52346658,3379.0,4.87651,13.9608,5.158,0.003364,0.8333,5.158,Match,0.005708,2,Medium
354779608,3266.0,4.89109,13.9617,4.697,0.000946,1.1667,4.697,Match,0.003425,1,Low
347117168,3208.0,5.05049,13.9638,3.1232,0.004104,,3.1232,LS_only,0.009521,1,Low
311704796,3083.0,5.03008,13.9641,11.9577,0.019824,22.9167,22.9167,Harmonic_Corrected,0.029055,2,Medium
397757284,3585.0,4.9073,13.9646,0.6332,0.001714,,0.6332,LS_only,0.004414,0,Very_Low
258353538,3213.0,4.95955,13.9653,7.381,0.002105,,7.381,LS_only,0.004503,0,Very_Low
229961403,3307.0,4.8732,13.9664,4.4577,0.001335,,4.4577,LS_only,0.002616,0,Very_Low
417235334,3275.0,5.07638,13.9666,6.5888,0.003949,,6.5888,LS_only,0.007532,1,Low
348610048,3290.0,4.88007,13.9694,1.6357,0.007247,1.5833,1.6357,Match,0.007377,3,High
317841823,3303.0,4.89193,13.9708,4.0962,0.002262,,4.0962,LS_only,0.004921,0,Very_Low
362259204,3146.0,5.01936,13.9727,1.241,0.000692,1.5833,1.241,Match,0.003393,1,Low
278929939,3293.0,4.95162,13.9736,2.5636,0.003482,,2.5636,LS_only,0.005018,1,Low
441797040,3351.0,4.94797,13.9744,6.7766,0.000916,,6.7766,LS_only,0.001836,0,Very_Low
436924294,2993.0,5.1116,13.9753,0.733,0.001548,,0.733,LS_only,0.002961,0,Very_Low
384836227,3115.0,4.97301,13.9788,4.4919,0.00314,0.5833,4.4919,Match,0.004038,2,Medium
366578561,3222.0,4.98694,13.9797,4.9183,0.003363,5.1667,4.9183,Match,0.003774,3,High
232627499,3304.0,4.95542,13.9802,6.8865,0.001351,7.3333,6.8865,Match,0.002423,2,Medium
50264830,3416.0,4.90186,13.9802,6.5094,0.005991,13.0,13.0,Harmonic_Corrected,0.008327,2,Medium
470680614,3225.0,5.04361,13.9808,10.8031,0.001608,,10.8031,LS_only,0.003685,0,Very_Low
353808664,3215.0,4.95605,13.9814,2.1562,0.006126,2.0833,2.1562,Match,0.005185,3,High
251675820,3397.0,4.85449,13.9832,13.241,0.005035,0.6667,13.241,Match,0.005138,2,Medium
377741026,3275.0,4.9869,13.9833,5.9497,0.001964,,5.9497,LS_only,0.004731,0,Very_Low
403998810,3172.0,5.02581,13.9866,6.5625,0.005264,13.0833,13.0833,Harmonic_Corrected,0.007962,2,Medium
441800183,3036.0,5.03016,13.9905,11.7953,0.003829,,11.7953,LS_only,0.004799,1,Low
470793750,3152.0,4.98473,13.9916,6.2518,0.004436,12.9167,12.9167,Harmonic_Corrected,0.007799,2,Medium
229967136,3177.0,5.04868,13.995,6.4961,0.001084,,6.4961,LS_only,0.003004,0,Very_Low
331790172,3286.0,4.92418,13.9971,4.5596,0.005267,0.5833,4.5596,Match,0.007784,2,Medium
252160344,3109.0,4.92837,13.9987,4.5259,0.001894,1.0,4.5259,Match,0.005705,1,Low
349356283,3771.0,4.00176,14.001,4.2565,0.045116,3.5833,4.2565,Match,0.052825,2,Medium
250724292,3046.0,5.07175,14.0021,0.9838,0.212019,1.0,0.9838,Match,0.186777,3,High
320044667,3373.0,4.92772,14.0039,7.4077,0.001501,,7.4077,LS_only,0.004255,0,Very_Low
279702426,3296.0,4.89869,14.0046,1.1846,0.003108,2.3333,2.3333,Harmonic_Corrected,0.004166,2,Medium
470886491,3363.0,4.90016,14.0054,4.3458,0.003007,13.1667,4.3458,Match,0.00584,2,Medium
444525228,3142.0,5.0604,14.0063,4.4008,0.014507,,4.4008,LS_only,0.0506,1,Low
423754588,3392.0,4.9427,14.0064,2.8776,0.001793,,2.8776,LS_only,0.0046,0,Very_Low
377739624,3213.0,5.01438,14.007,11.9663,0.001807,,11.9663,LS_only,0.004044,0,Very_Low
26397483,3074.0,5.08726,14.008,2.9741,0.001934,,2.9741,LS_only,0.004775,0,Very_Low
275905642,3235.0,4.98461,14.0087,9.8936,0.002517,,9.8936,LS_only,0.004539,1,Low
427595864,2902.0,5.18111,14.0098,2.894,0.003029,2.8333,2.894,Match,0.003754,3,High
230129085,3445.0,4.93548,14.0106,3.0184,0.000722,,3.0184,LS_only,0.002004,0,Very_Low
406682981,3466.0,4.93115,14.0134,2.3184,0.000751,,2.3184,LS_only,0.002205,0,Very_Low
229738761,3311.0,5.03934,14.0149,4.4805,0.001286,,4.4805,LS_only,0.002052,0,Very_Low
278927817,3506.0,4.91284,14.015,4.3789,0.003666,,4.3789,LS_only,0.007842,1,Low
12317692,3429.0,4.95663,14.0151,6.5888,0.006047,0.8333,6.5888,Match,0.007685,2,Medium
369149241,3339.0,4.91851,14.0159,4.743,0.002042,,4.743,LS_only,0.005642,0,Very_Low
399514856,3230.0,4.91787,14.0182,3.2167,0.002518,,3.2167,LS_only,0.007442,1,Low
289622264,3140.0,4.97977,14.0236,7.2302,0.001283,,7.2302,LS_only,0.002861,0,Very_Low
199712635,3274.0,4.95753,14.0253,4.6505,0.000956,,4.6505,LS_only,0.002377,0,Very_Low
427805488,3422.0,4.8936,14.0263,8.52,0.002967,,8.52,LS_only,0.004685,1,Low
354781866,3405.0,4.93889,14.0283,1.2995,0.000916,,1.2995,LS_only,0.002761,0,Very_Low
232613473,3349.0,4.96127,14.0285,5.7955,0.00123,,5.7955,LS_only,0.002153,0,Very_Low
345923704,3154.0,4.92139,14.0294,6.9269,0.00318,,6.9269,LS_only,0.005321,1,Low
376160620,3337.0,4.93609,14.0341,0.6861,0.001018,,0.6861,LS_only,0.0032,0,Very_Low
117400908,3168.0,4.95867,14.0345,0.7492,0.003937,0.75,0.7492,Match,0.006002,3,High
381683192,3172.0,5.08472,14.0351,3.1989,0.001365,,3.1989,LS_only,0.002935,0,Very_Low
165555377,3162.0,5.01633,14.0351,0.942,0.000734,1.1667,0.942,Match,0.009083,1,Low
376639372,3228.0,4.91599,14.0356,4.5596,0.002152,,4.5596,LS_only,0.005837,0,Very_Low
198211921,3037.0,5.06475,14.0363,1.4516,0.000604,,1.4516,LS_only,0.002136,0,Very_Low
196815186,3050.0,5.03447,14.0374,10.8355,0.016038,1.5833,10.8355,Match,0.027527,2,Medium
229938135,3194.0,5.04583,14.0378,3.4063,0.001997,1.3333,3.4063,Match,0.007114,1,Low
390244570,3115.0,5.00658,14.0388,0.878,0.004012,0.8333,0.878,Match,0.007331,3,High
379373793,3169.0,4.94518,14.0405,2.2669,0.001731,,2.2669,LS_only,0.004409,0,Very_Low
441763040,3319.0,5.07338,14.0405,5.1305,0.001323,,5.1305,LS_only,0.002594,0,Very_Low
50612147,3315.0,4.93028,14.0407,4.6622,0.002716,0.5833,4.6622,Match,0.005245,2,Medium
307986571,3197.0,4.97366,14.0452,4.1129,0.002948,3.75,4.1129,Match,0.003229,3,High
302234738,3476.0,4.91147,14.0489,4.5259,0.001867,,4.5259,LS_only,0.004255,0,Very_Low
396200029,3493.0,4.92107,14.0494,7.0197,0.001668,,7.0197,LS_only,0.004179,0,Very_Low
280026986,3272.0,4.89663,14.0499,7.381,0.001792,,7.381,LS_only,0.005138,0,Very_Low
354923390,3303.0,4.9145,14.052,0.906,0.003783,0.8333,0.906,Match,0.005121,3,High
427547568,3344.0,5.03678,14.0521,1.8465,0.001052,,1.8465,LS_only,0.003008,0,Very_Low
219869957,2899.0,5.18472,14.0527,1.1229,0.000597,,1.1229,LS_only,0.002042,0,Very_Low
229639589,3217.0,4.99288,14.0548,1.5509,0.005525,1.5,1.5509,Match,0.004855,3,High
312978919,3420.0,4.92764,14.0553,0.6298,0.001384,,0.6298,LS_only,0.005059,0,Very_Low
235904250,3192.0,5.05925,14.0573,13.2857,0.002317,,13.2857,LS_only,0.003508,1,Low
428068903,3273.0,4.93874,14.0608,2.6055,0.006258,2.6667,2.6055,Match,0.008707,3,High
275587871,3107.0,5.02261,14.0614,2.1628,0.005108,,2.1628,LS_only,0.01108,1,Low
229675483,3190.0,5.01753,14.0616,4.1658,0.041138,3.9167,4.1658,Match,0.048929,3,High
250585105,2844.0,5.2014,14.0618,13.3019,0.001796,,13.3019,LS_only,0.005252,0,Very_Low
247015575,3073.0,5.09545,14.064,7.0066,0.001804,1.5,7.0066,Match,0.004568,1,Low
348307720,3149.0,4.94158,14.0642,6.5888,0.001172,,6.5888,LS_only,0.003783,0,Very_Low
198356514,3229.0,5.05427,14.0649,3.6216,0.002101,,3.6216,LS_only,0.003938,0,Very_Low
353732913,3044.0,5.08068,14.0658,2.0167,0.004958,2.0,2.0167,Match,0.005253,3,High
265006087,3347.0,4.87471,14.0662,3.4254,0.001465,,3.4254,LS_only,0.002895,0,Very_Low
372123313,3249.0,4.94616,14.0689,0.5709,0.00082,,0.5709,LS_only,0.003072,0,Very_Low
420504785,3375.0,4.90785,14.0694,3.3639,0.004137,,3.3639,LS_only,0.008582,1,Low
404002290,3083.0,5.14339,14.0697,1.6536,0.001411,,1.6536,LS_only,0.004495,0,Very_Low
399080841,3392.0,4.91542,14.071,11.9577,0.001675,,11.9577,LS_only,0.003697,0,Very_Low
387288928,3217.0,5.00881,14.0738,1.5144,0.002847,1.6667,1.5144,Match,0.004083,2,Medium
245593214,3296.0,4.93552,14.0757,4.5259,0.001855,,4.5259,LS_only,0.003494,0,Very_Low
279383516,2920.0,5.12266,14.0778,7.0197,0.002961,,7.0197,LS_only,0.006538,1,Low
420110756,3159.0,5.02093,14.0779,1.7736,0.01092,1.75,1.7736,Match,0.008623,3,High
403741421,3134.0,5.0515,14.0786,4.3568,0.002386,,4.3568,LS_only,0.005009,1,Low
229586208,3485.0,4.86587,14.0787,3.7193,0.001002,,3.7193,LS_only,0.002429,0,Very_Low
422305731,3112.0,5.10371,14.0793,4.0857,0.00175,0.5833,4.0857,Match,0.003681,1,Low
428395907,3262.0,4.92501,14.0828,4.5259,0.002032,,4.5259,LS_only,0.005292,0,Very_Low
449931435,3237.0,5.10381,14.0834,4.0751,0.00131,,4.0751,LS_only,0.003778,0,Very_Low
219773223,3171.0,4.97107,14.0838,6.1475,0.000911,1.3333,6.1475,Match,0.004569,1,Low
230052579,3299.0,4.9047,14.0853,6.1607,0.004961,13.25,13.25,Harmonic_Corrected,0.006234,2,Medium
399265788,3275.0,5.00324,14.0861,10.8462,0.005483,,10.8462,LS_only,0.008469,1,Low
424461841,3234.0,4.95744,14.0861,1.274,0.002306,2.5,2.5,Harmonic_Corrected,0.002943,2,Medium
455959622,3156.0,5.05843,14.0864,2.5311,0.023429,2.5,2.5311,Match,0.021656,3,High
418256384,2865.0,5.08496,14.0904,3.0343,0.004031,9.0833,3.0343,Match,0.00716,2,Medium
198279711,3331.0,4.96129,14.0907,2.6551,0.001067,,2.6551,LS_only,0.002299,0,Very_Low
230131630,3099.0,5.03156,14.0918,1.3898,0.002741,1.4167,1.3898,Match,0.003861,3,High
235941309,3355.0,5.00299,14.0938,1.9456,0.000815,,1.9456,LS_only,0.002594,0,Very_Low
433206515,3168.0,5.11006,14.0945,3.4824,0.002231,13.5833,3.4824,Match,0.003615,1,Low
422534144,3355.0,4.96435,14.0945,2.1559,0.006607,,2.1559,LS_only,0.016243,1,Low
280564453,3248.0,4.95246,14.0951,3.0795,0.007235,3.4167,3.0795,Match,0.008754,2,Medium
470844637,3197.0,4.98819,14.0961,1.6286,0.004242,1.5833,1.6286,Match,0.005735,3,High
82375858,3738.0,5.02271,14.0987,2.5636,0.000744,,2.5636,LS_only,0.002805,0,Very_Low
353382602,3217.0,4.98089,14.1025,6.9802,0.002967,,6.9802,LS_only,0.006896,1,Low
283028124,3137.0,5.04182,14.1031,11.9748,0.01106,1.25,11.9748,Match,0.014413,2,Medium
279755674,3340.0,4.92989,14.1037,4.7545,0.001234,,4.7545,LS_only,0.00285,0,Very_Low
376839546,3303.0,4.92637,14.1038,2.7511,0.002938,2.75,2.7511,Match,0.003457,3,High
229671667,3047.0,5.07079,14.1055,13.1818,0.003721,1.25,13.1818,Match,0.009825,2,Medium
34690309,3080.0,5.09169,14.1062,2.5015,0.001663,,2.5015,LS_only,0.003062,0,Very_Low
351689774,3388.0,4.91877,14.1072,5.9497,0.004258,,5.9497,LS_only,0.009464,1,Low
53799750,3324.0,4.89518,14.1076,5.9497,0.003167,,5.9497,LS_only,0.006697,1,Low
397281519,3308.0,4.95899,14.1094,6.5493,0.002685,12.9167,12.9167,Harmonic_Corrected,0.003883,2,Medium
269048046,3101.0,5.05002,14.1112,1.2341,0.015452,1.25,1.2341,Match,0.012469,3,High
279275428,2897.0,5.09496,14.1141,6.6149,0.005071,,6.6149,LS_only,0.009134,1,Low
351685943,2857.0,5.19848,14.1156,1.4322,0.002366,,1.4322,LS_only,0.005113,1,Low
400383504,3278.0,4.97993,14.1165,11.9748,0.022607,,11.9748,LS_only,0.037869,1,Low
237280949,3260.0,4.97913,14.1172,7.3944,0.001589,,7.3944,LS_only,0.003319,0,Very_Low
12636496,3041.0,4.97324,14.1183,6.5888,0.002786,13.0833,13.0833,Harmonic_Corrected,0.005903,2,Medium
272759551,3299.0,4.99781,14.1199,3.9796,0.001439,,3.9796,LS_only,0.003423,0,Very_Low
305047814,3373.0,4.92839,14.1249,5.64,0.002882,,5.64,LS_only,0.005982,1,Low
329172170,3231.0,4.98027,14.1303,3.5496,0.000887,,3.5496,LS_only,0.002243,0,Very_Low
198184195,3189.0,5.01312,14.1312,1.4388,0.00097,,1.4388,LS_only,0.002485,0,Very_Low
233158114,3081.0,5.11134,14.1332,1.6694,0.000821,,1.6694,LS_only,0.002484,0,Very_Low
232649213,3337.0,4.94566,14.1349,3.75,0.003771,3.75,3.75,Match,0.004094,3,High
445275373,3251.0,4.9262,14.1358,13.2965,0.002051,0.5833,13.2965,Match,0.004186,1,Low
34713291,2930.0,5.14126,14.1364,7.9346,0.001386,7.6667,7.9346,Match,0.003595,2,Medium
368799288,3389.0,4.95233,14.1375,2.1893,0.001698,,2.1893,LS_only,0.004693,0,Very_Low
298663983,2824.0,5.14915,14.1396,6.8865,0.001189,13.0,13.0,Harmonic_Corrected,0.002899,1,Low
427654774,3453.0,4.95337,14.1431,0.8679,0.001156,,0.8679,LS_only,0.003376,0,Very_Low
252140399,3480.0,4.93074,14.1452,4.7085,0.001053,,4.7085,LS_only,0.00327,0,Very_Low
347768629,3350.0,5.00742,14.1476,4.5484,0.005168,,4.5484,LS_only,0.009318,1,Low
301102220,3064.0,5.19629,14.1481,11.9492,0.011283,0.5833,11.9492,Match,0.014161,2,Medium
252106306,3262.0,4.97943,14.1491,11.9318,0.002512,0.5833,11.9318,Match,0.00664,2,Medium
403332352,3182.0,5.07069,14.1503,2.7844,0.001551,,2.7844,LS_only,0.003179,0,Very_Low
229594485,3541.0,4.79556,14.1531,1.5101,0.001016,,1.5101,LS_only,0.002282,0,Very_Low
376893250,3311.0,4.94624,14.1536,6.2518,0.001893,,6.2518,LS_only,0.004047,0,Very_Low
417764892,3068.0,5.13293,14.1543,3.7906,0.001344,,3.7906,LS_only,0.00374,0,Very_Low
368028470,3192.0,4.93532,14.1566,7.0197,0.001613,,7.0197,LS_only,0.003556,0,Very_Low
279505864,3220.0,5.00787,14.1574,6.5625,0.001387,,6.5625,LS_only,0.003723,0,Very_Low
441737276,3306.0,4.93312,14.158,4.2678,0.001916,,4.2678,LS_only,0.003453,0,Very_Low
285329872,3490.0,4.92626,14.1594,6.2518,0.002492,1.3333,6.2518,Match,0.006598,2,Medium
406890982,3282.0,5.01588,14.1641,4.4118,0.007116,13.0,4.4118,Match,0.010311,2,Medium
10352533,3339.0,5.00757,14.1645,4.7315,0.004212,,4.7315,LS_only,0.008267,1,Low
233093016,3140.0,5.00106,14.166,4.6505,0.000943,,4.6505,LS_only,0.001866,0,Very_Low
251699775,3166.0,5.01856,14.1671,2.1362,0.010342,2.0833,2.1362,Match,0.008977,3,High
252187722,3386.0,4.95784,14.1674,0.6954,0.003725,1.3333,1.3333,Harmonic_Corrected,0.010034,2,Medium
428049644,3586.0,4.93119,14.1675,6.5493,0.002418,,6.5493,LS_only,0.003549,1,Low
237205845,3333.0,5.01237,14.1677,6.1607,0.000653,,6.1607,LS_only,0.002114,0,Very_Low
377784275,3312.0,5.00226,14.1689,4.5146,0.000955,,4.5146,LS_only,0.002591,0,Very_Low
251620020,3250.0,4.94366,14.172,11.8876,0.003609,13.0833,11.8876,Match,0.004689,2,Medium
387446084,3010.0,5.06278,14.174,0.5081,0.02126,1.5,0.5081,Match,0.045649,2,Medium
229440959,2912.0,5.19739,14.1741,4.3125,0.001828,,4.3125,LS_only,0.003682,0,Very_Low
459979984,3224.0,4.98567,14.1761,11.8696,0.002467,,11.8696,LS_only,0.005547,1,Low
316323479,3265.0,4.90022,14.1764,6.9,0.002112,,6.9,LS_only,0.003838,0,Very_Low
264552945,3442.0,4.93587,14.1765,6.9802,0.009041,0.5833,6.9802,Match,0.012185,2,Medium
403329630,3401.0,4.97956,14.1772,1.0896,0.000876,,1.0896,LS_only,0.002788,0,Very_Low
392571933,3112.0,5.00685,14.1774,0.7432,0.002838,,0.7432,LS_only,0.014417,1,Low
116374417,3288.0,5.05992,14.1776,1.4536,0.001476,1.0833,1.4536,Match,0.005118,1,Low
198393987,3235.0,5.0012,14.1816,0.7248,0.001034,,0.7248,LS_only,0.002872,0,Very_Low
407018466,3203.0,4.91678,14.1849,3.4918,0.013944,,3.4918,LS_only,0.028886,1,Low
259109553,3326.0,4.99333,14.1851,2.2105,0.003773,,2.2105,LS_only,0.006254,1,Low
461579405,2977.0,5.17698,14.1856,0.5466,0.002324,9.1667,0.5466,Match,0.005842,2,Medium
302320021,3142.0,5.04206,14.1865,2.6055,0.002763,,2.6055,LS_only,0.005488,1,Low
251330992,3461.0,4.90793,14.1865,4.3014,0.001548,,4.3014,LS_only,0.003566,0,Very_Low
316327179,3331.0,5.01822,14.187,6.1738,0.004566,13.0833,13.0833,Harmonic_Corrected,0.006992,2,Medium
456211507,3370.0,4.94124,14.1876,2.2189,0.00166,,2.2189,LS_only,0.004257,0,Very_Low
403592677,3187.0,5.07878,14.1885,3.5593,0.011716,,3.5593,LS_only,0.015997,1,Low
219108771,3632.0,4.70032,14.192,0.5518,0.000671,,0.5518,LS_only,0.002181,0,Very_Low
288471156,3132.0,5.00263,14.1939,0.6755,0.006273,0.6667,0.6755,Match,0.005548,3,High
256483564,3139.0,5.09291,14.1949,2.2906,0.002134,,2.2906,LS_only,0.004627,0,Very_Low
272786822,3260.0,4.97128,14.1959,0.8964,0.001555,0.9167,0.8964,Match,0.003707,2,Medium
403335239,3036.0,5.13137,14.2036,6.5625,0.001105,,6.5625,LS_only,0.003441,0,Very_Low
237279259,3155.0,5.0426,14.2037,4.5146,0.000864,,4.5146,LS_only,0.001974,0,Very_Low
456235462,3032.0,4.92236,14.2077,5.8861,0.003334,,5.8861,LS_only,0.007364,1,Low
348527878,3490.0,4.94277,14.209,6.9802,0.001799,,6.9802,LS_only,0.004,0,Very_Low
11155110,3163.0,5.00056,14.2108,2.1827,0.002766,,2.1827,LS_only,0.005954,1,Low
458787579,3200.0,4.93092,14.2115,2.2173,0.00169,,2.2173,LS_only,0.004231,0,Very_Low
331516484,3250.0,4.92222,14.2134,0.5521,0.001288,,0.5521,LS_only,0.004349,0,Very_Low
384813753,3275.0,5.03127,14.2146,3.5106,0.012212,3.4167,3.5106,Match,0.010912,3,High
332805874,3151.0,5.04931,14.2196,4.5708,0.005958,,4.5708,LS_only,0.010304,1,Low
368447947,3118.0,4.95236,14.2199,3.701,0.003548,3.4167,3.701,Match,0.004547,3,High
453185185,3332.0,4.93144,14.2226,6.5757,0.005167,,6.5757,LS_only,0.009745,1,Low
138017101,3555.0,4.74939,14.2252,2.8195,0.002276,,2.8195,LS_only,0.005246,1,Low
428119628,3184.0,5.07719,14.2259,4.9301,0.025255,4.8333,4.9301,Match,0.032132,3,High
367866417,3194.0,5.13977,14.2315,2.1429,0.002379,12.6667,2.1429,Match,0.004712,2,Medium
269411609,3259.0,4.97278,14.2328,0.9661,0.005151,,0.9661,LS_only,0.012758,1,Low
219429730,3142.0,5.00392,14.2335,1.4758,0.00107,,1.4758,LS_only,0.003056,0,Very_Low
233053168,3230.0,5.03508,14.2339,3.8764,0.00093,,3.8764,LS_only,0.002063,0,Very_Low
336007738,3295.0,4.98658,14.2373,2.1768,0.000671,,2.1768,LS_only,0.00223,0,Very_Low
428615158,3279.0,5.02185,14.2397,6.9934,0.00367,12.9167,12.9167,Harmonic_Corrected,0.005895,2,Medium
280252832,3159.0,5.02253,14.2426,3.27,0.010218,,3.27,LS_only,0.019587,1,Low
251566922,3285.0,4.91845,14.2427,8.3742,0.003707,,8.3742,LS_only,0.005746,1,Low
233093251,3070.0,5.02828,14.2429,5.8475,0.010831,0.9167,5.8475,Match,0.016186,2,Medium
326555960,3165.0,4.96396,14.243,11.9663,0.014133,0.5833,11.9663,Match,0.026134,2,Medium
233529981,3019.0,5.08525,14.2434,11.8876,0.002975,,11.8876,LS_only,0.004389,1,Low
10161517,3349.0,5.02706,14.2435,6.5888,0.001532,,6.5888,LS_only,0.00399,0,Very_Low
237294011,3089.0,5.10789,14.2443,0.8787,0.002679,0.9167,0.8787,Match,0.003329,3,High
245631575,3266.0,4.93887,14.2504,4.5371,0.004538,4.3333,4.5371,Match,0.005873,3,High
198241412,3348.0,5.03756,14.2525,7.6744,0.000961,,7.6744,LS_only,0.002301,0,Very_Low
428072322,3156.0,4.98842,14.2536,4.697,0.004036,0.75,4.697,Match,0.006501,2,Medium
289580896,3309.0,5.01365,14.2552,3.6016,0.00119,,3.6016,LS_only,0.003536,0,Very_Low
370275499,3352.0,5.00258,14.2603,4.5708,0.011375,0.5833,4.5708,Match,0.017241,2,Medium
410553678,3141.0,5.11669,14.2617,7.4211,0.009401,1.0,7.4211,Match,0.010977,2,Medium
365940651,3015.0,4.97145,14.2647,5.9623,0.002331,,5.9623,LS_only,0.006889,1,Low
302232843,3272.0,4.91622,14.2648,7.381,0.001453,,7.381,LS_only,0.004113,0,Very_Low
230120392,3417.0,4.99986,14.2686,4.5086,0.001053,,4.5086,LS_only,0.002209,0,Very_Low
81599319,3226.0,4.98602,14.271,0.8262,0.001575,,0.8262,LS_only,0.004131,0,Very_Low
219877921,3117.0,5.06535,14.2728,0.5038,0.000732,,0.5038,LS_only,0.002262,0,Very_Low
219795029,2910.0,5.07499,14.2741,1.9541,0.000717,1.8333,1.9541,Match,0.002997,2,Medium
322344303,3313.0,4.93414,14.2752,1.9315,0.012093,2.0,1.9315,Match,0.016883,3,High
256660138,3195.0,5.08303,14.276,1.0097,0.003615,,1.0097,LS_only,0.005188,1,Low
117174061,3375.0,4.9376,14.2762,2.861,0.003016,,2.861,LS_only,0.006528,1,Low
270322989,3296.0,4.99472,14.2785,1.8236,0.001579,,1.8236,LS_only,0.004647,0,Very_Low
178175233,2821.0,5.24434,14.2799,11.8876,0.005915,,11.8876,LS_only,0.007824,1,Low
272954647,3313.0,4.95898,14.2801,4.243,0.003765,13.0,4.243,Match,0.007223,2,Medium
428011503,3309.0,4.98947,14.2846,0.9475,0.000951,,0.9475,LS_only,0.003131,0,Very_Low
406927845,3365.0,5.03317,14.2865,4.4691,0.001913,,4.4691,LS_only,0.003133,0,Very_Low
301470594,3468.0,4.9767,14.2876,4.0541,0.004665,0.5833,4.0541,Match,0.009141,2,Medium
369035231,3356.0,4.92201,14.2886,4.3899,0.003425,,4.3899,LS_only,0.007027,1,Low
370426230,3447.0,4.94685,14.2918,2.3253,0.003727,,2.3253,LS_only,0.009095,1,Low
279848329,3409.0,4.91286,14.2919,7.381,0.004659,,7.381,LS_only,0.007556,1,Low
280252833,3014.0,4.99929,14.2924,3.27,0.012443,,3.27,LS_only,0.023927,1,Low
252188288,3070.0,5.11345,14.2934,7.3944,0.002594,,7.3944,LS_only,0.005769,1,Low
312346686,3206.0,4.93779,14.295,1.0507,0.013102,1.0,1.0507,Match,0.014271,3,High
77258640,3038.0,5.1217,14.2979,6.9934,0.007475,13.5833,13.5833,Harmonic_Corrected,0.01044,2,Medium
13081444,3174.0,5.04085,14.2981,2.6728,0.005729,5.3333,5.3333,Harmonic_Corrected,0.007761,2,Medium
357595938,3385.0,5.04354,14.3,1.3538,0.000831,,1.3538,LS_only,0.002375,0,Very_Low
301576113,3193.0,4.95044,14.3011,2.861,0.004607,2.8333,2.861,Match,0.006635,3,High
104142831,3058.0,5.02712,14.3043,7.381,0.003175,,7.381,LS_only,0.007001,1,Low
285273346,2828.0,5.21874,14.3059,4.9301,0.001174,,4.9301,LS_only,0.002961,0,Very_Low
252157370,2995.0,4.99252,14.3073,0.6357,0.001654,,0.6357,LS_only,0.004906,0,Very_Low
229618806,2973.0,5.09711,14.3091,3.3173,0.008737,,3.3173,LS_only,0.017489,1,Low
390811988,3166.0,5.01976,14.3175,7.2995,0.001854,,7.2995,LS_only,0.00435,0,Very_Low
54365761,3398.0,4.96913,14.3202,0.7048,0.002812,,0.7048,LS_only,0.010474,1,Low
445420119,2949.0,5.15283,14.3214,11.9405,0.006978,,11.9405,LS_only,0.008869,1,Low
311828472,3379.0,4.93417,14.3216,3.1232,0.009451,3.0833,3.1232,Match,0.010296,3,High
116846122,3259.0,4.97492,14.3221,0.5495,0.010366,,0.5495,LS_only,0.03092,1,Low
275700229,3341.0,4.96178,14.3279,4.697,0.001178,22.5833,4.697,Match,0.003856,1,Low
458918183,3318.0,4.91856,14.3289,7.3268,0.004428,,7.3268,LS_only,0.008329,1,Low
219112871,3238.0,4.96008,14.3293,5.8345,0.000836,,5.8345,LS_only,0.002204,0,Very_Low
229687980,3144.0,5.0404,14.3304,2.5746,0.002545,1.3333,1.3333,Subharmonic_Corrected,0.013296,2,Medium
298263301,3098.0,5.09616,14.3317,0.548,0.001202,,0.548,LS_only,0.003353,0,Very_Low
198211975,3073.0,5.07213,14.3345,2.1983,0.010171,,2.1983,LS_only,0.019311,1,Low
54124149,3181.0,4.97785,14.3373,1.2978,0.006537,1.3333,1.2978,Match,0.007487,3,High
297689734,3189.0,4.98598,14.3385,2.7273,0.0042,2.6667,2.7273,Match,0.005364,3,High
423463710,2885.0,5.15713,14.3405,6.9802,0.00288,,6.9802,LS_only,0.006129,1,Low
428073438,3221.0,5.01042,14.3411,4.3568,0.00453,,4.3568,LS_only,0.008312,1,Low
315813838,3142.0,5.07881,14.3424,6.1475,0.001835,0.6667,6.1475,Match,0.004612,1,Low
354403452,3654.0,5.09922,14.3442,11.9577,0.003461,,11.9577,LS_only,0.005868,1,Low
313425320,3121.0,5.10672,14.3463,2.0103,0.001183,,2.0103,LS_only,0.00332,0,Very_Low
376869068,3597.0,4.79795,14.3489,1.2825,0.000832,,1.2825,LS_only,0.002669,0,Very_Low
279868584,3184.0,4.97856,14.3511,6.2647,0.001445,,6.2647,LS_only,0.004391,0,Very_Low
245463790,3222.0,4.93572,14.3541,4.5484,0.00244,,4.5484,LS_only,0.00585,1,Low
288600628,3007.0,5.09199,14.3554,4.3458,0.005168,,4.3458,LS_only,0.01021,1,Low
459981365,3323.0,5.06509,14.3557,1.505,0.001101,,1.505,LS_only,0.002747,0,Very_Low
453302410,3073.0,5.07395,14.3557,5.3939,0.001801,0.5833,5.3939,Match,0.005134,1,Low
230089225,3207.0,5.01044,14.3564,1.5587,0.005637,1.5833,1.5587,Match,0.005029,3,High
385439499,3007.0,4.97453,14.3581,6.5094,0.003093,,6.5094,LS_only,0.005772,1,Low
219846107,3128.0,5.04212,14.3605,8.2359,0.001656,,8.2359,LS_only,0.003457,0,Very_Low
230015169,3123.0,5.06564,14.3624,6.4961,0.003602,1.0833,6.4961,Match,0.007007,2,Medium
251724053,3375.0,4.92864,14.3637,11.8513,0.003221,,11.8513,LS_only,0.004586,1,Low
229590038,3026.0,5.04883,14.3681,5.0491,0.007077,,5.0491,LS_only,0.028361,1,Low
240685497,2997.0,5.15791,14.3703,11.9577,0.005701,,11.9577,LS_only,0.016714,1,Low
199525756,2947.0,5.19207,14.3707,3.2151,0.001231,,3.2151,LS_only,0.00325,0,Very_Low
288428941,2863.0,5.1813,14.372,3.3079,0.005699,,3.3079,LS_only,0.00913,1,Low
378736275,3132.0,5.05136,14.3762,3.4918,0.003694,3.5,3.4918,Match,0.005577,3,High
453153946,2985.0,5.15428,14.3777,2.1827,0.003153,,2.1827,LS_only,0.005965,1,Low
359388612,3766.0,5.0142,14.381,6.8865,0.001288,,6.8865,LS_only,0.002729,0,Very_Low
461408880,3135.0,4.99048,14.3815,10.8568,0.001356,,10.8568,LS_only,0.004111,0,Very_Low
302627924,3090.0,4.98023,14.3825,9.1432,0.003571,,9.1432,LS_only,0.006741,1,Low
13270128,2816.0,5.24518,14.3861,6.5757,0.003827,,6.5757,LS_only,0.006822,1,Low
81748349,3133.0,5.06186,14.3876,4.4691,0.00238,13.3333,4.4691,Match,0.004864,2,Medium
319915194,3325.0,5.03382,14.3899,6.6019,0.004599,0.75,6.6019,Match,0.009174,2,Medium
229647650,3087.0,5.08297,14.3903,3.4063,0.004125,,3.4063,LS_only,0.006811,1,Low
286024187,3197.0,5.03599,14.3927,3.6911,0.003268,,3.6911,LS_only,0.008483,1,Low
441742587,3081.0,5.06977,14.3933,0.8475,0.003444,0.8333,0.8475,Match,0.004341,3,High
256202705,3301.0,4.99688,14.3936,13.3125,0.013252,0.5833,13.3125,Match,0.036707,2,Medium
252816252,2900.0,5.20796,14.3949,2.7273,0.002208,,2.7273,LS_only,0.006157,0,Very_Low
233087395,3174.0,5.10628,14.3957,1.4619,0.000559,,1.4619,LS_only,0.002041,0,Very_Low
399738642,3034.0,5.12536,14.3966,9.0133,0.001924,,9.0133,LS_only,0.004519,0,Very_Low
245397943,3337.0,4.93324,14.3973,6.5757,0.003957,,6.5757,LS_only,0.00955,1,Low
302686048,3114.0,5.04178,14.3992,8.4677,0.0031,,8.4677,LS_only,0.008451,1,Low
286219030,3391.0,4.99907,14.3996,6.4961,0.014895,0.75,6.4961,Match,0.017201,2,Medium
198479358,2974.0,5.0886,14.4006,2.0294,0.000939,,2.0294,LS_only,0.002657,0,Very_Low
407055320,3205.0,5.04099,14.4007,3.3063,0.005324,,3.3063,LS_only,0.009625,1,Low
403916066,3085.0,5.00004,14.4012,2.2601,0.00218,1.6667,2.2601,Match,0.011112,1,Low
52945564,3470.0,4.96673,14.4047,6.9934,0.006492,13.1667,13.1667,Harmonic_Corrected,0.009206,2,Medium
376256376,3296.0,5.01545,14.4066,6.5361,0.009221,13.1667,13.1667,Harmonic_Corrected,0.012014,2,Medium
331208511,3318.0,5.00919,14.4108,0.9972,0.001898,,0.9972,LS_only,0.006436,0,Very_Low
285533784,3364.0,4.95416,14.4132,1.4583,0.005287,4.3333,1.4583,Match,0.010157,2,Medium
116889301,3206.0,5.00047,14.4157,13.2857,0.002241,,13.2857,LS_only,0.005616,0,Very_Low
284307346,3216.0,4.96944,14.4157,13.3125,0.005533,,13.3125,LS_only,0.011527,1,Low
63583853,3541.0,4.85422,14.4172,4.5596,0.001068,,4.5596,LS_only,0.003004,0,Very_Low
366110181,3350.0,4.96068,14.4181,1.6235,0.052025,1.5833,1.6235,Match,0.043725,3,High
13461935,3316.0,5.00958,14.4204,6.5625,0.003129,,6.5625,LS_only,0.005575,1,Low
390666416,3395.0,4.95384,14.4232,13.2581,0.005002,13.0833,13.2581,Match,0.00724,3,High
338076177,3240.0,5.07963,14.4246,3.2972,0.004221,,3.2972,LS_only,0.012417,1,Low
354783582,3445.0,4.97488,14.4313,3.2609,0.001581,,3.2609,LS_only,0.004382,0,Very_Low
416049950,2857.0,5.17167,14.4338,1.414,0.001758,,1.414,LS_only,0.006117,0,Very_Low
285537371,3220.0,4.9502,14.434,13.3125,0.007301,,13.3125,LS_only,0.020268,1,Low
403434073,3052.0,5.01228,14.4355,1.1691,0.011322,1.1667,1.1691,Match,0.013417,3,High
280320042,3086.0,5.11233,14.436,6.5625,0.003561,,6.5625,LS_only,0.006164,1,Low
251297812,3356.0,4.97171,14.4477,2.2189,0.001744,,2.2189,LS_only,0.004979,0,Very_Low
434437274,3154.0,4.99326,14.4479,11.9663,0.003881,2.1667,11.9663,Match,0.009795,2,Medium
238722410,2855.0,5.0971,14.4493,0.8312,0.002433,,0.8312,LS_only,0.005625,1,Low
199617178,3256.0,5.0536,14.454,3.1274,0.001161,,3.1274,LS_only,0.003098,0,Very_Low
320524973,2811.0,5.26533,14.4588,0.5224,0.003289,1.0833,1.0833,Harmonic_Corrected,0.003832,2,Medium
259111032,3209.0,5.02776,14.4629,0.5709,0.00975,0.5833,0.5709,Match,0.009739,3,High
83800391,3455.0,5.14101,14.4653,1.0211,0.002477,,1.0211,LS_only,0.008133,1,Low
219875097,3093.0,5.08905,14.4668,8.264,0.001476,,8.264,LS_only,0.003288,0,Very_Low
312857975,3302.0,4.99345,14.4672,1.4536,0.007085,,1.4536,LS_only,0.022145,1,Low
309230766,2844.0,5.21526,14.4687,0.803,0.006861,0.75,0.803,Match,0.008017,3,High
286472432,3262.0,4.9684,14.4724,4.1457,0.02188,,4.1457,LS_only,0.03801,1,Low
305049785,3309.0,5.01074,14.4783,6.2389,0.002423,,6.2389,LS_only,0.005911,1,Low
422429539,3126.0,5.15191,14.4793,5.3939,0.001631,,5.3939,LS_only,0.005571,0,Very_Low
283142291,3208.0,5.07054,14.4802,6.6149,0.019702,,6.6149,LS_only,0.037231,1,Low
192933496,2899.0,5.20189,14.4806,1.0322,0.001893,,1.0322,LS_only,0.0061,0,Very_Low
417746517,3225.0,4.9833,14.481,6.2518,0.002115,,6.2518,LS_only,0.004611,0,Very_Low
229437412,3683.0,5.03942,14.4845,5.8861,0.002949,,5.8861,LS_only,0.006156,1,Low
219109815,3309.0,4.94425,14.4848,1.4388,0.001039,,1.4388,LS_only,0.002905,0,Very_Low
279263512,3140.0,5.0156,14.4852,6.9802,0.007615,0.5833,6.9802,Match,0.014953,2,Medium
46481054,2935.0,4.97368,14.5015,1.3926,0.006749,1.4167,1.3926,Match,0.006921,3,High
198210974,3479.0,4.78385,14.5019,2.1845,0.001186,,2.1845,LS_only,0.003454,0,Very_Low
275692107,3125.0,5.05233,14.5081,15.0,0.002849,,15.0,LS_only,0.004592,1,Low
81911818,3141.0,5.02154,14.5101,2.5746,0.001793,,2.5746,LS_only,0.005119,0,Very_Low
178046478,3402.0,5.0386,14.5133,0.8144,0.001706,,0.8144,LS_only,0.004761,0,Very_Low
229715183,3110.0,5.08232,14.5165,4.3125,0.002219,,4.3125,LS_only,0.003941,0,Very_Low
229671634,3533.0,5.08935,14.5176,8.8776,0.001521,,8.8776,LS_only,0.002621,0,Very_Low
312770047,3050.0,5.06542,14.5192,4.2323,0.071373,,4.2323,LS_only,0.180218,1,Low
312461969,3015.0,5.09024,14.5194,2.1494,0.003144,,2.1494,LS_only,0.007299,1,Low
251204314,3179.0,5.0197,14.5197,1.5763,0.001951,,1.5763,LS_only,0.004951,0,Very_Low
347310414,3142.0,5.03646,14.5205,0.619,0.003719,,0.619,LS_only,0.007765,1,Low
317029693,3284.0,4.98258,14.5207,1.3557,0.002431,,1.3557,LS_only,0.006683,1,Low
377203819,3253.0,5.00597,14.5246,4.743,0.002632,,4.743,LS_only,0.006004,1,Low
94449232,2862.0,5.20989,14.5261,8.4677,0.00485,,8.4677,LS_only,0.010334,1,Low
326724367,3204.0,5.02256,14.5262,4.2537,0.01319,0.5833,4.2537,Match,0.016241,2,Medium
427444999,3169.0,4.99423,14.527,4.743,0.002358,,4.743,LS_only,0.005596,1,Low
265347993,3124.0,5.01009,14.5312,4.3899,0.001956,,4.3899,LS_only,0.004858,0,Very_Low
384597830,3077.0,5.09592,14.5318,3.3079,0.003392,13.0,3.3079,Match,0.00652,2,Medium
441765151,3026.0,5.10382,14.5325,4.4348,0.001813,,4.4348,LS_only,0.0044,0,Very_Low
160618342,2989.0,5.11218,14.5338,1.437,0.016064,,1.437,LS_only,0.081858,1,Low
445273423,3185.0,4.99473,14.5368,2.2173,0.011096,13.0833,2.2173,Match,0.019086,2,Medium
444622723,2953.0,5.05355,14.537,13.3125,0.009882,13.3333,13.3125,Match,0.017783,3,High
229589737,3623.0,4.65596,14.5381,6.8729,0.002959,13.25,13.25,Harmonic_Corrected,0.005207,2,Medium
319919648,3513.0,5.08717,14.5398,5.64,0.016244,1.0,5.64,Match,0.024664,2,Medium
400741875,3490.0,4.98841,14.5406,6.9802,0.002203,,6.9802,LS_only,0.005268,0,Very_Low
397533245,3515.0,5.05741,14.542,4.4691,0.002076,,4.4691,LS_only,0.003876,0,Very_Low
298359764,3344.0,5.03384,14.5427,4.4008,0.005007,,4.4008,LS_only,0.007748,1,Low
428303368,3183.0,5.06402,14.55,5.3077,0.021348,5.6667,5.3077,Match,0.021502,3,High
245755991,3380.0,4.96878,14.5534,9.9057,0.002276,,9.9057,LS_only,0.005092,1,Low
359431230,2935.0,5.16781,14.5586,6.6279,0.012304,,6.6279,LS_only,0.022105,1,Low
233527651,3172.0,5.0544,14.5616,8.347,0.000999,,8.347,LS_only,0.00286,0,Very_Low
289269327,2985.0,5.18481,14.5635,9.0529,0.001796,,9.0529,LS_only,0.00717,0,Very_Low
12737138,3363.0,5.01752,14.5649,4.7315,0.002516,,4.7315,LS_only,0.005386,1,Low
390808647,2930.0,5.15108,14.5687,8.3878,0.011097,,8.3878,LS_only,0.020868,1,Low
353242438,3356.0,5.00699,14.5707,0.905,0.016525,0.8333,0.905,Match,0.019161,3,High
352200643,3172.0,5.00333,14.5715,6.5888,0.00777,13.25,13.25,Harmonic_Corrected,0.016849,2,Medium
470803660,3236.0,5.01078,14.5733,10.8673,0.07204,0.6667,10.8673,Match,0.07422,2,Medium
230084273,3277.0,5.06081,14.5736,1.2177,0.001052,,1.2177,LS_only,0.003029,0,Very_Low
236903940,2868.0,5.21042,14.5782,2.0916,0.010917,,2.0916,LS_only,0.019273,1,Low
444666164,3164.0,5.0352,14.5786,0.7133,0.011757,0.75,0.7133,Match,0.01759,3,High
139408899,2879.0,5.13383,14.5792,0.6277,0.001216,1.1667,1.1667,Harmonic_Corrected,0.004537,1,Low
359498749,3036.0,5.07586,14.5811,7.7863,0.001345,,7.7863,LS_only,0.003238,0,Very_Low
252139371,3346.0,5.02156,14.5815,2.2105,0.002915,,2.2105,LS_only,0.006821,1,Low
265201651,3264.0,4.98865,14.5871,10.814,0.005064,,10.814,LS_only,0.009474,1,Low
434265772,3226.0,5.0273,14.5909,1.7904,0.004165,,1.7904,LS_only,0.009411,1,Low
230075552,3158.0,5.06295,14.5925,15.0,0.002167,,15.0,LS_only,0.004116,0,Very_Low
285904347,3107.0,5.0326,14.5939,6.2389,0.012694,,6.2389,LS_only,0.026919,1,Low
470935234,3679.0,4.98423,14.5947,13.2637,0.005091,13.3333,13.2637,Match,0.007862,3,High
297772692,3146.0,5.04775,14.5958,0.8439,0.002617,,0.8439,LS_only,0.007927,1,Low
251255961,3203.0,5.02997,14.5978,9.0659,0.00658,1.25,9.0659,Match,0.009135,2,Medium
251467478,3141.0,5.03602,14.6041,6.1475,0.0163,0.9167,6.1475,Match,0.0224,2,Medium
198207255,3114.0,5.04646,14.6043,3.1319,0.000953,,3.1319,LS_only,0.002909,0,Very_Low
327582887,3383.0,5.01038,14.6056,4.5708,0.011843,0.6667,4.5708,Match,0.01801,2,Medium
312774120,3211.0,4.99583,14.6068,0.6366,0.005484,0.5833,0.6366,Match,0.012541,3,High
368406487,3164.0,5.00556,14.6168,0.9011,0.014881,0.9167,0.9011,Match,0.020526,3,High
338720240,2987.0,5.15157,14.6179,5.9497,0.005288,,5.9497,LS_only,0.012008,1,Low
368515159,3098.0,5.05884,14.6181,6.6279,0.029537,6.5,6.6279,Match,0.032874,3,High
264915181,3427.0,5.02437,14.6186,3.4634,0.002961,,3.4634,LS_only,0.008047,1,Low
184681082,2840.0,5.21569,14.6269,5.9371,0.001833,0.8333,5.9371,Match,0.004855,1,Low
348611539,3215.0,4.99233,14.6271,3.8108,0.004496,,3.8108,LS_only,0.008635,1,Low
368407182,3160.0,5.03249,14.6348,11.9663,0.003522,,11.9663,LS_only,0.00858,1,Low
389900806,3154.0,5.06075,14.6412,2.1429,0.011909,13.1667,2.1429,Match,0.021489,2,Medium
230113327,3073.0,5.07912,14.6434,8.278,0.006742,1.0833,8.278,Match,0.008455,2,Medium
362104094,2985.0,5.1349,14.657,1.0847,0.000928,,1.0847,LS_only,0.003048,0,Very_Low
199710127,3300.0,4.96389,14.6605,5.2953,0.001702,,5.2953,LS_only,0.004243,0,Very_Low
237238448,3517.0,5.04713,14.6607,6.213,0.002034,,6.213,LS_only,0.005132,0,Very_Low
396561744,3279.0,5.02142,14.6621,3.3732,0.002558,,3.3732,LS_only,0.005677,1,Low
245421075,3221.0,5.00637,14.6647,2.2601,0.003735,,2.2601,LS_only,0.007441,1,Low
82971339,3191.0,5.05492,14.6665,7.0197,0.004881,,7.0197,LS_only,0.012601,1,Low
470724556,3163.0,5.08613,14.673,4.582,0.006476,,4.582,LS_only,0.010592,1,Low
12105839,3061.0,5.05561,14.6746,6.5888,0.007179,13.25,13.25,Harmonic_Corrected,0.009578,2,Medium
272785441,3915.0,4.74015,14.6763,3.0913,0.001682,6.3333,6.3333,Harmonic_Corrected,0.004006,1,Low
264617292,3358.0,5.00923,14.6763,6.9802,0.024733,7.5,6.9802,Match,0.034697,3,High
376300648,3040.0,5.06635,14.6818,6.9403,0.00255,,6.9403,LS_only,0.006219,1,Low
302311523,3087.0,5.09841,14.6877,1.7471,0.002467,,1.7471,LS_only,0.007604,1,Low
441723800,3350.0,5.07821,14.6887,1.5569,0.000798,,1.5569,LS_only,0.003037,0,Very_Low
392123289,3063.0,5.09047,14.6922,2.2669,0.015638,9.0,2.2669,Match,0.026341,2,Medium
245620630,3271.0,4.99096,14.6925,7.4211,0.004891,,7.4211,LS_only,0.01191,1,Low
272134512,3119.0,5.09042,14.6937,4.4118,0.005957,,4.4118,LS_only,0.011292,1,Low
377165441,3080.0,5.1122,14.6959,4.4805,0.001635,,4.4805,LS_only,0.004634,0,Very_Low
354286485,3191.0,5.04922,14.703,6.9934,0.004947,7.5833,6.9934,Match,0.00945,3,High
233609495,3111.0,5.10151,14.7101,0.8147,0.000872,,0.8147,LS_only,0.002722,0,Very_Low
470937126,3141.0,5.02322,14.7113,0.9961,0.011365,1.0,0.9961,Match,0.015116,3,High
68000319,3531.0,4.77654,14.7114,4.3789,0.001329,,4.3789,LS_only,0.003552,0,Very_Low
219798074,3060.0,5.1379,14.7196,0.6274,0.001062,,0.6274,LS_only,0.003454,0,Very_Low
13701774,3413.0,5.10719,14.7267,7.381,0.003184,,7.381,LS_only,0.007191,1,Low
160603678,3006.0,5.11726,14.73,2.2347,0.003873,0.5833,2.2347,Match,0.009989,2,Medium
117178935,3130.0,5.03833,14.732,6.9669,0.004632,,6.9669,LS_only,0.009993,1,Low
402210348,3200.0,4.98411,14.7331,4.3789,0.003111,,4.3789,LS_only,0.005629,1,Low
353686607,3091.0,5.10226,14.7338,6.5757,0.004284,,6.5757,LS_only,0.008623,1,Low
420299203,3275.0,5.03108,14.7339,9.9533,0.030693,10.25,9.9533,Match,0.029427,3,High
12906363,3080.0,5.09003,14.739,9.9057,0.00296,,9.9057,LS_only,0.008135,1,Low
219108912,3336.0,4.93794,14.7419,4.4691,0.001056,,4.4691,LS_only,0.003615,0,Very_Low
230073280,3126.0,5.03205,14.7439,4.377,0.003267,4.1667,4.377,Match,0.005891,3,High
312459728,3245.0,5.02793,14.7487,3.0343,0.009007,,3.0343,LS_only,0.019778,1,Low
387959100,2835.0,5.11678,14.7495,3.3825,0.002267,,3.3825,LS_only,0.006566,1,Low
230051393,3127.0,5.15292,14.7528,6.1475,0.004585,12.9167,12.9167,Harmonic_Corrected,0.007149,2,Medium
200771597,3746.0,4.22709,14.7558,2.9161,0.118285,9.3333,2.9161,Match,0.189174,2,Medium
258804174,3020.0,5.13377,14.7741,4.4691,0.001675,1.4167,4.4691,Match,0.006678,1,Low
252130979,3327.0,5.04266,14.7834,4.9183,0.005485,5.25,4.9183,Match,0.007576,3,High
229683574,2988.0,5.13695,14.7884,1.2684,0.003106,,1.2684,LS_only,0.016462,1,Low
26624429,3713.0,4.2354,14.7918,3.0795,0.033969,,3.0795,LS_only,0.056435,1,Low
252822137,2988.0,5.09461,14.7997,5.64,0.0031,,5.64,LS_only,0.010874,1,Low
280410605,3271.0,5.05196,14.8001,1.3248,0.003599,,1.3248,LS_only,0.013573,1,Low
311233247,3387.0,4.88494,14.8089,4.4845,0.003352,,4.4845,LS_only,0.00532,1,Low
470911247,3045.0,5.08784,14.8136,1.0424,0.002371,,1.0424,LS_only,0.007348,1,Low
279344990,3002.0,5.10214,14.8137,3.8108,0.004035,,3.8108,LS_only,0.01109,1,Low
354785868,3079.0,5.07138,14.8171,6.5757,0.006741,13.0833,13.0833,Harmonic_Corrected,0.011936,2,Medium
259129897,2847.0,5.18103,14.8273,7.3404,0.00459,,7.3404,LS_only,0.006501,1,Low
338158386,3128.0,5.08848,14.8297,1.5751,0.00188,,1.5751,LS_only,0.006286,0,Very_Low
280187654,3302.0,5.0666,14.8332,6.5493,0.008617,,6.5493,LS_only,0.015141,1,Low
83627107,2903.0,5.17734,14.8341,6.6149,0.01843,,6.6149,LS_only,0.043344,1,Low
82489682,3637.0,5.12719,14.8406,6.5361,0.069612,13.1667,13.1667,Harmonic_Corrected,0.083278,2,Medium
233721941,2921.0,5.1678,14.8409,4.3125,0.00273,3.75,4.3125,Match,0.00518,2,Medium
289043429,3543.0,5.03155,14.8437,11.9231,0.002541,,11.9231,LS_only,0.005785,1,Low
251405593,3142.0,5.06679,14.8439,3.4063,0.002409,,3.4063,LS_only,0.006497,1,Low
301996561,3157.0,5.03806,14.8472,6.2,0.002896,0.75,6.2,Match,0.009542,2,Medium
284480426,2932.0,5.17556,14.854,1.4396,0.003038,,1.4396,LS_only,0.008907,1,Low
230132951,3029.0,5.11991,14.8636,4.1658,0.001816,,4.1658,LS_only,0.004547,0,Very_Low
270921975,2878.0,5.17599,14.8868,2.2441,0.007468,,2.2441,LS_only,0.021619,1,Low
403917493,2944.0,5.14124,14.894,2.3115,0.005783,,2.3115,LS_only,0.017065,1,Low
251409477,3101.0,5.0653,14.8988,6.1869,0.005191,,6.1869,LS_only,0.007942,1,Low
353883325,3507.0,5.0194,14.9006,7.9213,0.003965,,7.9213,LS_only,0.008203,1,Low
12824209,3446.0,5.13574,14.9063,0.5351,0.026993,1.0833,1.0833,Harmonic_Corrected,0.028531,2,Medium
321600640,3311.0,4.84237,14.9078,1.7659,0.001998,,1.7659,LS_only,0.004076,0,Very_Low
356014270,3109.0,5.11564,14.9079,1.8857,0.001406,,1.8857,LS_only,0.004214,0,Very_Low
11154973,2937.0,5.15688,14.9177,10.8462,0.005594,1.5833,10.8462,Match,0.017529,2,Medium
312855416,3379.0,5.01512,14.9201,6.5757,0.191784,,6.5757,LS_only,0.365522,1,Low
246971037,3351.0,5.08527,14.9286,2.6285,0.002565,,2.6285,LS_only,0.0074,1,Low
357668801,3130.0,5.1185,14.9511,2.0674,0.003247,,2.0674,LS_only,0.009385,1,Low
52528290,3119.0,5.09269,14.9529,6.5888,0.004136,13.0833,13.0833,Harmonic_Corrected,0.008479,2,Medium
316522077,3181.0,5.08236,14.9555,3.2517,0.008699,,3.2517,LS_only,0.016031,1,Low
334754479,2824.0,5.16241,14.9571,1.0847,0.001563,,1.0847,LS_only,0.005241,0,Very_Low
224608202,2822.0,5.24285,14.9587,0.7269,0.001474,,0.7269,LS_only,0.004845,0,Very_Low
367681861,2906.0,5.15954,14.9599,8.2359,0.002149,,8.2359,LS_only,0.006117,0,Very_Low
272787101,2992.0,5.15262,14.9618,6.4286,0.010291,13.0,13.0,Harmonic_Corrected,0.012162,2,Medium
370061184,2978.0,5.11988,14.9642,11.9577,0.005156,,11.9577,LS_only,0.011694,1,Low
230076139,2929.0,5.1269,14.9647,3.1319,0.001498,,3.1319,LS_only,0.0043,0,Very_Low
219766348,2970.0,5.15084,14.9668,0.5492,0.004893,1.6667,0.5492,Match,0.006943,2,Medium
329171124,2871.0,5.19628,14.9816,1.0907,0.002013,2.0833,2.0833,Harmonic_Corrected,0.00641,1,Low
51024887,2990.0,5.13581,14.9885,2.5107,0.012906,2.5,2.5107,Match,0.016812,3,High
470768963,2832.0,5.21946,14.9894,2.0801,0.059622,2.1667,2.0801,Match,0.078091,3,High
338159501,3006.0,5.11597,14.9967,6.9934,0.017791,13.0,13.0,Harmonic_Corrected,0.026165,2,Medium
237099339,2887.0,5.17802,15.0092,6.8044,0.004221,13.1667,13.1667,Harmonic_Corrected,0.00617,2,Medium
269608187,3122.0,5.11104,15.0103,0.5055,0.003951,,0.5055,LS_only,0.012246,1,Low
384832770,3142.0,5.07471,15.0119,15.0,0.007397,0.8333,15.0,Match,0.010966,2,Medium
445423872,2821.0,5.23581,15.0217,4.3789,0.02033,12.9167,4.3789,Match,0.036595,2,Medium
359496280,2808.0,5.23529,15.0309,2.6336,0.00342,,2.6336,LS_only,0.009067,1,Low
306189607,3140.0,5.13744,15.0495,4.5259,0.005768,,4.5259,LS_only,0.013658,1,Low
229750872,2813.0,5.25146,15.0504,0.8477,0.003421,3.3333,0.8477,Match,0.005802,2,Medium
419259563,2919.0,5.21951,15.0805,0.852,0.026127,0.8333,0.852,Match,0.041511,3,High
249893021,2919.0,5.14816,15.0894,5.9244,0.012757,,5.9244,LS_only,0.019346,1,Low
302090455,2805.0,5.24737,15.0956,9.1558,0.019496,,9.1558,LS_only,0.050731,1,Low
269929981,2856.0,5.15141,15.1016,1.5241,0.010511,4.5,1.5241,Match,0.015012,2,Medium
232616354,2972.0,5.1045,15.1028,1.2462,0.001863,1.5833,1.2462,Match,0.006698,1,Low
370605464,2931.0,5.12894,15.103,0.5784,0.013201,0.5833,0.5784,Match,0.019541,3,High
398106005,3138.0,5.14206,15.1375,1.4905,0.012222,,1.4905,LS_only,0.033388,1,Low
312472476,3084.0,5.18478,15.1492,6.2389,0.005453,,6.2389,LS_only,0.013954,1,Low
441728987,2932.0,5.1862,15.1599,9.6,0.003774,0.6667,9.6,Match,0.006498,2,Medium
280409160,3009.0,5.15069,15.169,6.2,0.006994,,6.2,LS_only,0.015329,1,Low
417461340,2966.0,5.16425,15.1694,6.5625,0.057055,13.1667,13.1667,Harmonic_Corrected,0.068789,2,Medium
237103367,2928.0,5.17997,15.1698,7.7308,0.005781,,7.7308,LS_only,0.010032,1,Low
387627241,2822.0,5.25311,15.1776,6.226,0.003554,0.9167,6.226,Match,0.008183,2,Medium
423458247,2984.0,5.17802,15.1795,3.0086,0.009416,,3.0086,LS_only,0.021663,1,Low
470803985,2831.0,5.19856,15.1813,11.9577,0.017781,,11.9577,LS_only,0.025031,1,Low
365886427,2849.0,5.20972,15.2194,0.6965,0.004936,,0.6965,LS_only,0.021517,1,Low
53713778,3110.0,5.12986,15.2198,0.7791,0.325985,,0.7791,LS_only,1.055053,1,Low
384836230,3036.0,5.1387,15.2308,4.4919,0.013241,4.5,4.4919,Match,0.015964,3,High
428474950,2822.0,5.232,15.233,11.9663,0.020068,,11.9663,LS_only,0.040123,1,Low
470761438,3069.0,5.18652,15.2347,1.6512,0.00774,,1.6512,LS_only,0.0245,1,Low
377065713,2774.0,5.27177,15.236,5.6525,0.006496,1.5,5.6525,Match,0.01883,2,Medium
385335653,2896.0,5.15343,15.2394,3.3079,0.006048,,3.3079,LS_only,0.011112,1,Low
252101033,2948.0,5.18507,15.247,2.3253,0.009828,8.9167,2.3253,Match,0.019359,2,Medium
219882756,2858.0,5.19512,15.2486,2.2799,0.001577,,2.2799,LS_only,0.004655,0,Very_Low
327578791,3060.0,5.13596,15.3071,15.0,0.168142,13.0833,15.0,Match,0.237368,2,Medium
233048546,2825.0,5.24968,15.3171,0.5655,0.001389,,0.5655,LS_only,0.004467,0,Very_Low
377149892,2929.0,5.18238,15.3711,4.4008,0.013336,,4.4008,LS_only,0.057403,1,Low
251686115,2809.0,5.18078,15.4366,4.3014,0.006525,,4.3014,LS_only,0.012284,1,Low
336121627,3494.0,4.02194,15.465,3.0172,0.018691,,3.0172,LS_only,0.032029,1,Low
353375969,2796.0,5.25678,15.5025,4.5371,0.014162,4.5833,4.5371,Match,0.020257,3,High
358901659,2818.0,5.22897,15.5193,1.3464,0.027535,,1.3464,LS_only,0.0764,1,Low
312337492,2803.0,5.24186,15.5544,1.302,0.103524,1.3333,1.302,Match,0.152788,3,High
249920364,2851.0,5.20243,15.5627,4.697,0.00663,,4.697,LS_only,0.016456,1,Low
398023493,3223.0,5.0633,15.7762,2.224,0.027482,,2.224,LS_only,0.063695,1,Low
116052911,2832.0,5.26789,15.8655,6.9403,0.007861,0.5833,6.9403,Match,0.019759,2,Medium
353076673,3664.0,4.89042,16.0763,6.5888,0.0631,,6.5888,LS_only,0.086709,1,Low
402936169,3793.0,4.80906,16.1337,0.6401,0.003992,,0.6401,LS_only,0.013338,1,Low
90650303,3636.0,4.21963,16.3367,4.763,0.246985,4.8333,4.763,Match,0.255611,3,High
233688182,3632.0,4.57471,16.7312,0.5683,0.007538,,0.5683,LS_only,0.023715,1,Low
63676260,3194.0,5.19009,16.884,4.2216,0.013208,,4.2216,LS_only,0.034655,1,Low
73486289,3832.0,4.53616,16.9695,10.8568,0.017465,,10.8568,LS_only,0.056934,1,Low
250713306,3669.0,4.67108,17.8899,11.9405,0.033794,,11.9405,LS_only,0.106426,1,Low
115917299,3491.0,4.62838,18.0697,9.8815,18.230176,,9.8815,LS_only,44.807774,1,Low
